age,policy_bind_date,policy_csl,policy_deductable,policy_annual_premium,umbrella_limit,capital_gains,capital_loss,incident_date,authorities_contacted,number_of_vehicles_involved,bodily_injuries,witnesses,injury_claim,property_claim,vehicle_claim,auto_year,fraud_reported,police_report_available_encoded,insured_sex_encoded,property_damage_encoded,policy_csl_encoded,insured_education_level_encoded,insured_occupation_encoded,insured_hobbies_encoded,insured_relationship_encoded,incident_type_encoded,collision_type_encoded,incident_state_encoded,incident_severity_encoded
0.9909213926982189,2014-10-17,250/500,-0.2195411888909527,0.6149349321189265,-0.48054771093571935,1.011330643263252,0.9538505081700629,2015-01-25,Police,-0.8238649762007128,0.009759465477002306,0.461837853772224,-0.18946904819366447,1.165846340108718,0.7496527191568344,-0.1834403993553725,1,-1.4147801864822238,1.0769527444706675,0.2918125783627955,0.7578206403856677,0.9491431001081818,0.877629967425337,-0.2986569288656468,-1.2987279697173422,0.5885544318738691,0.08671477239350854,0.8830942100667314,1.6152057698578444
0.33315744135522607,2006-06-27,250/500,1.4188258923848136,-0.24523985638922036,1.6978190657447854,-0.9019267788874382,0.9538505081700629,2015-01-21,Police,-0.8238649762007128,-1.2101737191482849,-1.3386995878348875,-1.364054563724177,-1.372379991873507,-1.8233459324942756,0.3154908772231269,1,0.9971218684273209,1.0769527444706675,1.0119672581156953,0.7578206403856677,0.9491431001081818,-0.18218099784304848,0.14810943050938574,1.4777448606394794,-2.199388964623129,-2.057009655154806,-0.3588522192050495,-0.6299623058706817
-1.0919977865545918,2000-09-06,100/300,1.4188258923848136,0.6404911767295697,1.6978190657447854,0.35802323082155296,0.9538505081700629,2015-02-22,Police,1.1400563019893057,1.2296926501022896,1.3621065745757797,0.05446755974373692,-0.7357496945544357,-0.785564512155687,0.3154908772231269,0,0.298041334358157,-0.9285458485845719,-1.3385668981870218,0.5457165052879057,1.0750375053644652,0.5115267965346528,0.20499583030558555,-1.0702878146273995,0.3406724586011453,0.846356037103883,-0.4966602910963925,-0.6299623058706817
0.2235301161313939,1990-05-25,250/500,1.4188258923848136,0.6511567041754236,2.133492421080886,0.8533881919037205,-1.2675773539696165,2015-01-10,Police,-0.8238649762007128,0.009759465477002306,0.461837853772224,-0.22431713504186468,-0.21939482799922821,0.6776066379082136,1.4796638559062922,1,0.298041334358157,-0.9285458485845719,1.0119672581156953,0.7578206403856677,1.0750375053644652,-0.010873920661118891,0.14810943050938574,-0.18525772913946104,0.5885544318738691,0.3743247189079271,3.415890619557508,1.6152057698578444
0.5524120918028903,2014-06-06,500/1000,-0.2195411888909527,1.3410112236251592,2.133492421080886,1.4672099915055368,-0.6837405440482903,2015-02-17,Police,-0.8238649762007128,-1.2101737191482849,-0.4384308670313317,-1.2574604157179177,-1.3993382780792005,-1.7682518703629773,0.6481117282754599,0,0.298041334358157,1.0769527444706675,-1.3385668981870218,-1.5215003504028333,-0.703459734131903,0.5115267965346528,0.14810943050938574,-0.18525772913946104,-2.199388964623129,-2.057009655154806,-0.4966602910963925,-0.6299623058706817
0.0042754656837296155,2006-10-12,250/500,-0.2195411888909527,0.3859952833677232,-0.48054771093571935,-0.9019267788874382,0.9538505081700629,2015-01-02,Fire,1.1400563019893057,-1.2101737191482849,0.461837853772224,-0.20996792281025284,-0.20487882773462399,0.7072726713635281,-0.349750824881539,1,0.298041334358157,-0.9285458485845719,-1.3385668981870218,0.7578206403856677,1.0750375053644652,0.6116045429450133,-0.49673854432325054,-0.18525772913946104,0.3406724586011453,0.846356037103883,0.8830942100667314,1.6152057698578444
-0.5438611604354311,2000-06-04,250/500,-0.2195411888909527,0.3131825479200643,-0.48054771093571935,-0.9019267788874382,-1.7873345140215287,2015-01-13,Police,1.1400563019893057,-1.2101737191482849,-1.3386995878348875,2.8730628195246353,-0.051423967794522144,0.6421133478813196,1.1470430048539593,0,0.9971218684273209,1.0769527444706675,1.0119672581156953,0.7578206403856677,0.6889613292451924,-0.6148153417848631,0.20499583030558555,-1.2987279697173422,0.3406724586011453,0.3743247189079271,-0.4966602910963925,-0.6299623058706817
-0.21497918476393468,1990-02-03,100/300,-0.2195411888909527,-0.49214681676074684,-0.48054771093571935,-0.9019267788874382,0.9538505081700629,2015-02-27,Police,1.1400563019893057,1.2296926501022896,0.461837853772224,0.39884865330242125,0.41101432634929824,-0.2701171808695989,1.6459742814324587,0,-1.4147801864822238,1.0769527444706675,1.0119672581156953,0.5457165052879057,-0.703459734131903,0.6116045429450133,0.10538658331550528,-0.18525772913946104,0.3406724586011453,0.3743247189079271,-0.3588522192050495,-0.5342117343357785
-0.6534884856592632,1997-02-05,100/300,-1.038724729528836,0.7629396360598577,-0.48054771093571935,-0.9019267788874382,0.9538505081700629,2015-01-30,Police,-0.8238649762007128,0.009759465477002306,-0.4384308670313317,-0.9561269588540688,-0.9597108414940438,-0.835361068312822,1.1470430048539593,0,-1.4147801864822238,-0.9285458485845719,-1.3385668981870218,0.5457165052879057,1.0750375053644652,-1.360764497328115,-0.7939293501156832,-1.0702878146273995,0.5885544318738691,0.3743247189079271,-1.2086686625349987,-0.5342117343357785
0.33315744135522607,2011-07-25,100/300,-1.038724729528836,0.24069798254766303,-0.48054771093571935,-0.9019267788874382,-0.44522184731213893,2015-01-05,Other,-0.8238649762007128,1.2296926501022896,-0.4384308670313317,-0.5604986787539137,-0.5594839770556701,-0.2664089266876846,-1.5139238035647045,0,0.9971218684273209,1.0769527444706675,-1.3385668981870218,0.5457165052879057,1.0750375053644652,-1.360764497328115,-0.8986003257406907,0.7570369184318504,0.5885544318738691,0.846356037103883,1.1294749572214562,-0.5342117343357785
0.33315744135522607,2002-05-26,100/300,-1.038724729528836,-0.015931016303354174,1.2621457104086844,0.47648006934120174,0.9538505081700629,2015-01-06,Police,-0.8238649762007128,1.2296926501022896,0.461837853772224,0.09751519643857245,1.7464863506928872,1.3429733882631227,-0.5160612504077055,0,0.9971218684273209,-0.9285458485845719,0.2918125783627955,0.5457165052879057,-1.305159096390018,2.11865766535986,-0.7525478016127732,1.4777448606394794,0.5885544318738691,0.3743247189079271,-0.4966602910963925,-0.5342117343357785
2.416076620608037,1999-05-29,100/300,1.4188258923848136,0.0033899968774050494,-0.48054771093571935,-0.9019267788874382,-0.8617395714633288,2015-02-15,Fire,1.1400563019893057,0.009759465477002306,0.461837853772224,2.100255246479254,2.1321972148666566,2.2054073608569063,0.14918045169696045,0,-1.4147801864822238,-0.9285458485845719,0.2918125783627955,0.5457165052879057,-1.23638377514092,2.11865766535986,-0.12958907625083857,1.4777448606394794,0.3406724586011453,0.3743247189079271,-0.4966602910963925,1.6152057698578444
-1.7497617378975847,1997-11-20,500/1000,-1.038724729528836,-0.17082729182468379,0.8264723550725834,-0.9019267788874382,0.9538505081700629,2015-01-22,Ambulance,-0.8238649762007128,0.009759465477002306,-1.3386995878348875,-0.5584487912922548,0.4193091836433578,0.2363243902604116,-0.8486821014600384,0,0.298041334358157,1.0769527444706675,0.2918125783627955,-1.5215003504028333,0.9491431001081818,-0.4323437137277715,0.14810943050938574,0.7570369184318504,0.5885544318738691,0.846356037103883,0.8830942100667314,-0.5342117343357785
-0.5438611604354311,2012-10-26,100/300,-0.2195411888909527,-1.314294897798482,-0.48054771093571935,0.9933826374269418,-0.213823111672589,2015-01-08,Police,-0.8238649762007128,0.009759465477002306,-0.4384308670313317,-1.2943583900277766,-1.3018737048740006,-1.7422940910895772,0.8144221538016264,0,0.298041334358157,-0.9285458485845719,-1.3385668981870218,0.5457165052879057,0.9491431001081818,-0.010873920661118891,-0.49673854432325054,0.7570369184318504,-2.061745637196139,-2.057009655154806,0.8830942100667314,-0.6299623058706817
-0.10535185954010252,1998-12-28,250/500,1.4188258923848136,0.18101205011028645,-0.48054771093571935,0.5805785031918022,-1.0219386961368633,2015-01-15,Police,-0.8238649762007128,-1.2101737191482849,0.461837853772224,-0.6629930518368554,0.20779032264483907,-0.2293263848685416,-0.349750824881539,1,-1.4147801864822238,-0.9285458485845719,-1.3385668981870218,0.7578206403856677,0.8595723265323993,-0.18218099784304848,0.20499583030558555,0.36704713820288415,0.5885544318738691,0.846356037103883,0.8830942100667314,-0.5342117343357785
2.0871946449365404,1992-10-19,100/300,1.4188258923848136,-0.5152417858069616,-0.48054771093571935,1.0974810712775422,0.9538505081700629,2015-01-29,Other,2.1220169410843153,-1.2101737191482849,-1.3386995878348875,0.6325358239315284,0.6474177592299957,0.21990212174050539,-1.014992526986205,1,0.298041334358157,-0.9285458485845719,0.2918125783627955,0.5457165052879057,0.9491431001081818,0.779381941338854,-0.47991642324066014,1.4777448606394794,0.3406724586011453,0.08671477239350854,-1.2086686625349987,1.6152057698578444
-1.4208797622260882,2005-06-08,500/1000,-0.2195411888909527,-0.23613313680083697,1.6978190657447854,1.3810595634912468,0.9538505081700629,2015-02-22,Other,1.1400563019893057,0.009759465477002306,0.461837853772224,-0.3370609454331006,-0.33344911579254716,0.1377907791409744,1.1470430048539593,0,-1.4147801864822238,1.0769527444706675,1.0119672581156953,-1.5215003504028333,0.8595723265323993,-0.18218099784304848,-0.09343897477909328,-1.0702878146273995,0.3406724586011453,0.846356037103883,-0.4966602910963925,1.6152057698578444
-0.8727431361069276,2004-11-15,500/1000,-1.038724729528836,-2.2494565485028657,2.133492421080886,1.0185098455977764,0.9538505081700629,2015-01-06,Police,-0.8238649762007128,-1.2101737191482849,0.461837853772224,1.3786948599753446,-0.06593996805912637,0.9912189915786804,1.6459742814324587,0,-1.4147801864822238,1.0769527444706675,-1.3385668981870218,-1.5215003504028333,-1.23638377514092,-0.18218099784304848,0.14810943050938574,-0.18525772913946104,0.5885544318738691,0.08671477239350854,-1.2086686625349987,-0.5342117343357785
-0.21497918476393468,2014-12-28,500/1000,-1.038724729528836,0.4808364351170124,-0.48054771093571935,0.7313417522168096,-0.3918221390876274,2015-01-19,Other,-0.8238649762007128,0.009759465477002306,-1.3386995878348875,-0.16487039865375844,1.2156154838730755,0.8005087765088019,1.6459742814324587,0,0.298041334358157,-0.9285458485845719,0.2918125783627955,-1.5215003504028333,0.9491431001081818,0.877629967425337,0.31597797632307734,1.4777448606394794,0.5885544318738691,0.08671477239350854,-0.4966602910963925,-0.5342117343357785
0.0042754656837296155,1992-08-02,500/1000,1.4188258923848136,0.8972432393588072,-0.48054771093571935,1.1441458864519491,-0.01802418151604676,2015-02-22,Police,1.1400563019893057,1.2296926501022896,-1.3386995878348875,-0.28581375889162974,-0.2816062577046749,0.5504664945282947,1.4796638559062922,0,0.298041334358157,-0.9285458485845719,1.0119672581156953,-1.5215003504028333,-1.23638377514092,-0.7554705550788714,-0.8986003257406907,-1.0702878146273995,0.3406724586011453,0.08671477239350854,-0.3588522192050495,1.6152057698578444
2.525703945831869,2002-06-25,250/500,-0.2195411888909527,-0.28322554260022437,1.2621457104086844,-0.9019267788874382,0.9538505081700629,2015-01-01,Police,1.1400563019893057,0.009759465477002306,-1.3386995878348875,-1.523945785733566,-0.44750340358586604,0.21142611218184412,0.9807325793277929,0,0.9971218684273209,1.0769527444706675,-1.3385668981870218,0.7578206403856677,0.6889613292451924,-1.360764497328115,-0.49673854432325054,-1.0702878146273995,0.3406724586011453,0.846356037103883,-0.4966602910963925,-0.6299623058706817
0.2235301161313939,2005-11-27,500/1000,1.4188258923848136,-1.5664115581147142,-0.48054771093571935,0.7744169662239546,0.9538505081700629,2015-02-10,Police,1.1400563019893057,0.009759465477002306,0.461837853772224,-1.523945785733566,-0.5532628340851254,-0.2552841641419417,-1.5139238035647045,0,0.9971218684273209,-0.9285458485845719,1.0119672581156953,-1.5215003504028333,-0.703459734131903,-0.18218099784304848,-0.12958907625083857,-1.0702878146273995,0.3406724586011453,0.08671477239350854,0.8830942100667314,-0.5342117343357785
1.758312669265044,1994-05-27,100/300,1.4188258923848136,0.0033899968774050494,-0.48054771093571935,1.7077132697120962,-1.474056225771061,2015-01-11,Ambulance,1.1400563019893057,-1.2101737191482849,-1.3386995878348875,2.141252995712431,-0.298195972292794,0.5165624562936496,-0.8486821014600384,1,-1.4147801864822238,1.0769527444706675,-1.3385668981870218,0.5457165052879057,-1.23638377514092,-0.6148153417848631,-0.10897717628887865,1.4777448606394794,0.3406724586011453,0.846356037103883,0.8830942100667314,1.6152057698578444
1.758312669265044,1991-02-08,100/300,1.4188258923848136,0.04834929718762165,-0.48054771093571935,-0.9019267788874382,-0.1497434618031752,2015-01-19,Ambulance,-0.8238649762007128,1.2296926501022896,0.461837853772224,0.152862157903361,1.8584669241626912,1.8907355059916071,0.9807325793277929,1,0.9971218684273209,1.0769527444706675,1.0119672581156953,0.5457165052879057,0.9491431001081818,-1.360764497328115,3.3337478190965757,-1.0702878146273995,0.5885544318738691,0.3743247189079271,-1.2086686625349987,-0.5342117343357785
0.11390279090756175,1996-02-02,100/300,-0.2195411888909527,-1.5329382104384948,-0.48054771093571935,-0.9019267788874382,-0.9507390851708479,2015-02-24,Other,-0.8238649762007128,0.009759465477002306,1.3621065745757797,-0.07262546287911087,1.4022497729894154,0.9912189915786804,-0.017129973829206037,0,0.298041334358157,1.0769527444706675,-1.3385668981870218,0.5457165052879057,0.8595723265323993,0.877629967425337,-0.8889085687383753,-1.2987279697173422,0.5885544318738691,0.846356037103883,-0.3588522192050495,-0.6299623058706817
-0.434233835211599,2013-12-05,100/300,1.4188258923848136,0.04067832167848845,-0.48054771093571935,-0.9019267788874382,0.9538505081700629,2015-01-09,Other,1.1400563019893057,0.009759465477002306,1.3621065745757797,1.8583685260035117,0.7469560467587104,0.32161423644444054,0.14918045169696045,1,-1.4147801864822238,1.0769527444706675,-1.3385668981870218,0.5457165052879057,-1.305159096390018,0.5115267965346528,0.17037985085513224,-1.0702878146273995,0.3406724586011453,0.846356037103883,3.415890619557508,1.6152057698578444
0.4427847665790582,1990-09-20,100/300,1.4188258923848136,0.26703363108704103,-0.48054771093571935,-0.9019267788874382,-0.08566381193376135,2015-01-28,Police,-0.8238649762007128,0.009759465477002306,1.3621065745757797,-1.1877642420215173,-1.3640851345794474,-1.661772000282295,-0.017129973829206037,0,-1.4147801864822238,1.0769527444706675,0.2918125783627955,0.5457165052879057,-1.23638377514092,-0.6148153417848631,-0.7939293501156832,-1.0702878146273995,-2.061745637196139,-2.057009655154806,0.3577497546299348,-0.6299623058706817
-0.5438611604354311,2002-07-18,100/300,-1.038724729528836,-1.6774971285892268,0.8264723550725834,0.21084958296380757,-0.12126361741676904,2015-01-07,Police,-0.8238649762007128,1.2296926501022896,-0.4384308670313317,-1.3107574897210474,-1.426296564284894,-1.7889121436622142,-0.349750824881539,1,0.9971218684273209,1.0769527444706675,0.2918125783627955,0.5457165052879057,0.6889613292451924,2.11865766535986,3.3337478190965757,0.36704713820288415,-2.199388964623129,-2.057009655154806,-0.3588522192050495,-0.6299623058706817
0.11390279090756175,1990-02-08,100/300,1.4188258923848136,0.14232900248936092,-0.48054771093571935,-0.9019267788874382,-1.0254986766851641,2015-01-08,Other,-0.8238649762007128,0.009759465477002306,-1.3386995878348875,0.06676688451368994,1.6842749209874406,0.4572303893830208,0.6481117282754599,0,-1.4147801864822238,-0.9285458485845719,-1.3385668981870218,0.5457165052879057,0.6889613292451924,0.5115267965346528,-0.8889085687383753,0.36704713820288415,0.5885544318738691,0.08671477239350854,0.8830942100667314,-0.6299623058706817
0.6620394170267224,2014-03-04,500/1000,1.4188258923848136,-0.6255889736121465,-0.48054771093571935,-0.9019267788874382,0.9538505081700629,2015-02-15,Police,-0.8238649762007128,1.2296926501022896,0.461837853772224,1.3663955352053914,1.3898074870483261,1.3519791484192005,0.9807325793277929,0,0.298041334358157,-0.9285458485845719,-1.3385668981870218,-1.5215003504028333,1.0750375053644652,-0.18218099784304848,-0.4060310286818311,-0.18525772913946104,0.5885544318738691,0.846356037103883,0.8830942100667314,-0.6299623058706817
-1.5305070874499205,2000-02-18,250/500,-0.2195411888909527,-1.242302587538966,-0.48054771093571935,1.00774104209599,0.9538505081700629,2015-01-18,Ambulance,2.1220169410843153,-1.2101737191482849,-1.3386995878348875,1.0589124159565662,1.0787503385210928,0.6606546187908912,-0.017129973829206037,0,0.9971218684273209,1.0769527444706675,-1.3385668981870218,0.7578206403856677,-1.305159096390018,-0.6148153417848631,-0.2705744719906447,-1.2987279697173422,0.3406724586011453,0.08671477239350854,0.8830942100667314,1.6152057698578444
-0.21497918476393468,2008-06-19,100/300,1.4188258923848136,0.32930390286706734,3.004839131753088,0.08521354210963465,0.9538505081700629,2015-02-28,Police,1.1400563019893057,1.2296926501022896,0.461837853772224,0.005270260663924873,0.012861176234439437,0.757069227520663,0.14918045169696045,1,0.9971218684273209,1.0769527444706675,-1.3385668981870218,0.5457165052879057,0.6889613292451924,0.877629967425337,0.14810943050938574,-1.2987279697173422,0.3406724586011453,0.08671477239350854,-1.2086686625349987,1.6152057698578444
-0.434233835211599,2003-08-01,500/1000,-0.2195411888909527,-0.6918793288140718,-0.48054771093571935,2.009239767762111,0.9538505081700629,2015-02-24,Police,1.1400563019893057,1.2296926501022896,1.3621065745757797,-0.8454330359244917,-0.8477302680242398,-0.7818562579737727,0.4818013027492934,0,0.298041334358157,-0.9285458485845719,0.2918125783627955,-1.5215003504028333,-0.703459734131903,-1.3569835982093803,0.31597797632307734,1.4777448606394794,0.3406724586011453,0.3743247189079271,-0.4966602910963925,-0.5342117343357785
-0.9823704613307597,1992-04-04,100/300,-0.2195411888909527,1.2359147570240872,-0.48054771093571935,0.9431282210852726,-1.3245370427424288,2015-01-09,Ambulance,1.1400563019893057,0.009759465477002306,0.461837853772224,1.3499964355121208,1.373217772460207,0.5901977893345194,1.6459742814324587,0,0.9971218684273209,1.0769527444706675,-1.3385668981870218,0.5457165052879057,-1.23638377514092,0.9577113773675267,-0.2705744719906447,0.7570369184318504,0.3406724586011453,0.3743247189079271,-0.4966602910963925,1.6152057698578444
-0.21497918476393468,1991-01-13,500/1000,-1.038724729528836,0.650910576618981,-0.48054771093571935,-0.9019267788874382,0.9538505081700629,2015-02-12,Fire,-0.8238649762007128,-1.2101737191482849,-0.4384308670313317,0.6899326728579759,-0.4143239744096278,0.5652995112559519,-1.014992526986205,0,-1.4147801864822238,1.0769527444706675,0.2918125783627955,-1.5215003504028333,1.0750375053644652,-0.6148153417848631,0.31597797632307734,-1.0702878146273995,0.5885544318738691,0.08671477239350854,-1.2086686625349987,-0.5342117343357785
-0.6534884856592632,2010-08-08,100/300,-0.2195411888909527,0.31646424867263556,2.133492421080886,1.011330643263252,-0.797659921593915,2015-01-24,Other,-0.8238649762007128,1.2296926501022896,-1.3386995878348875,0.6530346985481168,-0.43298740332126184,-0.04020542159091214,-1.680234229090871,1,-1.4147801864822238,1.0769527444706675,0.2918125783627955,0.5457165052879057,-1.23638377514092,0.877629967425337,0.14810943050938574,0.36704713820288415,0.5885544318738691,0.3743247189079271,-1.2086686625349987,1.6152057698578444
-1.201625111778424,2003-03-09,100/300,-0.2195411888909527,-1.1016406890319108,-0.48054771093571935,-0.9019267788874382,0.9538505081700629,2015-01-09,Police,-0.8238649762007128,0.009759465477002306,-0.4384308670313317,-0.2899135338149474,-0.28575368635170467,0.5419904849696334,-0.1834403993553725,1,-1.4147801864822238,-0.9285458485845719,1.0119672581156953,0.5457165052879057,-1.305159096390018,-0.4323437137277715,-0.8986003257406907,-0.18525772913946104,0.5885544318738691,0.846356037103883,-0.4966602910963925,-0.5342117343357785
1.100548717922051,1993-02-03,500/1000,1.4188258923848136,-0.14162015512680548,-0.48054771093571935,-0.9019267788874382,0.9538505081700629,2015-01-18,Police,-0.8238649762007128,0.009759465477002306,-0.4384308670313317,-1.2718096279495295,-1.3640851345794474,-1.8355301962348511,-0.6823716759338719,0,-1.4147801864822238,-0.9285458485845719,-1.3385668981870218,-1.5215003504028333,0.6889613292451924,-1.360764497328115,-0.7939293501156832,-0.18525772913946104,-2.061745637196139,-2.057009655154806,-1.2086686625349987,-0.6299623058706817
1.6486853440412117,2002-11-25,500/1000,1.4188258923848136,-0.4161754443387388,-0.48054771093571935,1.4564411880037504,0.9538505081700629,2015-01-21,Police,1.1400563019893057,1.2296926501022896,-1.3386995878348875,1.0302139914933426,-0.242205685557892,0.30095396314520373,0.3154908772231269,0,0.9971218684273209,-0.9285458485845719,1.0119672581156953,-1.5215003504028333,0.9491431001081818,0.877629967425337,-0.49673854432325054,-0.18525772913946104,0.3406724586011453,0.846356037103883,-0.4966602910963925,1.6152057698578444
-0.21497918476393468,1997-07-27,250/500,-1.038724729528836,0.020824032125436064,-0.48054771093571935,0.8390297872346721,0.9538505081700629,2015-01-08,Ambulance,-0.8238649762007128,-1.2101737191482849,1.3621065745757797,0.7186310973211996,0.734513760817621,0.019126645319716713,0.9807325793277929,1,0.298041334358157,1.0769527444706675,1.0119672581156953,0.7578206403856677,0.6889613292451924,0.6116045429450133,-0.2705744719906447,0.7570369184318504,0.5885544318738691,0.3743247189079271,1.1294749572214562,1.6152057698578444
-1.4208797622260882,1995-05-08,100/300,-1.038724729528836,0.798340982928212,-0.48054771093571935,-0.9019267788874382,-1.0290586572334648,2015-01-03,Ambulance,-0.8238649762007128,1.2296926501022896,0.461837853772224,0.11596418359350197,-0.7046439797017123,-0.5259867194216858,0.8144221538016264,0,0.9971218684273209,1.0769527444706675,-1.3385668981870218,0.5457165052879057,-0.703459734131903,0.6116045429450133,-0.8889085687383753,0.36704713820288415,0.5885544318738691,0.846356037103883,-1.2086686625349987,-0.6299623058706817
-0.5438611604354311,2012-08-30,250/500,-1.038724729528836,1.9717130870098105,-0.48054771093571935,-0.9019267788874382,0.09589519602957781,2015-01-01,Police,-0.8238649762007128,0.009759465477002306,-0.4384308670313317,1.792772127230429,1.8211400663394233,1.4192574742910742,-0.6823716759338719,1,0.9971218684273209,1.0769527444706675,1.0119672581156953,0.7578206403856677,-0.703459734131903,0.779381941338854,3.3337478190965757,-0.18525772913946104,0.5885544318738691,0.08671477239350854,-1.2086686625349987,1.6152057698578444
-0.10535185954010252,2006-04-30,500/1000,-1.038724729528836,0.8980636645469501,-0.48054771093571935,-0.9019267788874382,-1.445576381384655,2015-01-16,Other,1.1400563019893057,0.009759465477002306,-1.3386995878348875,-0.3473103827413948,-0.3438176874101216,0.11924950823140289,0.8144221538016264,0,0.298041334358157,-0.9285458485845719,0.2918125783627955,-1.5215003504028333,0.8595723265323993,-0.6148153417848631,-0.09343897477909328,-1.2987279697173422,0.3406724586011453,0.08671477239350854,0.8830942100667314,-0.6299623058706817
-0.9823704613307597,2003-04-13,250/500,-1.038724729528836,-2.9487459576162416,-0.48054771093571935,0.8821050012418171,-1.1892577819069996,2015-02-10,Other,-0.8238649762007128,1.2296926501022896,0.461837853772224,-0.3596097075113478,-0.3562599733512109,0.09699998313991708,-0.017129973829206037,0,0.298041334358157,-0.9285458485845719,-1.3385668981870218,0.7578206403856677,1.0750375053644652,0.779381941338854,0.14810943050938574,-1.0702878146273995,0.5885544318738691,0.846356037103883,1.1294749572214562,-0.5342117343357785
0.5524120918028903,2007-12-05,100/300,1.4188258923848136,-0.7216607631436495,-0.48054771093571935,0.4046880459959601,-0.06786390919225752,2015-02-14,Other,-0.8238649762007128,-1.2101737191482849,0.461837853772224,0.7883272710175999,0.8050200478171273,-0.21661237053054969,1.4796638559062922,0,0.9971218684273209,1.0769527444706675,0.2918125783627955,0.5457165052879057,0.6889613292451924,-1.360764497328115,0.14810943050938574,-0.18525772913946104,0.5885544318738691,0.3743247189079271,0.8830942100667314,-0.6299623058706817
0.11390279090756175,2006-08-21,250/500,-0.2195411888909527,0.8098679568216167,-0.48054771093571935,-0.9019267788874382,0.9538505081700629,2015-02-21,Other,1.1400563019893057,1.2296926501022896,1.3621065745757797,-0.11157332465062873,-1.5341297091076682,0.5456987391515478,-0.5160612504077055,0,0.9971218684273209,-0.9285458485845719,-1.3385668981870218,0.7578206403856677,0.9491431001081818,-0.4323437137277715,0.31597797632307734,-1.2987279697173422,0.3406724586011453,0.846356037103883,-0.4966602910963925,-0.5342117343357785
-0.6534884856592632,1990-01-08,100/300,-1.038724729528836,-0.06782290945337534,-0.48054771093571935,0.36520243315607714,0.9538505081700629,2015-02-18,Fire,1.1400563019893057,0.009759465477002306,-0.4384308670313317,-1.523945785733566,1.373217772460207,1.3329081269122125,1.4796638559062922,0,0.9971218684273209,-0.9285458485845719,0.2918125783627955,0.5457165052879057,-0.703459734131903,-1.360764497328115,0.17037985085513224,-1.2987279697173422,0.3406724586011453,0.846356037103883,1.1294749572214562,-0.5342117343357785
0.8812940674743868,1990-03-18,500/1000,1.4188258923848136,0.0684907355565237,1.2621457104086844,-0.9019267788874382,0.9538505081700629,2015-01-10,Fire,1.1400563019893057,1.2296926501022896,-0.4384308670313317,-0.23661645981181767,-0.23183711394031753,0.6521786092322298,-0.349750824881539,1,0.298041334358157,1.0769527444706675,-1.3385668981870218,-1.5215003504028333,0.8595723265323993,-1.360764497328115,-0.8889085687383753,-1.2987279697173422,0.3406724586011453,0.3743247189079271,-1.2086686625349987,1.6152057698578444
-0.5438611604354311,2008-01-07,500/1000,-0.2195411888909527,-0.5461307941405327,3.004839131753088,-0.9019267788874382,0.9538505081700629,2015-02-26,Police,-0.8238649762007128,1.2296926501022896,-1.3386995878348875,-1.3579049013392006,-1.3661588489029621,-1.7089198034523485,-1.680234229090871,0,-1.4147801864822238,-0.9285458485845719,1.0119672581156953,-1.5215003504028333,1.0750375053644652,-0.4323437137277715,-0.7525478016127732,1.4777448606394794,-2.199388964623129,-2.057009655154806,-0.4966602910963925,-0.8134538954280631
-0.434233835211599,1997-03-10,100/300,-0.2195411888909527,-0.045589386854709604,-0.48054771093571935,-0.9019267788874382,-0.4808216527951466,2015-01-01,Other,-0.8238649762007128,-1.2101737191482849,-1.3386995878348875,1.6164818055277694,0.05433546270473723,0.8312343111589491,-0.8486821014600384,0,0.9971218684273209,-0.9285458485845719,-1.3385668981870218,0.5457165052879057,-1.305159096390018,2.11865766535986,-0.47991642324066014,0.7570369184318504,0.5885544318738691,0.846356037103883,-1.2086686625349987,-0.5342117343357785
2.1968219701603724,2004-01-10,250/500,1.4188258923848136,0.2855752403390645,2.569165776416987,-0.9019267788874382,0.9538505081700629,2015-01-03,Fire,1.1400563019893057,-1.2101737191482849,1.3621065745757797,1.829670101540288,0.1621686075275115,1.0240635286184927,-1.1813029525123715,0,-1.4147801864822238,1.0769527444706675,1.0119672581156953,0.7578206403856677,0.9491431001081818,-1.360764497328115,-0.49673854432325054,-1.0702878146273995,0.3406724586011453,0.3743247189079271,-0.4966602910963925,-0.6299623058706817
-1.311252437002256,1994-08-20,100/300,1.4188258923848136,-0.75140117621382,-0.48054771093571935,-0.9019267788874382,0.9538505081700629,2015-01-17,Police,-0.8238649762007128,0.009759465477002306,0.461837853772224,-1.2533606407945999,-1.3972645637556855,-1.7295800767515852,0.4818013027492934,0,0.9971218684273209,-0.9285458485845719,1.0119672581156953,0.5457165052879057,0.6889613292451924,0.9577113773675267,0.17037985085513224,-1.2987279697173422,-2.199388964623129,-2.057009655154806,-0.4966602910963925,-0.8134538954280631
0.0042754656837296155,2002-06-02,100/300,-0.2195411888909527,1.1219987196504821,-0.48054771093571935,-0.9019267788874382,0.9538505081700629,2015-02-22,Police,-0.8238649762007128,1.2296926501022896,-0.4384308670313317,-1.4358006248822364,-1.444959993196528,-1.8270541866761898,-0.8486821014600384,0,-1.4147801864822238,1.0769527444706675,1.0119672581156953,0.5457165052879057,0.8595723265323993,-0.010873920661118891,-0.4060310286818311,0.36704713820288415,-2.199388964623129,-2.057009655154806,-1.2086686625349987,-0.6299623058706817
0.11390279090756175,1994-04-28,100/300,-1.038724729528836,-0.2280519486976319,-0.48054771093571935,2.2712806529722434,-0.7015404467897942,2015-01-27,Police,1.1400563019893057,0.009759465477002306,-1.3386995878348875,1.1040099401130605,1.1243720536384203,0.36770253841966116,-1.014992526986205,0,0.9971218684273209,-0.9285458485845719,0.2918125783627955,0.5457165052879057,0.6889613292451924,-1.360764497328115,-0.47991642324066014,-1.2987279697173422,0.3406724586011453,0.08671477239350854,1.1294749572214562,1.6152057698578444
0.0042754656837296155,2014-08-17,250/500,-0.2195411888909527,0.5602125720698121,-0.48054771093571935,0.8067233767293134,-0.4559017889570412,2015-02-27,Police,-0.8238649762007128,-1.2101737191482849,-0.4384308670313317,-1.4255511875739422,-1.4345914215789535,-1.9202902918214637,0.6481117282754599,0,-1.4147801864822238,1.0769527444706675,-1.3385668981870218,0.7578206403856677,1.0750375053644652,-0.18218099784304848,-0.47991642324066014,0.36704713820288415,-2.061745637196139,-2.057009655154806,-0.3588522192050495,-0.6299623058706817
-1.4208797622260882,2007-08-11,100/300,-0.2195411888909527,0.08026383700637008,-0.48054771093571935,1.6646380557049514,0.9538505081700629,2015-01-06,Fire,-0.8238649762007128,0.009759465477002306,0.461837853772224,1.7107766287640755,0.10203089214557969,0.916524157342978,-1.680234229090871,0,0.298041334358157,1.0769527444706675,0.2918125783627955,0.5457165052879057,1.0750375053644652,0.877629967425337,-0.12958907625083857,0.36704713820288415,0.5885544318738691,0.846356037103883,-0.4966602910963925,-0.6299623058706817
1.867939994488876,2008-11-20,250/500,-1.038724729528836,-0.7158767655672436,-0.48054771093571935,0.3939192424941738,-1.0041387933953594,2015-02-28,Fire,1.1400563019893057,1.2296926501022896,1.3621065745757797,-1.523945785733566,-0.23391082826383244,0.6479406044528992,1.4796638559062922,0,0.9971218684273209,-0.9285458485845719,1.0119672581156953,0.7578206403856677,1.0750375053644652,-0.6148153417848631,3.3337478190965757,-0.18525772913946104,0.3406724586011453,0.3743247189079271,0.8830942100667314,1.6152057698578444
-0.7631158108830954,1995-10-18,500/1000,-0.2195411888909527,0.6470545782347104,-0.48054771093571935,-0.9019267788874382,0.9538505081700629,2015-02-22,Police,-0.8238649762007128,0.009759465477002306,1.3621065745757797,-1.4624491618838011,-1.4719182794022216,-1.9139332846524677,1.4796638559062922,0,0.298041334358157,-0.9285458485845719,-1.3385668981870218,-1.5215003504028333,-1.305159096390018,-1.3569835982093803,-0.09343897477909328,-1.0702878146273995,-2.061745637196139,-2.057009655154806,-0.3588522192050495,-0.6299623058706817
0.0042754656837296155,1993-05-19,250/500,1.4188258923848136,0.8739841852749632,-0.48054771093571935,1.129787481782901,-0.6766205829516888,2015-01-07,Ambulance,-0.8238649762007128,-1.2101737191482849,-0.4384308670313317,-0.025478051260957656,-0.018244538618283908,0.7014454147919484,0.3154908772231269,0,0.298041334358157,1.0769527444706675,0.2918125783627955,0.7578206403856677,1.0750375053644652,-1.360764497328115,0.31597797632307734,-1.2987279697173422,0.5885544318738691,0.3743247189079271,-1.2086686625349987,-0.5342117343357785
-0.3246065099877668,2005-02-26,250/500,1.4188258923848136,-1.5849531673667379,-0.48054771093571935,2.5010151276770163,-1.1287381125858864,2015-01-06,Police,1.1400563019893057,0.009759465477002306,-0.4384308670313317,0.8211254704041413,-0.34796511605715136,0.41485034158971446,-0.8486821014600384,0,0.298041334358157,-0.9285458485845719,-1.3385668981870218,0.7578206403856677,0.9491431001081818,-1.3569835982093803,-0.8889085687383753,-1.0702878146273995,0.3406724586011453,0.08671477239350854,-0.3588522192050495,-0.6299623058706817
-0.5438611604354311,1990-02-14,100/300,-1.038724729528836,-1.8942534632965113,-0.48054771093571935,0.4226360518322705,0.9538505081700629,2015-01-10,Police,1.1400563019893057,1.2296926501022896,-0.4384308670313317,1.6410804550676754,-1.5341297091076682,0.8534838362504349,1.4796638559062922,1,0.9971218684273209,1.0769527444706675,0.2918125783627955,0.5457165052879057,1.0750375053644652,-0.18218099784304848,0.10538658331550528,1.4777448606394794,0.3406724586011453,0.846356037103883,-0.4966602910963925,1.6152057698578444
0.5524120918028903,1993-09-30,500/1000,-0.2195411888909527,-0.36428355118871675,-0.48054771093571935,1.5784876276906614,0.9538505081700629,2015-02-11,Other,1.1400563019893057,-1.2101737191482849,1.3621065745757797,-0.011128839029345809,-0.768929123730674,-0.2499866581677784,-1.347613378038538,0,0.298041334358157,1.0769527444706675,-1.3385668981870218,-1.5215003504028333,0.6889613292451924,-0.7554705550788714,-0.4060310286818311,-1.2987279697173422,0.3406724586011453,0.08671477239350854,3.415890619557508,-0.5342117343357785
-0.7631158108830954,2014-06-10,500/1000,-0.2195411888909527,-1.0808839317719023,-0.48054771093571935,-0.9019267788874382,-0.8083398632388172,2015-01-12,Other,-0.8238649762007128,-1.2101737191482849,1.3621065745757797,-0.369859144819642,0.8008726191700976,0.07845871223034556,0.9807325793277929,0,-1.4147801864822238,1.0769527444706675,-1.3385668981870218,-1.5215003504028333,-1.23638377514092,-0.010873920661118891,-0.49673854432325054,-0.18525772913946104,0.5885544318738691,0.08671477239350854,-1.2086686625349987,-0.6299623058706817
0.33315744135522607,2008-10-28,500/1000,-1.038724729528836,2.42766438532008,-0.48054771093571935,-0.9019267788874382,-0.7905399604973135,2015-02-06,Fire,1.1400563019893057,1.2296926501022896,0.461837853772224,0.8170256954808236,-0.35003883038066624,0.7130999279351077,-0.349750824881539,1,-1.4147801864822238,1.0769527444706675,0.2918125783627955,-1.5215003504028333,0.6889613292451924,0.779381941338854,-0.2705744719906447,-1.0702878146273995,0.3406724586011453,0.3743247189079271,-1.2086686625349987,1.6152057698578444
0.33315744135522607,2007-04-24,250/500,-0.2195411888909527,1.5781961455171951,1.6978190657447854,1.3379843494841017,0.9538505081700629,2015-01-20,Fire,1.1400563019893057,-1.2101737191482849,-1.3386995878348875,-0.17716972342371146,-0.17169939855838573,0.42703460533029003,0.14918045169696045,1,0.298041334358157,1.0769527444706675,-1.3385668981870218,0.7578206403856677,1.0750375053644652,0.5115267965346528,3.3337478190965757,0.36704713820288415,0.3406724586011453,0.846356037103883,-0.3588522192050495,-0.5342117343357785
0.0042754656837296155,1993-12-13,100/300,-1.038724729528836,0.4342773056899173,-0.48054771093571935,0.3795608378251255,0.9538505081700629,2015-02-22,Ambulance,1.1400563019893057,1.2296926501022896,0.461837853772224,1.2884998116623558,-0.11156168317645394,1.2613917962610082,-1.680234229090871,1,0.298041334358157,-0.9285458485845719,0.2918125783627955,0.5457165052879057,0.9491431001081818,2.11865766535986,3.3337478190965757,1.4777448606394794,0.3406724586011453,0.3743247189079271,-0.4966602910963925,-0.6299623058706817
-0.8727431361069276,2011-08-17,250/500,-1.038724729528836,-0.0729505668792668,2.569165776416987,0.6559601277043059,-2.292851751880238,2015-01-30,Fire,-0.8238649762007128,-1.2101737191482849,-0.4384308670313317,1.3048989113556264,1.3275960573428796,1.280462817767996,0.6481117282754599,1,0.298041334358157,-0.9285458485845719,0.2918125783627955,0.7578206403856677,-1.23638377514092,0.6116045429450133,-0.10897717628887865,0.36704713820288415,0.5885544318738691,0.08671477239350854,0.8830942100667314,-0.6299623058706817
2.7449585962795333,1990-08-20,250/500,-1.038724729528836,-1.7310298721155342,-0.48054771093571935,1.2374755168007634,0.9538505081700629,2015-02-02,Fire,1.1400563019893057,0.009759465477002306,-0.4384308670313317,-1.523945785733566,-0.7523394091425548,-0.41156059037975873,-1.1813029525123715,0,0.298041334358157,-0.9285458485845719,-1.3385668981870218,0.7578206403856677,-0.703459734131903,-1.3569835982093803,0.14810943050938574,-0.18525772913946104,0.3406724586011453,0.08671477239350854,-1.2086686625349987,-0.6299623058706817
-0.9823704613307597,1994-02-11,100/300,-0.2195411888909527,-0.8026777504727347,-0.48054771093571935,0.6523705265370439,-1.4028566148050456,2015-01-10,Ambulance,-0.8238649762007128,-1.2101737191482849,1.3621065745757797,1.0302139914933426,-0.242205685557892,0.6309885853355767,-1.347613378038538,0,0.298041334358157,1.0769527444706675,-1.3385668981870218,0.5457165052879057,0.9491431001081818,-0.18218099784304848,-0.47991642324066014,-1.0702878146273995,0.5885544318738691,0.3743247189079271,-1.2086686625349987,1.6152057698578444
1.100548717922051,1994-02-22,500/1000,-0.2195411888909527,0.09056017311756011,-0.48054771093571935,-0.9019267788874382,-0.8795394742048326,2015-02-27,Police,-0.8238649762007128,-1.2101737191482849,-0.4384308670313317,-1.3476554640309064,-1.3557902772853878,-1.872612738053994,-0.1834403993553725,0,0.9971218684273209,1.0769527444706675,-1.3385668981870218,-1.5215003504028333,0.9491431001081818,-1.360764497328115,-0.8889085687383753,-1.0702878146273995,-2.061745637196139,-2.057009655154806,1.1294749572214562,-0.6299623058706817
0.33315744135522607,2011-08-15,100/300,-1.038724729528836,-0.6215278689308403,-0.48054771093571935,1.1154290771138526,-0.8261397659803211,2015-02-20,Other,0.15809566289429652,1.2296926501022896,1.3621065745757797,1.0220144416467072,-0.24635311420492176,0.6225125757769154,-0.349750824881539,1,0.9971218684273209,-0.9285458485845719,1.0119672581156953,0.5457165052879057,-0.703459734131903,-0.6148153417848631,-0.2986569288656468,-1.0702878146273995,0.3406724586011453,0.08671477239350854,0.8830942100667314,1.6152057698578444
0.2235301161313939,1998-11-11,100/300,1.4188258923848136,-0.826470080928871,-0.48054771093571935,0.45494246233762925,-0.8368197076252234,2015-02-08,Other,-0.8238649762007128,-1.2101737191482849,0.461837853772224,-0.1279724243438994,-0.12193025479402839,0.5160327056962333,-1.680234229090871,1,0.298041334358157,-0.9285458485845719,-1.3385668981870218,0.5457165052879057,0.9491431001081818,-0.010873920661118891,2.854601800241727,0.36704713820288415,0.5885544318738691,0.3743247189079271,-1.2086686625349987,-0.5342117343357785
0.2235301161313939,1995-12-04,250/500,-0.2195411888909527,-1.4815795936607654,-0.48054771093571935,-0.9019267788874382,0.9538505081700629,2015-02-11,Ambulance,-0.8238649762007128,0.009759465477002306,0.461837853772224,-0.9069296597742568,-1.5341297091076682,-0.5741940237865717,-1.014992526986205,0,0.298041334358157,-0.9285458485845719,-1.3385668981870218,0.7578206403856677,-0.703459734131903,0.5115267965346528,-0.10897717628887865,-1.2987279697173422,0.5885544318738691,0.846356037103883,1.1294749572214562,-0.6299623058706817
-0.21497918476393468,2002-12-28,100/300,-1.038724729528836,1.5420974372389191,-0.48054771093571935,-0.9019267788874382,-0.5733811470509665,2015-02-23,Fire,1.1400563019893057,1.2296926501022896,-1.3386995878348875,0.42754707776564493,-0.5470416911145808,0.2601631671441464,-0.5160612504077055,0,-1.4147801864822238,-0.9285458485845719,-1.3385668981870218,0.5457165052879057,0.8595723265323993,0.779381941338854,-0.7939293501156832,0.36704713820288415,0.3406724586011453,0.846356037103883,0.8830942100667314,-0.6299623058706817
0.11390279090756175,2004-04-15,100/300,-0.2195411888909527,0.6111609762534701,-0.48054771093571935,-0.9019267788874382,0.9538505081700629,2015-03-01,Ambulance,1.1400563019893057,0.009759465477002306,-1.3386995878348875,0.4316468526889626,-0.5449679767910659,-0.4931421823818734,-0.017129973829206037,0,-1.4147801864822238,-0.9285458485845719,0.2918125783627955,0.5457165052879057,-0.703459734131903,0.5115267965346528,0.31597797632307734,0.7570369184318504,0.3406724586011453,0.08671477239350854,-0.3588522192050495,-0.6299623058706817
-0.434233835211599,2001-02-02,100/300,-0.2195411888909527,0.6913575383944125,-0.48054771093571935,1.908730935078773,0.9538505081700629,2015-01-15,Ambulance,1.1400563019893057,1.2296926501022896,-1.3386995878348875,0.8088261456341883,-0.354186259027696,-0.20071985260805983,0.8144221538016264,0,0.298041334358157,-0.9285458485845719,-1.3385668981870218,0.5457165052879057,-1.23638377514092,0.779381941338854,-0.49673854432325054,1.4777448606394794,0.3406724586011453,0.3743247189079271,0.8830942100667314,-0.5342117343357785
0.6620394170267224,2010-01-12,500/1000,-0.2195411888909527,-0.898011157334909,-0.48054771093571935,-0.9019267788874382,0.25253434015481163,2015-01-14,Fire,1.1400563019893057,0.009759465477002306,-0.4384308670313317,1.5303865321380983,0.010787461910924546,1.5426893634890788,-1.1813029525123715,0,-1.4147801864822238,-0.9285458485845719,-1.3385668981870218,-1.5215003504028333,0.8595723265323993,-0.7554705550788714,-0.7939293501156832,-1.2987279697173422,0.3406724586011453,0.3743247189079271,-0.4966602910963925,-0.6299623058706817
0.8812940674743868,1992-04-14,250/500,-1.038724729528836,0.2055427632357504,-0.48054771093571935,-0.9019267788874382,0.9538505081700629,2015-02-17,Police,1.1400563019893057,-1.2101737191482849,0.461837853772224,0.7022319976279289,0.7179240462295019,0.0042936285920595,-0.017129973829206037,0,0.9971218684273209,1.0769527444706675,-1.3385668981870218,0.7578206403856677,0.8595723265323993,0.779381941338854,-0.7525478016127732,0.36704713820288415,0.3406724586011453,0.3743247189079271,-1.2086686625349987,-0.5342117343357785
0.0042754656837296155,2010-05-21,500/1000,-0.2195411888909527,0.9526629608178423,2.133492421080886,-0.9019267788874382,-0.6481407385652826,2015-01-24,Police,-0.8238649762007128,1.2296926501022896,0.461837853772224,-1.2697597404878707,-1.276989132991822,-1.7136875588290954,-0.1834403993553725,0,-1.4147801864822238,-0.9285458485845719,0.2918125783627955,-1.5215003504028333,0.6889613292451924,-1.360764497328115,-0.8889085687383753,0.7570369184318504,-2.199388964623129,-2.057009655154806,0.8830942100667314,-0.6299623058706817
-0.10535185954010252,2013-10-27,500/1000,-1.038724729528836,-1.1499637326135124,-0.48054771093571935,-0.9019267788874382,0.9538505081700629,2015-01-21,Fire,-0.8238649762007128,0.009759465477002306,0.461837853772224,1.436091708901792,-0.036907967529917915,0.6680711271547197,1.3133534303801258,1,0.9971218684273209,-0.9285458485845719,1.0119672581156953,-1.5215003504028333,1.0750375053644652,-0.7554705550788714,0.17037985085513224,-0.18525772913946104,0.5885544318738691,0.846356037103883,0.8830942100667314,1.6152057698578444
-0.8727431361069276,1994-10-12,250/500,1.4188258923848136,0.34222559958031423,-0.48054771093571935,0.9897930362596796,-0.49150159444004893,2015-02-19,Ambulance,1.1400563019893057,0.009759465477002306,0.461837853772224,0.5587398753118104,0.5727640435834597,-0.3946085712624362,-0.017129973829206037,0,0.298041334358157,1.0769527444706675,-1.3385668981870218,0.7578206403856677,-1.23638377514092,2.11865766535986,-0.10897717628887865,-1.2987279697173422,0.3406724586011453,0.08671477239350854,1.1294749572214562,-0.6299623058706817
-0.10535185954010252,1997-07-04,500/1000,1.4188258923848136,0.04432921376572266,1.6978190657447854,-0.9019267788874382,0.9538505081700629,2015-01-03,Police,-0.8238649762007128,1.2296926501022896,-0.4384308670313317,-1.388653213264083,-1.2603994184037028,-1.764543616181063,-0.017129973829206037,0,0.9971218684273209,-0.9285458485845719,1.0119672581156953,-1.5215003504028333,-1.305159096390018,2.11865766535986,-0.2705744719906447,0.7570369184318504,-2.199388964623129,-2.057009655154806,1.1294749572214562,-0.8134538954280631
-1.0919977865545918,2011-02-15,250/500,-0.2195411888909527,-0.0935432391016469,2.133492421080886,-0.9019267788874382,0.9538505081700629,2015-01-29,Police,-0.8238649762007128,1.2296926501022896,0.461837853772224,-1.3702042261091536,-1.223072560580435,-1.7311693285438343,-0.5160612504077055,0,0.298041334358157,1.0769527444706675,0.2918125783627955,0.7578206403856677,-1.305159096390018,-1.360764497328115,-0.49673854432325054,1.4777448606394794,-2.199388964623129,-2.057009655154806,-0.4966602910963925,-0.6299623058706817
-0.434233835211599,1994-08-21,250/500,1.4188258923848136,0.2504610422865599,-0.48054771093571935,1.1549146899537355,-1.9154938137603563,2015-01-19,Police,-0.8238649762007128,-1.2101737191482849,1.3621065745757797,-1.2820590652578236,-1.2894314189329112,-1.790501395454463,-0.5160612504077055,0,-1.4147801864822238,1.0769527444706675,-1.3385668981870218,0.7578206403856677,-1.23638377514092,2.11865766535986,-0.2705744719906447,0.7570369184318504,-2.199388964623129,-2.057009655154806,-0.3588522192050495,-0.8134538954280631
0.9909213926982189,1997-05-15,500/1000,1.4188258923848136,-1.9979552070777404,-0.48054771093571935,-0.9019267788874382,-0.6196608941788766,2015-01-19,Ambulance,0.15809566289429652,1.2296926501022896,1.3621065745757797,-0.3883081319745715,0.7635457613468295,0.33856625556176306,1.3133534303801258,1,0.298041334358157,1.0769527444706675,1.0119672581156953,-1.5215003504028333,-1.305159096390018,-0.6148153417848631,-0.47991642324066014,0.36704713820288415,0.3406724586011453,0.08671477239350854,-0.4966602910963925,1.6152057698578444
0.2235301161313939,1996-10-26,100/300,1.4188258923848136,1.0571851297872141,-0.48054771093571935,0.3795608378251255,0.9538505081700629,2015-02-02,Fire,1.1400563019893057,-1.2101737191482849,-0.4384308670313317,-0.32886139558646527,0.8838211921106931,0.15262379586863162,0.3154908772231269,0,0.9971218684273209,1.0769527444706675,0.2918125783627955,0.5457165052879057,-1.23638377514092,0.779381941338854,0.20499583030558555,-1.0702878146273995,0.3406724586011453,0.3743247189079271,-0.4966602910963925,1.6152057698578444
-0.5438611604354311,2006-03-04,500/1000,-0.2195411888909527,-1.572605768285191,1.2621457104086844,-0.8732099695493416,0.9538505081700629,2015-01-30,Other,1.1400563019893057,1.2296926501022896,-0.4384308670313317,0.8129259205575059,0.829904619699306,0.4063743320310532,0.3154908772231269,0,0.9971218684273209,-0.9285458485845719,-1.3385668981870218,-1.5215003504028333,-0.703459734131903,-1.360764497328115,0.31597797632307734,-1.2987279697173422,0.3406724586011453,0.3743247189079271,0.8830942100667314,-0.6299623058706817
-0.7631158108830954,1991-01-02,500/1000,-1.038724729528836,1.4580038554542991,-0.48054771093571935,0.4046880459959601,0.9538505081700629,2015-01-08,Fire,-0.8238649762007128,1.2296926501022896,-0.4384308670313317,0.8703227694839534,0.8879686207577229,0.15633205005054593,1.6459742814324587,0,-1.4147801864822238,-0.9285458485845719,1.0119672581156953,-1.5215003504028333,0.9491431001081818,-1.360764497328115,0.31597797632307734,-1.0702878146273995,0.5885544318738691,0.08671477239350854,-0.3588522192050495,-0.5342117343357785
-0.3246065099877668,1999-08-15,500/1000,1.4188258923848136,0.25119942495588854,3.440512487089189,-0.9019267788874382,-1.844294202794341,2015-01-30,Police,-0.8238649762007128,-1.2101737191482849,-0.4384308670313317,-1.3312563643376356,-1.4366651359024685,-1.8350004456374347,-0.5160612504077055,0,-1.4147801864822238,-0.9285458485845719,-1.3385668981870218,-1.5215003504028333,0.8595723265323993,-0.6148153417848631,-0.8889085687383753,0.36704713820288415,-2.061745637196139,-2.057009655154806,-1.2086686625349987,-0.8134538954280631
-1.5305070874499205,1992-01-15,100/300,-0.2195411888909527,-0.12377590728470352,-0.48054771093571935,-0.9019267788874382,-1.043298579426668,2015-01-07,Other,1.1400563019893057,1.2296926501022896,-1.3386995878348875,-1.523945785733566,-0.3645548306452705,0.08216696641225986,0.9807325793277929,1,0.9971218684273209,-0.9285458485845719,0.2918125783627955,0.5457165052879057,0.8595723265323993,2.11865766535986,-0.3109737959160864,0.36704713820288415,0.3406724586011453,0.08671477239350854,0.8830942100667314,1.6152057698578444
-1.0919977865545918,1999-12-07,250/500,1.4188258923848136,0.2848368576697368,1.6978190657447854,-0.9019267788874382,0.9538505081700629,2015-02-24,Fire,0.15809566289429652,0.009759465477002306,-0.4384308670313317,0.587438299775034,0.6017960441126681,0.4461056268372779,-1.680234229090871,0,0.9971218684273209,-0.9285458485845719,0.2918125783627955,0.7578206403856677,-1.23638377514092,0.5115267965346528,0.20499583030558555,-1.0702878146273995,0.3406724586011453,0.3743247189079271,0.8830942100667314,-0.5342117343357785
-1.7497617378975847,1993-06-06,250/500,1.4188258923848136,-0.4929672419488897,1.2621457104086844,-0.9019267788874382,-1.2675773539696165,2015-02-02,Police,-0.8238649762007128,-1.2101737191482849,1.3621065745757797,0.3086536049894325,2.1736715013369543,1.7794878805341778,-0.1834403993553725,1,0.9971218684273209,-0.9285458485845719,-1.3385668981870218,0.7578206403856677,-0.703459734131903,0.6116045429450133,-0.3109737959160864,-1.0702878146273995,0.5885544318738691,0.08671477239350854,-0.4966602910963925,1.6152057698578444
0.33315744135522607,2000-10-03,250/500,1.4188258923848136,0.26982307672672623,-0.48054771093571935,1.0795330654412318,0.9538505081700629,2015-02-28,Police,-0.8238649762007128,-1.2101737191482849,-0.4384308670313317,-1.403002425495695,-1.4117805640202898,-1.7592461102068997,0.3154908772231269,0,0.298041334358157,1.0769527444706675,-1.3385668981870218,0.7578206403856677,1.0750375053644652,0.9577113773675267,0.31597797632307734,-1.0702878146273995,-2.061745637196139,-2.057009655154806,-1.2086686625349987,-0.8134538954280631
0.4427847665790582,2010-12-29,100/300,-0.2195411888909527,0.9280912264329703,-0.48054771093571935,2.353841479819271,0.21337455412350315,2015-02-09,Ambulance,1.1400563019893057,0.009759465477002306,-0.4384308670313317,-0.3165620708165123,0.9087057639928717,0.798919524716553,0.6481117282754599,0,0.9971218684273209,-0.9285458485845719,-1.3385668981870218,0.5457165052879057,0.9491431001081818,2.11865766535986,-0.3109737959160864,0.36704713820288415,0.3406724586011453,0.3743247189079271,1.1294749572214562,1.6152057698578444
0.33315744135522607,1990-03-17,100/300,-1.038724729528836,1.0595643628328275,-0.48054771093571935,-0.9019267788874382,0.9538505081700629,2015-01-19,Ambulance,1.1400563019893057,0.009759465477002306,-1.3386995878348875,1.9690624489330888,0.23267489452701773,1.6014916798022913,-0.017129973829206037,0,0.298041334358157,-0.9285458485845719,-1.3385668981870218,0.5457165052879057,-1.23638377514092,-0.18218099784304848,-0.09343897477909328,0.36704713820288415,0.3406724586011453,0.846356037103883,0.8830942100667314,-0.5342117343357785
-1.5305070874499205,2012-03-01,100/300,1.4188258923848136,-0.7458633061938567,1.6978190657447854,1.5282332113489923,-1.1251781320375855,2015-02-21,Police,-0.8238649762007128,1.2296926501022896,-1.3386995878348875,-1.265659965564553,-1.4034857067262303,-1.7422940910895772,-0.6823716759338719,0,-1.4147801864822238,-0.9285458485845719,-1.3385668981870218,0.5457165052879057,1.0750375053644652,-0.010873920661118891,-0.3109737959160864,-1.2987279697173422,-2.199388964623129,-2.057009655154806,3.415890619557508,-0.6299623058706817
0.8812940674743868,2006-02-05,500/1000,-0.2195411888909527,1.7773133386794127,-0.48054771093571935,1.305677938978743,0.9538505081700629,2015-01-14,Fire,-0.8238649762007128,-1.2101737191482849,1.3621065745757797,-0.16487039865375844,-0.15925711261729641,1.151733422595828,0.14918045169696045,1,0.298041334358157,-0.9285458485845719,0.2918125783627955,-1.5215003504028333,-0.703459734131903,-0.4323437137277715,-0.09343897477909328,0.36704713820288415,0.5885544318738691,0.08671477239350854,-0.3588522192050495,1.6152057698578444
-1.5305070874499205,2014-11-01,250/500,1.4188258923848136,0.3930919612451571,-0.48054771093571935,-0.9019267788874382,-1.5986555449615878,2015-01-22,Other,2.1220169410843153,0.009759465477002306,0.461837853772224,-0.04597692587754601,-0.03898168185343281,0.6643628729728054,1.3133534303801258,1,-1.4147801864822238,1.0769527444706675,0.2918125783627955,0.7578206403856677,-1.305159096390018,0.9577113773675267,-0.12958907625083857,-1.0702878146273995,0.3406724586011453,0.846356037103883,0.8830942100667314,-0.6299623058706817
0.9909213926982189,2009-06-17,250/500,-0.2195411888909527,-0.44415194325440244,-0.48054771093571935,-0.9019267788874382,0.9538505081700629,2015-02-22,Police,-0.8238649762007128,0.009759465477002306,0.461837853772224,-1.339455914184271,-1.3474954199913283,-1.8185781771175284,-1.014992526986205,0,-1.4147801864822238,-0.9285458485845719,1.0119672581156953,0.7578206403856677,0.8595723265323993,-0.18218099784304848,-0.8889085687383753,0.7570369184318504,-2.061745637196139,-2.057009655154806,-1.2086686625349987,-0.8134538954280631
0.33315744135522607,1999-09-20,100/300,-0.2195411888909527,-1.1793759756084257,-0.48054771093571935,-0.9019267788874382,0.9538505081700629,2015-01-26,Police,-0.8238649762007128,-1.2101737191482849,-1.3386995878348875,-1.3804536634174478,-1.388969706461626,-1.7867931412725488,0.3154908772231269,0,0.9971218684273209,1.0769527444706675,-1.3385668981870218,0.5457165052879057,0.8595723265323993,2.11865766535986,0.14810943050938574,0.36704713820288415,-2.199388964623129,-2.057009655154806,1.1294749572214562,-0.8134538954280631
0.2235301161313939,1990-10-19,100/300,-1.038724729528836,0.848386919404913,-0.48054771093571935,-0.9019267788874382,-1.6200154282513926,2015-01-24,Police,-0.8238649762007128,-1.2101737191482849,-1.3386995878348875,1.7271757284573463,1.7547812079869467,0.5112649503194864,0.3154908772231269,0,0.9971218684273209,-0.9285458485845719,0.2918125783627955,0.5457165052879057,0.8595723265323993,-0.4323437137277715,0.31597797632307734,0.36704713820288415,0.5885544318738691,0.846356037103883,0.8830942100667314,-0.6299623058706817
-1.311252437002256,1996-08-05,100/300,-0.2195411888909527,0.8908439228912949,-0.48054771093571935,-0.9019267788874382,0.9538505081700629,2015-02-19,Police,-0.8238649762007128,0.009759465477002306,-1.3386995878348875,0.6407353737781638,-0.4392085462918065,-0.05133018413665504,-0.1834403993553725,0,-1.4147801864822238,-0.9285458485845719,0.2918125783627955,0.5457165052879057,0.8595723265323993,0.6116045429450133,-0.3109737959160864,-0.18525772913946104,0.5885544318738691,0.08671477239350854,-1.2086686625349987,1.6152057698578444
0.2235301161313939,2001-06-06,250/500,-1.038724729528836,0.9859312021970257,-0.48054771093571935,0.4369944565013188,-0.17466332564128056,2015-01-29,Fire,1.1400563019893057,1.2296926501022896,1.3621065745757797,-1.523945785733566,-0.787592552642308,-0.674316886698258,1.3133534303801258,0,0.298041334358157,-0.9285458485845719,1.0119672581156953,0.7578206403856677,0.6889613292451924,-0.6148153417848631,-0.49673854432325054,-1.2987279697173422,0.3406724586011453,0.3743247189079271,1.1294749572214562,-0.6299623058706817
-0.6534884856592632,2007-03-25,100/300,-0.2195411888909527,0.6979209398995542,-0.48054771093571935,0.36520243315607714,-1.1144981903926834,2015-02-15,Police,-0.8238649762007128,0.009759465477002306,-0.4384308670313317,-1.4562994994988245,-1.4656971364316769,-1.886916004184235,0.4818013027492934,0,0.298041334358157,-0.9285458485845719,-1.3385668981870218,0.5457165052879057,-0.703459734131903,0.6116045429450133,-0.8889085687383753,1.4777448606394794,-2.061745637196139,-2.057009655154806,-1.2086686625349987,-0.6299623058706817
1.6486853440412117,2013-10-31,500/1000,-1.038724729528836,0.976701418830421,-0.48054771093571935,0.9108218105799138,0.9538505081700629,2015-02-12,Police,1.1400563019893057,-1.2101737191482849,-1.3386995878348875,1.669778879530899,0.0812937489104308,1.7047930462984755,1.4796638559062922,0,0.9971218684273209,1.0769527444706675,-1.3385668981870218,-1.5215003504028333,0.8595723265323993,-1.360764497328115,-0.4060310286818311,0.7570369184318504,0.3406724586011453,0.08671477239350854,0.8830942100667314,-0.5342117343357785
1.100548717922051,1992-06-13,100/300,-1.038724729528836,-0.4733180586928737,-0.48054771093571935,0.3293064214834563,0.08877523493297627,2015-01-01,Police,-0.8238649762007128,0.009759465477002306,1.3621065745757797,-1.4255511875739422,-1.4345914215789535,-1.8312921914555205,-0.5160612504077055,0,-1.4147801864822238,1.0769527444706675,0.2918125783627955,0.5457165052879057,0.8595723265323993,-0.6148153417848631,-0.8889085687383753,-1.2987279697173422,-2.199388964623129,-2.057009655154806,-1.2086686625349987,-0.6299623058706817
2.416076620608037,1990-10-07,500/1000,-0.2195411888909527,-0.5399776052294628,-0.48054771093571935,-0.9019267788874382,-1.0539785210715702,2015-01-13,Police,1.1400563019893057,-1.2101737191482849,0.461837853772224,-0.1607706237304408,2.6029303663045367,0.8089847860674633,-0.8486821014600384,1,-1.4147801864822238,-0.9285458485845719,1.0119672581156953,-1.5215003504028333,-0.703459734131903,-0.6148153417848631,-0.4060310286818311,-1.2987279697173422,0.3406724586011453,0.846356037103883,-0.3588522192050495,1.6152057698578444
-1.201625111778424,1991-12-28,500/1000,1.4188258923848136,-0.20364429935038922,-0.48054771093571935,-0.9019267788874382,-1.075338404361375,2015-03-01,Ambulance,0.15809566289429652,0.009759465477002306,-1.3386995878348875,-0.002929289182710468,1.543262346988428,0.7422362107930057,-1.347613378038538,0,0.9971218684273209,-0.9285458485845719,-1.3385668981870218,-1.5215003504028333,-1.23638377514092,-0.7554705550788714,-0.8986003257406907,-1.0702878146273995,0.3406724586011453,0.3743247189079271,-1.2086686625349987,1.6152057698578444
0.8812940674743868,1998-11-11,500/1000,1.4188258923848136,0.33430849651473754,-0.48054771093571935,0.13187835728404174,0.9538505081700629,2015-02-02,Fire,-0.8238649762007128,-1.2101737191482849,-1.3386995878348875,0.7022319976279289,0.7179240462295019,0.5796027773861928,-0.8486821014600384,1,0.9971218684273209,-0.9285458485845719,1.0119672581156953,-1.5215003504028333,1.0750375053644652,-0.18218099784304848,-0.4060310286818311,1.4777448606394794,0.5885544318738691,0.3743247189079271,-0.4966602910963925,1.6152057698578444
-0.8727431361069276,2009-06-26,500/1000,-0.2195411888909527,-0.7504166659880488,-0.48054771093571935,-0.9019267788874382,-0.7371402522728019,2015-01-27,Fire,1.1400563019893057,-1.2101737191482849,1.3621065745757797,-0.3883081319745715,0.7635457613468295,0.33856625556176306,0.14918045169696045,1,-1.4147801864822238,-0.9285458485845719,-1.3385668981870218,-1.5215003504028333,-1.305159096390018,0.5115267965346528,3.3337478190965757,-1.2987279697173422,0.3406724586011453,0.846356037103883,-0.4966602910963925,1.6152057698578444
0.33315744135522607,2009-01-11,250/500,-1.038724729528836,0.3304524981304669,-0.48054771093571935,-0.9019267788874382,0.9538505081700629,2015-01-12,Police,-0.8238649762007128,0.009759465477002306,0.461837853772224,0.007320148125583708,1.563999490223577,0.7607774817025773,0.8144221538016264,0,-1.4147801864822238,-0.9285458485845719,1.0119672581156953,0.7578206403856677,0.8595723265323993,-0.6148153417848631,-0.2705744719906447,-0.18525772913946104,0.5885544318738691,0.846356037103883,0.8830942100667314,-0.6299623058706817
2.3064492953842044,2003-03-18,100/300,-1.038724729528836,0.1719053305219031,2.133492421080886,0.9862034350924176,-0.4274219445706351,2015-01-06,Fire,-0.8238649762007128,-1.2101737191482849,-1.3386995878348875,1.3458966605888032,-0.08252968264724549,0.586489535152605,1.6459742814324587,1,0.9971218684273209,1.0769527444706675,0.2918125783627955,0.5457165052879057,1.0750375053644652,0.877629967425337,-0.7525478016127732,-0.18525772913946104,0.5885544318738691,0.3743247189079271,1.1294749572214562,1.6152057698578444
0.2235301161313939,2012-11-02,500/1000,-1.038724729528836,-0.14051258112281298,-0.48054771093571935,-0.9019267788874382,-0.505741516633252,2015-01-30,Other,1.1400563019893057,1.2296926501022896,-1.3386995878348875,1.497588332751557,1.522525203753279,0.7236949398834343,-0.6823716759338719,0,0.298041334358157,1.0769527444706675,1.0119672581156953,-1.5215003504028333,-1.23638377514092,2.11865766535986,0.17037985085513224,1.4777448606394794,0.3406724586011453,0.846356037103883,-0.4966602910963925,-0.5342117343357785
-0.7631158108830954,2000-05-04,100/300,-0.2195411888909527,-0.8101025984254253,-0.48054771093571935,-0.9019267788874382,-0.49150159444004893,2015-03-01,Other,0.15809566289429652,0.009759465477002306,-0.4384308670313317,1.434041821440133,0.4607834701136556,-0.22561813068662728,0.3154908772231269,0,0.9971218684273209,1.0769527444706675,1.0119672581156953,0.5457165052879057,0.9491431001081818,-0.4323437137277715,-0.8986003257406907,-1.0702878146273995,0.3406724586011453,0.08671477239350854,-0.3588522192050495,1.6152057698578444
1.3198033683697152,1999-09-29,250/500,1.4188258923848136,-0.544038709910768,-0.48054771093571935,-0.9019267788874382,0.9538505081700629,2015-02-24,Police,-0.8238649762007128,0.009759465477002306,-0.4384308670313317,-1.2820590652578236,-1.2894314189329112,-1.7592461102068997,-0.6823716759338719,0,-1.4147801864822238,1.0769527444706675,0.2918125783627955,0.7578206403856677,-0.703459734131903,-0.010873920661118891,0.14810943050938574,1.4777448606394794,-2.199388964623129,-2.057009655154806,-0.3588522192050495,-0.6299623058706817
0.7716667422505546,1999-03-09,100/300,-0.2195411888909527,-0.6015094943401605,3.87618584242529,0.3328960226507184,-1.0682184432647732,2015-01-24,Other,1.1400563019893057,-1.2101737191482849,-0.4384308670313317,-0.5461494665223018,0.44419375552553647,-0.2404511474142845,-1.347613378038538,1,0.9971218684273209,1.0769527444706675,-1.3385668981870218,0.5457165052879057,0.9491431001081818,-0.18218099784304848,-0.09343897477909328,1.4777448606394794,0.3406724586011453,0.08671477239350854,-0.4966602910963925,-0.5342117343357785
-0.8727431361069276,1991-02-13,500/1000,1.4188258923848136,0.4808364351170124,-0.48054771093571935,1.3236259448150534,-1.2924972178077219,2015-02-26,Police,-0.8238649762007128,-1.2101737191482849,1.3621065745757797,0.3865493285324682,0.3985720404082089,-0.2812419434153418,-0.5160612504077055,0,0.298041334358157,-0.9285458485845719,-1.3385668981870218,-1.5215003504028333,1.0750375053644652,-0.18218099784304848,-0.49673854432325054,1.4777448606394794,0.5885544318738691,0.846356037103883,0.8830942100667314,-0.6299623058706817
0.2235301161313939,1993-08-05,500/1000,1.4188258923848136,-0.6293629294776029,-0.48054771093571935,0.5769889020245401,-0.3348624503148151,2015-01-19,Police,1.1400563019893057,1.2296926501022896,0.461837853772224,-0.21201781027191166,1.1202246249913905,0.7030346665841974,0.9807325793277929,1,0.298041334358157,1.0769527444706675,1.0119672581156953,-1.5215003504028333,-1.23638377514092,2.11865766535986,-0.3109737959160864,-0.18525772913946104,0.3406724586011453,0.08671477239350854,-0.4966602910963925,1.6152057698578444
-0.10535185954010252,1997-10-31,250/500,1.4188258923848136,0.05232835935011354,-0.48054771093571935,0.6882665382096647,0.9538505081700629,2015-01-17,Fire,-0.8238649762007128,0.009759465477002306,1.3621065745757797,2.165851645252337,0.33221318205573247,1.3281403715354656,1.6459742814324587,0,-1.4147801864822238,-0.9285458485845719,-1.3385668981870218,0.7578206403856677,1.0750375053644652,0.779381941338854,0.31597797632307734,0.36704713820288415,0.5885544318738691,0.846356037103883,-0.4966602910963925,-0.6299623058706817
0.0042754656837296155,2001-04-21,250/500,-1.038724729528836,-1.198696988789185,3.004839131753088,1.1800418981245702,0.9538505081700629,2015-02-20,Police,1.1400563019893057,-1.2101737191482849,-0.4384308670313317,1.1901052135027317,-0.1613308269408113,0.7962707717294714,0.8144221538016264,0,0.9971218684273209,-0.9285458485845719,1.0119672581156953,0.7578206403856677,-0.703459734131903,-1.3569835982093803,-0.8986003257406907,-1.2987279697173422,0.3406724586011453,0.846356037103883,-0.4966602910963925,-0.6299623058706817
0.2235301161313939,2013-01-08,500/1000,1.4188258923848136,-0.36797546453535895,1.2621457104086844,-0.9019267788874382,0.9538505081700629,2015-02-22,Fire,-0.8238649762007128,1.2296926501022896,-1.3386995878348875,1.3171982361255794,1.3400383432839689,0.19341459186968896,-0.8486821014600384,0,0.9971218684273209,1.0769527444706675,-1.3385668981870218,-1.5215003504028333,-1.23638377514092,-1.360764497328115,0.20499583030558555,1.4777448606394794,0.5885544318738691,0.08671477239350854,0.8830942100667314,-0.6299623058706817
-0.3246065099877668,2009-07-23,500/1000,-1.038724729528836,1.5114135352023845,1.2621457104086844,-0.9019267788874382,-0.9578590462674496,2015-01-23,Police,-0.8238649762007128,1.2296926501022896,-0.4384308670313317,1.0917106153431075,1.111929767697331,0.6945586570255362,0.4818013027492934,1,0.298041334358157,-0.9285458485845719,-1.3385668981870218,-1.5215003504028333,0.9491431001081818,-1.360764497328115,-0.2705744719906447,1.4777448606394794,0.5885544318738691,0.3743247189079271,-0.4966602910963925,1.6152057698578444
-0.10535185954010252,1998-02-20,250/500,-1.038724729528836,0.5637404003788259,-0.48054771093571935,-0.9019267788874382,0.9538505081700629,2015-01-31,Ambulance,-0.8238649762007128,-1.2101737191482849,-0.4384308670313317,-1.523945785733566,-0.2567216858224962,0.6013225518802623,-1.014992526986205,1,-1.4147801864822238,-0.9285458485845719,1.0119672581156953,0.7578206403856677,-1.305159096390018,-1.360764497328115,-0.12958907625083857,0.36704713820288415,0.5885544318738691,0.3743247189079271,-0.3588522192050495,1.6152057698578444
-1.5305070874499205,2008-03-13,250/500,1.4188258923848136,-0.835863949333104,-0.48054771093571935,0.9323594175834863,0.9538505081700629,2015-01-05,Other,2.1220169410843153,0.009759465477002306,-1.3386995878348875,0.23280776890805557,2.0202166413968525,0.7146891797273567,-1.680234229090871,0,0.298041334358157,-0.9285458485845719,0.2918125783627955,0.7578206403856677,0.8595723265323993,-0.6148153417848631,-0.47991642324066014,1.4777448606394794,0.3406724586011453,0.3743247189079271,1.1294749572214562,-0.5342117343357785
-0.434233835211599,1996-08-20,100/300,-1.038724729528836,-0.8870995023326117,-0.48054771093571935,-0.9019267788874382,0.9538505081700629,2015-02-03,Ambulance,-0.8238649762007128,0.009759465477002306,-0.4384308670313317,-0.08902456257238155,-0.08252968264724549,-0.5259867194216858,0.9807325793277929,0,0.9971218684273209,-0.9285458485845719,0.2918125783627955,0.5457165052879057,0.6889613292451924,-0.6148153417848631,-0.10897717628887865,0.36704713820288415,0.5885544318738691,0.846356037103883,-1.2086686625349987,-0.5342117343357785
0.0042754656837296155,2014-07-27,250/500,-0.2195411888909527,0.18622175005499214,2.133492421080886,0.792364972060265,-1.5274559339955724,2015-02-17,Ambulance,1.1400563019893057,1.2296926501022896,1.3621065745757797,-0.8474829233861506,0.5188474711720725,-0.785564512155687,1.3133534303801258,0,-1.4147801864822238,1.0769527444706675,-1.3385668981870218,0.7578206403856677,0.6889613292451924,0.877629967425337,-0.7525478016127732,-0.18525772913946104,0.3406724586011453,0.846356037103883,-0.4966602910963925,-0.5342117343357785
-0.10535185954010252,1992-11-09,100/300,1.4188258923848136,1.3600450879900678,-0.48054771093571935,1.2374755168007634,-0.18890324783448362,2015-01-09,Other,-0.8238649762007128,-1.2101737191482849,-1.3386995878348875,-0.3432106078180771,-0.3396702587630918,-0.4836066716283795,-0.6823716759338719,0,0.9971218684273209,1.0769527444706675,-1.3385668981870218,0.5457165052879057,0.9491431001081818,-0.4323437137277715,-0.2705744719906447,-0.18525772913946104,0.5885544318738691,0.08671477239350854,-1.2086686625349987,-0.5342117343357785
-0.7631158108830954,2012-06-04,500/1000,-1.038724729528836,0.5835536686724703,-0.48054771093571935,1.6287420440323306,0.9538505081700629,2015-02-08,Police,-0.8238649762007128,1.2296926501022896,-1.3386995878348875,-1.4562994994988245,-1.3972645637556855,-1.8519524647547572,-1.1813029525123715,0,0.9971218684273209,-0.9285458485845719,1.0119672581156953,-1.5215003504028333,-1.23638377514092,0.6116045429450133,-0.3109737959160864,-1.0702878146273995,-2.061745637196139,-2.057009655154806,0.3577497546299348,-0.6299623058706817
0.4427847665790582,2001-05-13,100/300,1.4188258923848136,0.3909588557559863,-0.48054771093571935,0.5590408961882296,-0.7300202911762004,2015-02-06,Fire,-0.8238649762007128,-1.2101737191482849,1.3621065745757797,0.6571344734714345,0.6723023311121743,0.2453301504164892,0.14918045169696045,1,-1.4147801864822238,1.0769527444706675,0.2918125783627955,0.5457165052879057,0.8595723265323993,0.9577113773675267,-0.4060310286818311,0.7570369184318504,0.5885544318738691,0.3743247189079271,-0.4966602910963925,1.6152057698578444
-1.201625111778424,2011-09-17,250/500,-0.2195411888909527,-0.48406562865754177,2.133492421080886,0.6200641160316851,0.9538505081700629,2015-01-14,Fire,1.1400563019893057,0.009759465477002306,0.461837853772224,-0.5051517172891251,-0.5034936903207681,-0.16628606377599844,-0.8486821014600384,1,0.9971218684273209,-0.9285458485845719,1.0119672581156953,0.7578206403856677,-1.305159096390018,0.5115267965346528,-0.2986569288656468,-1.2987279697173422,0.3406724586011453,0.3743247189079271,0.8830942100667314,1.6152057698578444
0.6620394170267224,2011-07-15,250/500,-0.2195411888909527,0.5770312884267367,-0.48054771093571935,1.176452296957308,0.9538505081700629,2015-01-22,Other,1.1400563019893057,0.009759465477002306,0.461837853772224,1.3704953101287092,1.393954915695356,0.9827429820200191,-1.014992526986205,0,0.298041334358157,1.0769527444706675,0.2918125783627955,0.7578206403856677,0.6889613292451924,-0.18218099784304848,-0.8986003257406907,0.7570369184318504,0.3406724586011453,0.3743247189079271,-0.4966602910963925,-0.6299623058706817
0.0042754656837296155,2005-07-27,250/500,-1.038724729528836,-1.7796400645129855,-0.48054771093571935,-0.9019267788874382,0.9538505081700629,2015-02-23,Other,1.1400563019893057,1.2296926501022896,0.461837853772224,-0.26326499681338256,1.016538908815646,0.2712879296898893,1.1470430048539593,0,0.298041334358157,1.0769527444706675,1.0119672581156953,0.7578206403856677,-1.305159096390018,-1.3569835982093803,-0.10897717628887865,-1.0702878146273995,0.3406724586011453,0.3743247189079271,-1.2086686625349987,1.6152057698578444
-1.311252437002256,2005-10-18,100/300,-1.038724729528836,-1.1973022659693422,-0.48054771093571935,1.2518339214698118,-0.997018832298758,2015-02-22,Ambulance,1.1400563019893057,-1.2101737191482849,-0.4384308670313317,0.21845855667644373,0.22852746587998796,-0.20813636097188842,1.3133534303801258,0,0.9971218684273209,-0.9285458485845719,1.0119672581156953,0.5457165052879057,-1.305159096390018,0.6116045429450133,-0.3109737959160864,-0.18525772913946104,0.3406724586011453,0.3743247189079271,1.1294749572214562,1.6152057698578444
-0.6534884856592632,1996-01-19,500/1000,-0.2195411888909527,2.7313447687110766,-0.48054771093571935,-0.9019267788874382,-0.6552606996618843,2015-01-24,Police,-0.8238649762007128,1.2296926501022896,-0.4384308670313317,-0.5645984536772313,0.40686689770226847,-0.2738254350515132,-0.5160612504077055,0,0.298041334358157,-0.9285458485845719,1.0119672581156953,-1.5215003504028333,-1.23638377514092,-0.18218099784304848,-0.12958907625083857,0.7570369184318504,0.5885544318738691,0.08671477239350854,-1.2086686625349987,-0.5342117343357785
-0.7631158108830954,2005-09-29,250/500,1.4188258923848136,1.5088291958597349,-0.48054771093571935,1.442082783334702,-1.381496731515241,2015-02-09,Ambulance,-0.8238649762007128,0.009759465477002306,-0.4384308670313317,2.034658847706172,0.26585432370325596,0.7496527191568344,0.14918045169696045,0,0.9971218684273209,1.0769527444706675,1.0119672581156953,0.7578206403856677,1.0750375053644652,2.11865766535986,-0.4060310286818311,-0.18525772913946104,0.5885544318738691,0.08671477239350854,-1.2086686625349987,-0.6299623058706817
-0.5438611604354311,1997-02-18,250/500,1.4188258923848136,0.0830532826460553,-0.48054771093571935,2.1456446121180703,0.9538505081700629,2015-01-19,Police,-0.8238649762007128,0.009759465477002306,0.461837853772224,1.3130984612022618,-0.0991193972353646,0.5568235016972907,-1.5139238035647045,1,0.9971218684273209,-0.9285458485845719,-1.3385668981870218,0.7578206403856677,0.8595723265323993,2.11865766535986,0.31597797632307734,1.4777448606394794,0.5885544318738691,0.846356037103883,-0.4966602910963925,1.6152057698578444
0.11390279090756175,2010-05-11,100/300,-0.2195411888909527,0.7479668763762543,-0.48054771093571935,0.7241625498822855,0.22761447631670623,2015-01-01,Police,-0.8238649762007128,-1.2101737191482849,-1.3386995878348875,-1.439900399805554,-1.4491074218435578,-1.8572499707289205,1.6459742814324587,0,0.298041334358157,-0.9285458485845719,1.0119672581156953,0.5457165052879057,-1.23638377514092,0.5115267965346528,-0.3109737959160864,1.4777448606394794,-2.199388964623129,-2.057009655154806,-0.3588522192050495,-0.6299623058706817
-1.201625111778424,2009-02-06,250/500,-0.2195411888909527,0.0995438289277222,-0.48054771093571935,1.5713084253561371,0.9538505081700629,2015-01-07,Fire,1.1400563019893057,-1.2101737191482849,1.3621065745757797,-0.18126949834702913,-0.17584682720541553,0.7666047382741569,0.8144221538016264,0,0.9971218684273209,-0.9285458485845719,-1.3385668981870218,0.7578206403856677,1.0750375053644652,0.6116045429450133,-0.7939293501156832,0.36704713820288415,0.3406724586011453,0.846356037103883,0.8830942100667314,-0.6299623058706817
0.7716667422505546,2013-07-09,500/1000,-1.038724729528836,0.37668345748230436,-0.48054771093571935,0.7600585615549064,-1.8051344167630323,2015-02-01,Fire,1.1400563019893057,0.009759465477002306,0.461837853772224,1.3130984612022618,-0.0991193972353646,0.9234109151093903,-1.014992526986205,0,-1.4147801864822238,-0.9285458485845719,1.0119672581156953,-1.5215003504028333,-1.23638377514092,-0.6148153417848631,-0.4060310286818311,0.7570369184318504,0.3406724586011453,0.846356037103883,1.1294749572214562,-0.6299623058706817
-0.7631158108830954,1992-06-06,250/500,-0.2195411888909527,-0.24142487926435682,-0.48054771093571935,-0.9019267788874382,-0.5840610886958689,2015-02-21,Other,1.1400563019893057,-1.2101737191482849,0.461837853772224,0.9892162422601658,1.0082440515215865,0.5886085375422704,-1.680234229090871,0,-1.4147801864822238,-0.9285458485845719,-1.3385668981870218,0.7578206403856677,0.9491431001081818,-1.360764497328115,-0.09343897477909328,0.36704713820288415,0.3406724586011453,0.3743247189079271,-0.3588522192050495,-0.5342117343357785
-0.434233835211599,1998-03-08,100/300,1.4188258923848136,-0.14678883381210403,-0.48054771093571935,1.826170108231745,0.9538505081700629,2015-01-21,Police,-0.8238649762007128,-1.2101737191482849,-0.4384308670313317,0.41524775299569194,-0.5532628340851254,-0.004712131564018092,0.4818013027492934,0,0.9971218684273209,1.0769527444706675,0.2918125783627955,0.5457165052879057,-1.305159096390018,-0.18218099784304848,-0.8986003257406907,1.4777448606394794,0.5885544318738691,0.846356037103883,-0.4966602910963925,-0.5342117343357785
0.2235301161313939,2004-03-29,500/1000,1.4188258923848136,-1.1824935913233676,-0.48054771093571935,-0.9019267788874382,-0.7905399604973135,2015-01-19,Police,-0.8238649762007128,1.2296926501022896,1.3621065745757797,-1.427601075035601,-1.3392005626972687,-1.8101021675588673,-0.6823716759338719,0,0.9971218684273209,1.0769527444706675,1.0119672581156953,-1.5215003504028333,-1.305159096390018,0.779381941338854,-0.2705744719906447,0.7570369184318504,-2.199388964623129,-2.057009655154806,0.8830942100667314,-0.8134538954280631
-0.5438611604354311,2006-06-01,250/500,-0.2195411888909527,-0.14888091804186773,-0.48054771093571935,1.2015795051281426,-0.06786390919225752,2015-02-27,Police,-0.8238649762007128,1.2296926501022896,-0.4384308670313317,-1.1365170554800463,-1.2728417043447922,-1.7422940910895772,1.3133534303801258,0,-1.4147801864822238,1.0769527444706675,1.0119672581156953,0.7578206403856677,1.0750375053644652,-0.18218099784304848,-0.2705744719906447,-1.0702878146273995,-2.061745637196139,-2.057009655154806,0.8830942100667314,-0.6299623058706817
-1.0919977865545918,1994-06-08,250/500,1.4188258923848136,-0.07541184244369528,2.133492421080886,-0.9019267788874382,-1.0468585599749687,2015-02-14,Ambulance,-0.8238649762007128,1.2296926501022896,1.3621065745757797,-0.07262546287911087,1.4022497729894154,0.6161555686079194,1.1470430048539593,1,0.9971218684273209,1.0769527444706675,1.0119672581156953,0.7578206403856677,0.9491431001081818,2.11865766535986,0.31597797632307734,1.4777448606394794,0.5885544318738691,0.846356037103883,0.8830942100667314,1.6152057698578444
-0.8727431361069276,1998-02-12,500/1000,1.4188258923848136,0.2614957610670786,-0.48054771093571935,1.0400474526013488,0.9538505081700629,2015-02-01,Police,1.1400563019893057,-1.2101737191482849,1.3621065745757797,-0.4846528426725367,-0.4827565470856192,-0.12920352195685542,0.9807325793277929,0,-1.4147801864822238,-0.9285458485845719,1.0119672581156953,-1.5215003504028333,0.6889613292451924,0.9577113773675267,-0.2705744719906447,0.7570369184318504,0.3406724586011453,0.846356037103883,-1.2086686625349987,-0.5342117343357785
2.0871946449365404,2000-11-16,100/300,-1.038724729528836,-1.0912623104019066,-0.48054771093571935,-0.9019267788874382,-1.1073782292960819,2015-02-02,Police,-0.8238649762007128,1.2296926501022896,-0.4384308670313317,0.04216823497378391,1.634505777223083,2.0380061720733464,-0.5160612504077055,1,0.9971218684273209,-0.9285458485845719,0.2918125783627955,0.5457165052879057,-0.703459734131903,2.11865766535986,2.854601800241727,0.7570369184318504,0.5885544318738691,0.3743247189079271,1.1294749572214562,1.6152057698578444
0.2235301161313939,2004-10-24,500/1000,-1.038724729528836,0.5804770742169354,1.2621457104086844,-0.9019267788874382,-1.0788983849096756,2015-02-01,Fire,1.1400563019893057,1.2296926501022896,-1.3386995878348875,1.099910165189743,-0.20695254205813887,0.3639942842377469,-1.5139238035647045,1,0.298041334358157,1.0769527444706675,1.0119672581156953,-1.5215003504028333,-1.305159096390018,0.6116045429450133,0.17037985085513224,0.36704713820288415,0.3406724586011453,0.08671477239350854,1.1294749572214562,1.6152057698578444
-0.10535185954010252,2009-11-08,100/300,-1.038724729528836,0.40232174461176173,-0.48054771093571935,1.1836314992918322,0.9538505081700629,2015-01-19,Fire,-0.8238649762007128,0.009759465477002306,-0.4384308670313317,-0.5543490163689372,-0.5532628340851254,-0.004712131564018092,1.4796638559062922,0,0.9971218684273209,-0.9285458485845719,1.0119672581156953,0.5457165052879057,0.9491431001081818,-1.360764497328115,-0.7939293501156832,1.4777448606394794,0.5885544318738691,0.3743247189079271,-1.2086686625349987,-0.6299623058706817
-1.311252437002256,1996-09-21,100/300,-0.2195411888909527,0.5230473110469509,-0.48054771093571935,-0.43168902597610537,-0.4060620612808305,2015-02-18,Other,-0.8238649762007128,1.2296926501022896,1.3621065745757797,0.31275337991275015,0.32391832476167287,0.8386508195227776,0.3154908772231269,1,0.9971218684273209,1.0769527444706675,-1.3385668981870218,0.5457165052879057,1.0750375053644652,-1.3569835982093803,0.14810943050938574,0.36704713820288415,0.5885544318738691,0.846356037103883,0.8830942100667314,1.6152057698578444
0.2235301161313939,1995-07-16,250/500,-1.038724729528836,-1.6817633395675688,-0.48054771093571935,-0.9019267788874382,0.9538505081700629,2015-02-08,Other,-0.8238649762007128,0.009759465477002306,-1.3386995878348875,2.018259748012901,2.049248641926061,2.110052253321967,0.9807325793277929,1,-1.4147801864822238,-0.9285458485845719,1.0119672581156953,0.7578206403856677,0.6889613292451924,0.877629967425337,-0.12958907625083857,0.36704713820288415,0.5885544318738691,0.08671477239350854,0.8830942100667314,1.6152057698578444
-0.7631158108830954,2001-06-09,100/300,-0.2195411888909527,-1.0540150068602312,-0.48054771093571935,-0.9019267788874382,0.9538505081700629,2015-01-09,Other,-0.8238649762007128,0.009759465477002306,-1.3386995878348875,0.017569585433877884,1.5847366334587258,1.1776912018692283,1.4796638559062922,0,0.9971218684273209,-0.9285458485845719,1.0119672581156953,0.5457165052879057,1.0750375053644652,0.9577113773675267,0.10538658331550528,0.7570369184318504,0.5885544318738691,0.08671477239350854,-0.4966602910963925,-0.5342117343357785
0.6620394170267224,2002-10-06,100/300,-0.2195411888909527,-0.8626508317259609,-0.48054771093571935,-0.9019267788874382,0.9538505081700629,2015-02-27,Fire,1.1400563019893057,1.2296926501022896,-0.4384308670313317,0.6653340233180698,-0.4267662603507172,-0.3119674780654889,0.6481117282754599,0,0.9971218684273209,1.0769527444706675,1.0119672581156953,0.5457165052879057,-1.305159096390018,-1.360764497328115,0.17037985085513224,-1.2987279697173422,0.3406724586011453,0.846356037103883,1.1294749572214562,1.6152057698578444
-0.7631158108830954,1997-07-14,250/500,-1.038724729528836,-0.4060021720057701,-0.48054771093571935,0.2431559934691663,-0.6339008163720796,2015-01-08,Police,1.1400563019893057,0.009759465477002306,1.3621065745757797,0.48084415176877465,0.49396289928989384,0.32214398704185687,0.14918045169696045,1,-1.4147801864822238,1.0769527444706675,0.2918125783627955,0.7578206403856677,-1.23638377514092,2.11865766535986,-0.8889085687383753,-1.0702878146273995,0.3406724586011453,0.846356037103883,-0.4966602910963925,-0.5342117343357785
1.6486853440412117,1994-11-11,100/300,-0.2195411888909527,0.47283728953262155,-0.48054771093571935,-0.2701569734493116,0.9538505081700629,2015-01-08,Fire,1.1400563019893057,1.2296926501022896,1.3621065745757797,0.6366355988548461,0.6515651878770254,0.22414012651983603,-1.347613378038538,0,0.9971218684273209,-0.9285458485845719,-1.3385668981870218,0.5457165052879057,-1.305159096390018,0.877629967425337,-0.10897717628887865,-1.0702878146273995,0.3406724586011453,0.846356037103883,-1.2086686625349987,-0.5342117343357785
-0.6534884856592632,2012-06-23,100/300,-0.2195411888909527,-0.8366843745212468,2.569165776416987,0.964665828088845,-0.6303408358237789,2015-02-24,Ambulance,1.1400563019893057,0.009759465477002306,1.3621065745757797,0.32915247960602084,0.340508039349792,-0.09371023192996136,1.3133534303801258,1,0.9971218684273209,-0.9285458485845719,-1.3385668981870218,0.5457165052879057,-1.305159096390018,-1.360764497328115,0.14810943050938574,-1.0702878146273995,0.3406724586011453,0.846356037103883,1.1294749572214562,-0.6299623058706817
1.2101760431458832,2007-02-18,100/300,-0.2195411888909527,0.07542332839632919,-0.48054771093571935,-0.9019267788874382,0.9538505081700629,2015-02-12,Police,-0.8238649762007128,1.2296926501022896,1.3621065745757797,-1.523945785733566,-1.5341297091076682,-0.03437816501933252,-1.5139238035647045,1,0.298041334358157,1.0769527444706675,0.2918125783627955,0.5457165052879057,-0.703459734131903,0.5115267965346528,-0.49673854432325054,1.4777448606394794,0.5885544318738691,0.3743247189079271,-0.4966602910963925,1.6152057698578444
2.416076620608037,2005-06-27,100/300,1.4188258923848136,0.5978700882055593,-0.48054771093571935,-0.9019267788874382,0.9538505081700629,2015-02-18,Police,1.1400563019893057,1.2296926501022896,-0.4384308670313317,-0.04597692587754601,1.4561663454008027,0.6643628729728054,0.14918045169696045,0,-1.4147801864822238,1.0769527444706675,1.0119672581156953,0.5457165052879057,0.6889613292451924,2.11865766535986,-0.3109737959160864,-1.2987279697173422,0.3406724586011453,0.846356037103883,-0.4966602910963925,-0.6299623058706817
2.1968219701603724,1999-09-29,250/500,-1.038724729528836,0.35834695452731635,2.569165776416987,-0.9019267788874382,0.9538505081700629,2015-02-06,Police,-0.8238649762007128,1.2296926501022896,1.3621065745757797,-1.2574604157179177,-1.3993382780792005,-1.7682518703629773,1.3133534303801258,0,0.298041334358157,-0.9285458485845719,1.0119672581156953,0.7578206403856677,0.6889613292451924,-0.6148153417848631,-0.09343897477909328,1.4777448606394794,-2.061745637196139,-2.057009655154806,-1.2086686625349987,-0.6299623058706817
-0.10535185954010252,2006-05-14,100/300,-0.2195411888909527,-0.24322981467827084,-0.48054771093571935,0.1390575596185659,0.9538505081700629,2015-02-14,Ambulance,1.1400563019893057,1.2296926501022896,-1.3386995878348875,1.149107464269555,1.1699937687557478,0.753890723936165,1.3133534303801258,0,0.9971218684273209,1.0769527444706675,1.0119672581156953,0.5457165052879057,-1.305159096390018,-0.18218099784304848,-0.47991642324066014,0.36704713820288415,0.3406724586011453,0.3743247189079271,-1.2086686625349987,-0.5342117343357785
-1.0919977865545918,2010-04-29,100/300,-1.038724729528836,-0.22054505822612708,-0.48054771093571935,1.3415739506513638,-1.427776478643151,2015-02-05,Police,-0.8238649762007128,1.2296926501022896,-1.3386995878348875,-1.2697597404878707,-1.405559421049745,-1.7793766329087202,-1.014992526986205,0,0.9971218684273209,-0.9285458485845719,1.0119672581156953,0.5457165052879057,0.6889613292451924,0.779381941338854,-0.2705744719906447,1.4777448606394794,-2.199388964623129,-2.057009655154806,-0.4966602910963925,-0.6299623058706817
-0.3246065099877668,1992-11-10,500/1000,-0.2195411888909527,-0.42909714105198477,-0.48054771093571935,0.5195552833483468,-1.9795734636297702,2015-01-25,Police,-0.8238649762007128,1.2296926501022896,1.3621065745757797,-1.4091520878806714,-1.1857457027571667,-1.801626158000206,1.4796638559062922,0,0.9971218684273209,-0.9285458485845719,0.2918125783627955,-1.5215003504028333,-0.703459734131903,-1.360764497328115,0.14810943050938574,-0.18525772913946104,-2.061745637196139,-2.057009655154806,-0.3588522192050495,-0.6299623058706817
0.9909213926982189,1999-07-24,500/1000,1.4188258923848136,-0.4692159327521605,2.569165776416987,-0.9019267788874382,-0.9685389879123518,2015-01-16,Ambulance,-0.8238649762007128,1.2296926501022896,-1.3386995878348875,0.874422544407271,0.8921160494047526,0.7798485032095651,-1.347613378038538,0,0.9971218684273209,-0.9285458485845719,1.0119672581156953,-1.5215003504028333,0.9491431001081818,0.9577113773675267,-0.7525478016127732,0.36704713820288415,0.5885544318738691,0.3743247189079271,0.8830942100667314,-0.5342117343357785
0.9909213926982189,1992-02-22,500/1000,-0.2195411888909527,0.30793182671595154,-0.48054771093571935,0.8821050012418171,-1.150097995875691,2015-01-28,Ambulance,0.15809566289429652,1.2296926501022896,-0.4384308670313317,1.1901052135027317,1.2114680552260457,1.146965667219081,-0.5160612504077055,0,-1.4147801864822238,-0.9285458485845719,-1.3385668981870218,-1.5215003504028333,0.9491431001081818,2.11865766535986,0.17037985085513224,-0.18525772913946104,0.3406724586011453,0.08671477239350854,-0.4966602910963925,-0.5342117343357785
-0.9823704613307597,2002-09-13,500/1000,-0.2195411888909527,-0.37109308025030097,-0.48054771093571935,0.8103129778965755,-1.1572179569722925,2015-01-21,Fire,-0.8238649762007128,1.2296926501022896,-1.3386995878348875,0.687882785396317,2.9409458010374636,1.991917870098126,-1.347613378038538,1,0.298041334358157,-0.9285458485845719,0.2918125783627955,-1.5215003504028333,-1.305159096390018,-0.6148153417848631,-0.2986569288656468,0.36704713820288415,0.5885544318738691,0.3743247189079271,0.8830942100667314,1.6152057698578444
-0.5438611604354311,2003-08-09,250/500,-1.038724729528836,0.9765373337927927,-0.48054771093571935,0.46571126583941547,-0.16398338399637824,2015-01-07,Fire,1.1400563019893057,1.2296926501022896,-1.3386995878348875,2.202749619562196,2.235882931042401,1.3615146591726943,0.9807325793277929,0,-1.4147801864822238,-0.9285458485845719,-1.3385668981870218,0.7578206403856677,-1.305159096390018,-0.6148153417848631,0.17037985085513224,-0.18525772913946104,0.3406724586011453,0.846356037103883,0.3577497546299348,-0.5342117343357785
-1.0919977865545918,2007-12-04,500/1000,-0.2195411888909527,0.3319292634691242,-0.48054771093571935,1.6610484545376893,0.9538505081700629,2015-02-23,Ambulance,1.1400563019893057,1.2296926501022896,0.461837853772224,0.7637286214776939,-0.3769971165863598,0.35551827467908564,1.1470430048539593,0,-1.4147801864822238,-0.9285458485845719,-1.3385668981870218,-1.5215003504028333,1.0750375053644652,-0.010873920661118891,-0.49673854432325054,0.36704713820288415,0.3406724586011453,0.08671477239350854,-1.2086686625349987,-0.6299623058706817
-1.201625111778424,2002-07-22,250/500,1.4188258923848136,1.3576248336850474,-0.48054771093571935,-0.9019267788874382,-0.0037842593228436905,2015-02-14,Fire,-0.8238649762007128,1.2296926501022896,-0.4384308670313317,1.1327083645762843,1.1534040541676287,0.3936603176930613,1.1470430048539593,1,-1.4147801864822238,-0.9285458485845719,1.0119672581156953,0.7578206403856677,-0.703459734131903,0.877629967425337,0.20499583030558555,-0.18525772913946104,0.5885544318738691,0.846356037103883,-1.2086686625349987,1.6152057698578444
0.6620394170267224,1992-07-03,500/1000,-0.2195411888909527,0.4318980726443039,-0.48054771093571935,-0.9019267788874382,-0.8652995520116296,2015-02-27,Ambulance,1.1400563019893057,-1.2101737191482849,-1.3386995878348875,1.099910165189743,-0.20695254205813887,0.3639942842377469,-1.014992526986205,0,0.298041334358157,1.0769527444706675,-1.3385668981870218,-1.5215003504028333,-1.23638377514092,0.9577113773675267,0.31597797632307734,-0.18525772913946104,0.3406724586011453,0.3743247189079271,-0.4966602910963925,-0.6299623058706817
0.7716667422505546,2005-03-29,250/500,-1.038724729528836,0.7869370728130294,-0.48054771093571935,-0.9019267788874382,-0.8261397659803211,2015-02-21,Police,-0.8238649762007128,-1.2101737191482849,-0.4384308670313317,-1.388653213264083,-1.3972645637556855,-1.764543616181063,1.6459742814324587,0,0.298041334358157,-0.9285458485845719,1.0119672581156953,0.7578206403856677,-1.305159096390018,-0.18218099784304848,-0.49673854432325054,-1.2987279697173422,-2.061745637196139,-2.057009655154806,0.8830942100667314,-0.8134538954280631
-0.21497918476393468,2008-03-16,250/500,1.4188258923848136,-0.061669720542305566,-0.48054771093571935,1.8046325012281725,0.9538505081700629,2015-01-05,Police,-0.8238649762007128,0.009759465477002306,-1.3386995878348875,-1.3866033258024242,-1.3951908494321705,-1.7253420719722545,0.9807325793277929,0,0.298041334358157,1.0769527444706675,-1.3385668981870218,0.7578206403856677,-1.23638377514092,-1.360764497328115,-0.47991642324066014,0.36704713820288415,-2.061745637196139,-2.057009655154806,-0.4966602910963925,-0.6299623058706817
0.33315744135522607,1999-05-23,250/500,-1.038724729528836,-0.543136242203812,-0.48054771093571935,-0.9019267788874382,0.9538505081700629,2015-01-30,Police,1.1400563019893057,-1.2101737191482849,-1.3386995878348875,0.923619843487083,0.11654689241018391,-0.3225624900138155,0.14918045169696045,0,0.9971218684273209,1.0769527444706675,0.2918125783627955,0.7578206403856677,-0.703459734131903,-0.010873920661118891,-0.09343897477909328,0.36704713820288415,0.3406724586011453,0.846356037103883,-0.4966602910963925,-0.6299623058706817
-1.201625111778424,2012-11-22,250/500,1.4188258923848136,-0.7264192292348761,-0.48054771093571935,2.285639057641292,0.9538505081700629,2015-02-26,Ambulance,-0.8238649762007128,-1.2101737191482849,-0.4384308670313317,-0.1505211864221466,-0.14474111235269219,0.12030900942623554,0.3154908772231269,1,-1.4147801864822238,1.0769527444706675,1.0119672581156953,0.7578206403856677,-1.23638377514092,-0.18218099784304848,-0.09343897477909328,-1.2987279697173422,0.5885544318738691,0.846356037103883,0.3577497546299348,-0.5342117343357785
-1.0919977865545918,1993-01-29,250/500,-0.2195411888909527,0.7825888193158737,-0.48054771093571935,0.35802323082155296,-1.1785778402620972,2015-01-10,Other,1.1400563019893057,0.009759465477002306,-1.3386995878348875,-0.5010519423658074,-0.4993462616737383,-0.15886955541216982,-0.6823716759338719,0,0.9971218684273209,1.0769527444706675,0.2918125783627955,0.7578206403856677,0.8595723265323993,-0.4323437137277715,0.20499583030558555,0.7570369184318504,0.3406724586011453,0.846356037103883,0.8830942100667314,-0.5342117343357785
-0.8727431361069276,2003-02-11,250/500,-1.038724729528836,-0.11421795384284117,1.2621457104086844,-0.9019267788874382,-2.1896123159795153,2015-02-23,Fire,1.1400563019893057,-1.2101737191482849,0.461837853772224,0.751429296707741,0.0004188902933500982,-0.44122662383507316,1.4796638559062922,0,-1.4147801864822238,-0.9285458485845719,1.0119672581156953,0.7578206403856677,0.9491431001081818,0.779381941338854,-0.8889085687383753,0.7570369184318504,0.3406724586011453,0.3743247189079271,0.3577497546299348,1.6152057698578444
0.5524120918028903,1990-08-15,100/300,-0.2195411888909527,-0.12517063010454565,-0.48054771093571935,1.0328682502668247,0.9538505081700629,2015-02-05,Police,-0.8238649762007128,-1.2101737191482849,-0.4384308670313317,-1.3989026505723772,-1.2811365616388517,-1.7830848870906344,-0.5160612504077055,0,0.298041334358157,-0.9285458485845719,-1.3385668981870218,0.5457165052879057,1.0750375053644652,0.9577113773675267,-0.8889085687383753,-0.18525772913946104,-2.199388964623129,-2.057009655154806,-1.2086686625349987,-0.8134538954280631
0.7716667422505546,2010-03-06,100/300,1.4188258923848136,-1.4731292142228964,2.133492421080886,-0.9019267788874382,-0.5164214582781543,2015-01-21,Other,-0.8238649762007128,0.009759465477002306,-1.3386995878348875,1.7394750532272993,1.767223493928036,0.5208004610729803,0.9807325793277929,0,-1.4147801864822238,1.0769527444706675,1.0119672581156953,0.5457165052879057,0.9491431001081818,0.6116045429450133,0.20499583030558555,0.7570369184318504,0.5885544318738691,0.846356037103883,0.3577497546299348,-0.6299623058706817
-0.5438611604354311,1990-09-27,100/300,-1.038724729528836,1.8450804592199943,-0.48054771093571935,-0.9019267788874382,0.9538505081700629,2015-01-07,Ambulance,-0.8238649762007128,0.009759465477002306,-0.4384308670313317,0.23075788144639675,0.2409697518210773,1.1649771875312362,-1.1813029525123715,0,-1.4147801864822238,1.0769527444706675,-1.3385668981870218,0.5457165052879057,-1.305159096390018,-0.4323437137277715,-0.7525478016127732,1.4777448606394794,0.5885544318738691,0.3743247189079271,3.415890619557508,-0.6299623058706817
0.6620394170267224,2005-06-17,250/500,-0.2195411888909527,-0.011582762806197496,-0.48054771093571935,-0.9019267788874382,-0.6517007191135835,2015-01-11,Fire,-0.8238649762007128,-1.2101737191482849,-0.4384308670313317,0.8088261456341883,0.8257571910522762,0.10070823732183137,-0.349750824881539,0,0.9971218684273209,-0.9285458485845719,0.2918125783627955,0.7578206403856677,1.0750375053644652,-0.6148153417848631,-0.8889085687383753,1.4777448606394794,0.5885544318738691,0.846356037103883,0.8830942100667314,-0.6299623058706817
0.11390279090756175,2001-09-14,500/1000,-1.038724729528836,-1.525677447523432,-0.48054771093571935,0.06726553627332424,-1.1429780347790894,2015-02-06,Other,-0.8238649762007128,-1.2101737191482849,-0.4384308670313317,1.161406789039508,1.182436054696837,1.1135913795818524,-1.1813029525123715,0,0.298041334358157,-0.9285458485845719,0.2918125783627955,-1.5215003504028333,-1.305159096390018,-0.010873920661118891,-0.12958907625083857,1.4777448606394794,0.5885544318738691,0.3743247189079271,-1.2086686625349987,-0.5342117343357785
0.0042754656837296155,2011-01-07,100/300,-1.038724729528836,-0.8631841080982541,1.2621457104086844,-0.9019267788874382,-0.17466332564128056,2015-01-24,Police,-0.8238649762007128,1.2296926501022896,-0.4384308670313317,-1.4317008499589186,-1.3474954199913283,-1.8185781771175284,0.8144221538016264,0,0.298041334358157,1.0769527444706675,1.0119672581156953,0.5457165052879057,0.9491431001081818,0.6116045429450133,-0.3109737959160864,0.7570369184318504,-2.199388964623129,-2.057009655154806,-0.4966602910963925,-0.8134538954280631
-0.3246065099877668,2003-09-13,500/1000,1.4188258923848136,1.8692419810107952,-0.48054771093571935,1.6897652638757859,0.9538505081700629,2015-02-18,Fire,1.1400563019893057,1.2296926501022896,-1.3386995878348875,0.5710392000817633,-0.4744616897915596,-0.11437050522919819,0.14918045169696045,0,-1.4147801864822238,1.0769527444706675,1.0119672581156953,-1.5215003504028333,-0.703459734131903,-0.7554705550788714,-0.4060310286818311,0.36704713820288415,0.3406724586011453,0.08671477239350854,-0.3588522192050495,1.6152057698578444
1.6486853440412117,1997-10-24,500/1000,1.4188258923848136,-0.6534424087495888,-0.48054771093571935,0.1605951666221384,0.15997484589899164,2015-01-12,Police,-0.8238649762007128,1.2296926501022896,1.3621065745757797,1.9198651498532768,1.9497103543973464,1.5506356224503237,-1.347613378038538,0,0.9971218684273209,-0.9285458485845719,0.2918125783627955,-1.5215003504028333,-1.305159096390018,-1.3569835982093803,0.14810943050938574,0.36704713820288415,0.5885544318738691,0.08671477239350854,0.8830942100667314,-0.6299623058706817
-1.311252437002256,2009-01-04,250/500,-1.038724729528836,0.4379692190365595,1.2621457104086844,0.9323594175834863,0.9538505081700629,2015-01-17,Police,-0.8238649762007128,1.2296926501022896,1.3621065745757797,1.866568075850147,1.8957937819859592,1.0574378162557214,0.6481117282754599,0,0.298041334358157,-0.9285458485845719,0.2918125783627955,0.7578206403856677,-1.305159096390018,0.6116045429450133,-0.3109737959160864,-1.2987279697173422,0.5885544318738691,0.08671477239350854,-0.3588522192050495,-0.5342117343357785
-1.4208797622260882,1998-10-12,100/300,-1.038724729528836,0.5163608457635889,2.569165776416987,-0.9019267788874382,-0.1248235979650698,2015-01-12,Police,-0.8238649762007128,0.009759465477002306,-0.4384308670313317,1.5262867572147807,0.008713747587409656,1.143787163634583,0.9807325793277929,1,-1.4147801864822238,1.0769527444706675,1.0119672581156953,0.5457165052879057,0.6889613292451924,0.6116045429450133,2.854601800241727,1.4777448606394794,0.5885544318738691,0.846356037103883,0.8830942100667314,-0.6299623058706817
0.7716667422505546,1993-02-23,100/300,-0.2195411888909527,-0.47442563269686616,2.569165776416987,-0.9019267788874382,0.9538505081700629,2015-01-06,Ambulance,-0.8238649762007128,-1.2101737191482849,0.461837853772224,-0.3985575692828657,-0.39566054549799384,0.3173762316651099,1.3133534303801258,0,0.298041334358157,1.0769527444706675,1.0119672581156953,0.5457165052879057,-1.305159096390018,0.877629967425337,-0.2986569288656468,0.36704713820288415,0.5885544318738691,0.3743247189079271,-0.4966602910963925,1.6152057698578444
-0.434233835211599,1996-07-07,500/1000,-1.038724729528836,-0.8293415690873703,2.569165776416987,-0.9019267788874382,-0.8724195131082311,2015-02-25,Fire,-0.8238649762007128,1.2296926501022896,1.3621065745757797,0.128263508363455,1.808697780398334,1.4065434599530824,0.3154908772231269,1,0.298041334358157,1.0769527444706675,0.2918125783627955,-1.5215003504028333,0.6889613292451924,0.6116045429450133,2.854601800241727,-1.2987279697173422,0.5885544318738691,0.3743247189079271,-0.4966602910963925,-0.5342117343357785
-0.5438611604354311,2013-01-23,100/300,1.4188258923848136,-0.8172813188216734,-0.48054771093571935,-0.9019267788874382,-1.1002582681994801,2015-02-16,Ambulance,1.1400563019893057,0.009759465477002306,-0.4384308670313317,-1.0627211068603282,-1.0675439863168181,-1.2941250856753628,0.6481117282754599,0,0.298041334358157,-0.9285458485845719,1.0119672581156953,0.5457165052879057,0.6889613292451924,0.6116045429450133,-0.49673854432325054,-0.18525772913946104,0.3406724586011453,0.3743247189079271,1.1294749572214562,-0.5342117343357785
0.0042754656837296155,2006-12-06,250/500,1.4188258923848136,0.947658367170172,-0.48054771093571935,-0.9019267788874382,-0.4416618667638382,2015-02-25,Police,-0.8238649762007128,0.009759465477002306,1.3621065745757797,-1.2984581649510942,-1.4200754213143494,-1.8053344121821202,0.8144221538016264,0,-1.4147801864822238,-0.9285458485845719,0.2918125783627955,0.7578206403856677,0.6889613292451924,-0.4323437137277715,-0.3109737959160864,1.4777448606394794,-2.199388964623129,-2.057009655154806,-0.4966602910963925,-0.6299623058706817
-1.5305070874499205,2014-02-23,100/300,-1.038724729528836,-1.3812005718915144,1.6978190657447854,0.9287698164162242,-1.4633762841261586,2015-02-21,Other,1.1400563019893057,0.009759465477002306,-1.3386995878348875,1.2311029627359082,-0.1405936837056624,0.8386508195227776,-0.349750824881539,1,0.9971218684273209,-0.9285458485845719,1.0119672581156953,0.5457165052879057,-1.23638377514092,0.6116045429450133,-0.09343897477909328,-1.0702878146273995,0.3406724586011453,0.846356037103883,-1.2086686625349987,1.6152057698578444
-1.201625111778424,2007-11-16,500/1000,-0.2195411888909527,-1.1095167708380804,-0.48054771093571935,1.348753152985888,0.9538505081700629,2015-02-16,Ambulance,-0.8238649762007128,-1.2101737191482849,0.461837853772224,2.2724457932585964,2.3063892180419074,1.4245549802652375,0.3154908772231269,0,-1.4147801864822238,-0.9285458485845719,-1.3385668981870218,-1.5215003504028333,-1.23638377514092,-1.3569835982093803,0.17037985085513224,1.4777448606394794,0.5885544318738691,0.846356037103883,-0.3588522192050495,-0.5342117343357785
1.9775673197127082,1999-04-17,250/500,1.4188258923848136,0.7534637251368105,-0.48054771093571935,-0.004526487071917435,0.9538505081700629,2015-02-09,Police,-0.8238649762007128,-1.2101737191482849,-0.4384308670313317,-1.3230568144910004,-1.330905705403209,-1.827583937273606,0.4818013027492934,0,-1.4147801864822238,1.0769527444706675,0.2918125783627955,0.7578206403856677,-0.703459734131903,0.6116045429450133,-0.47991642324066014,-1.0702878146273995,-2.061745637196139,-2.057009655154806,0.8830942100667314,-0.6299623058706817
0.0042754656837296155,2006-02-06,250/500,-0.2195411888909527,-0.7006168570677903,-0.48054771093571935,1.5569500206870888,-1.0931383071028786,2015-02-13,Police,-0.8238649762007128,0.009759465477002306,0.461837853772224,-0.37395891974295964,-0.37077597361581516,0.07104220386651695,-0.6823716759338719,0,0.9971218684273209,1.0769527444706675,1.0119672581156953,0.7578206403856677,0.6889613292451924,0.9577113773675267,-0.09343897477909328,-0.18525772913946104,0.5885544318738691,0.08671477239350854,0.8830942100667314,-0.6299623058706817
0.8812940674743868,1993-10-20,100/300,1.4188258923848136,0.4540085314647484,-0.48054771093571935,-0.9019267788874382,0.9538505081700629,2015-01-11,Police,-0.8238649762007128,-1.2101737191482849,1.3621065745757797,-0.38625824451291263,0.7676931899938593,0.048792678775031136,1.1470430048539593,0,0.298041334358157,-0.9285458485845719,-1.3385668981870218,0.5457165052879057,0.9491431001081818,-0.7554705550788714,-0.4060310286818311,-0.18525772913946104,0.5885544318738691,0.3743247189079271,0.8830942100667314,-0.5342117343357785
-0.7631158108830954,2006-01-01,500/1000,-0.2195411888909527,-0.1688172501137343,-0.48054771093571935,0.6380121218679955,-2.25725194639723,2015-01-02,Police,-0.8238649762007128,0.009759465477002306,-0.4384308670313317,-1.2615601906412353,-1.4014119924027153,-1.7380560863102466,1.6459742814324587,0,-1.4147801864822238,1.0769527444706675,0.2918125783627955,-1.5215003504028333,-1.23638377514092,-1.360764497328115,-0.09343897477909328,-1.2987279697173422,-2.199388964623129,-2.057009655154806,-0.3588522192050495,-0.6299623058706817
-1.4208797622260882,2003-04-04,250/500,1.4188258923848136,-0.2699756758117207,1.2621457104086844,0.14982636312035216,0.9538505081700629,2015-02-12,Other,1.1400563019893057,-1.2101737191482849,-0.4384308670313317,-0.4949022799808309,-1.5341297091076682,-0.14774479286642692,-0.349750824881539,0,-1.4147801864822238,1.0769527444706675,1.0119672581156953,0.7578206403856677,0.9491431001081818,0.9577113773675267,-0.4060310286818311,0.36704713820288415,0.3406724586011453,0.846356037103883,-0.3588522192050495,-0.5342117343357785
0.5524120918028903,2014-07-05,500/1000,-0.2195411888909527,1.384247631040276,-0.48054771093571935,-0.9019267788874382,0.9538505081700629,2015-02-05,Fire,0.15809566289429652,1.2296926501022896,1.3621065745757797,-0.09722411241901689,-0.09082453994130504,0.20295010262318286,0.14918045169696045,0,0.298041334358157,1.0769527444706675,0.2918125783627955,-1.5215003504028333,-1.23638377514092,-0.7554705550788714,-0.49673854432325054,-1.2987279697173422,0.3406724586011453,0.08671477239350854,1.1294749572214562,-0.5342117343357785
-0.3246065099877668,1996-01-16,250/500,1.4188258923848136,0.8453103249493781,-0.48054771093571935,-0.9019267788874382,0.9538505081700629,2015-01-24,Police,-0.8238649762007128,0.009759465477002306,-0.4384308670313317,-1.415301750265648,-1.4242228499613792,-1.7846741388828835,-0.6823716759338719,1,0.298041334358157,1.0769527444706675,1.0119672581156953,0.7578206403856677,0.9491431001081818,-0.010873920661118891,-0.12958907625083857,-1.0702878146273995,-2.199388964623129,-2.057009655154806,-1.2086686625349987,-0.8134538954280631
0.4427847665790582,2002-04-19,250/500,-1.038724729528836,1.9570684974014638,-0.48054771093571935,-0.9019267788874382,0.9538505081700629,2015-01-12,Police,-0.8238649762007128,-1.2101737191482849,1.3621065745757797,-1.390703100725742,-1.3993382780792005,-1.8026856591950386,0.14918045169696045,0,0.9971218684273209,-0.9285458485845719,0.2918125783627955,0.7578206403856677,0.9491431001081818,-1.3569835982093803,-0.8986003257406907,0.36704713820288415,-2.061745637196139,-2.057009655154806,-1.2086686625349987,-0.8134538954280631
0.9909213926982189,2005-12-10,250/500,-1.038724729528836,0.63347654137095,-0.48054771093571935,0.7169833475477613,-0.213823111672589,2015-01-16,Ambulance,-0.8238649762007128,1.2296926501022896,-0.4384308670313317,-0.3063126335082181,0.9294429072280207,0.19341459186968896,1.4796638559062922,0,0.298041334358157,1.0769527444706675,0.2918125783627955,0.7578206403856677,-1.305159096390018,-0.010873920661118891,-0.49673854432325054,-1.0702878146273995,0.5885544318738691,0.3743247189079271,-0.4966602910963925,1.6152057698578444
0.4427847665790582,1994-11-07,100/300,1.4188258923848136,1.0484065802740876,-0.48054771093571935,0.8067233767293134,0.9538505081700629,2015-01-13,Police,-0.8238649762007128,0.009759465477002306,-0.4384308670313317,-1.4665489368071187,-1.4760657080492514,-1.9054572750938066,-1.347613378038538,0,0.9971218684273209,-0.9285458485845719,1.0119672581156953,0.5457165052879057,0.8595723265323993,0.5115267965346528,-0.10897717628887865,1.4777448606394794,-2.199388964623129,-2.057009655154806,0.8830942100667314,-0.6299623058706817
-0.8727431361069276,2012-06-02,250/500,1.4188258923848136,-0.42520012140830804,-0.48054771093571935,-0.9019267788874382,0.9538505081700629,2015-02-02,Police,-0.8238649762007128,1.2296926501022896,-0.4384308670313317,-1.327156589414318,-1.3350531340502387,-1.8058641627795367,0.9807325793277929,0,-1.4147801864822238,1.0769527444706675,-1.3385668981870218,0.7578206403856677,1.0750375053644652,0.877629967425337,-0.7939293501156832,0.36704713820288415,-2.199388964623129,-2.057009655154806,-0.4966602910963925,-0.8134538954280631
1.100548717922051,1998-04-07,250/500,-1.038724729528836,1.9113708144219195,-0.48054771093571935,1.3631115576549364,0.4625731925045569,2015-02-28,Fire,-0.8238649762007128,1.2296926501022896,-1.3386995878348875,0.048317897358760416,0.05640917702825212,1.2412612735591877,0.14918045169696045,0,-1.4147801864822238,1.0769527444706675,1.0119672581156953,0.7578206403856677,1.0750375053644652,0.779381941338854,0.10538658331550528,0.36704713820288415,0.5885544318738691,0.846356037103883,-1.2086686625349987,-0.6299623058706817
0.0042754656837296155,2007-04-25,250/500,1.4188258923848136,0.09872340373957937,2.569165776416987,-0.9019267788874382,0.9538505081700629,2015-01-18,Police,-0.8238649762007128,-1.2101737191482849,0.461837853772224,-1.3722541135708124,-1.3806748491675664,-1.7740791269345568,1.6459742814324587,0,0.298041334358157,-0.9285458485845719,-1.3385668981870218,0.7578206403856677,-1.23638377514092,-0.4323437137277715,0.20499583030558555,-0.18525772913946104,-2.061745637196139,-2.057009655154806,-0.4966602910963925,-0.8134538954280631
2.525703945831869,2000-06-30,100/300,-1.038724729528836,-1.0053637932033728,-0.48054771093571935,-0.9019267788874382,0.9538505081700629,2015-02-15,Fire,1.1400563019893057,-1.2101737191482849,1.3621065745757797,-0.05827625064749902,-0.051423967794522144,0.6421133478813196,0.6481117282754599,0,0.9971218684273209,1.0769527444706675,0.2918125783627955,0.5457165052879057,1.0750375053644652,-0.18218099784304848,-0.10897717628887865,0.7570369184318504,0.3406724586011453,0.846356037103883,0.8830942100667314,1.6152057698578444
0.0042754656837296155,1996-06-04,250/500,1.4188258923848136,-0.8809052921621348,-0.48054771093571935,-0.9019267788874382,0.9538505081700629,2015-01-31,Ambulance,1.1400563019893057,0.009759465477002306,0.461837853772224,-0.65479350199022,-1.0945022725225115,-1.3354456322738364,-1.680234229090871,0,0.9971218684273209,1.0769527444706675,-1.3385668981870218,0.7578206403856677,0.6889613292451924,0.5115267965346528,-0.8889085687383753,-1.2987279697173422,0.3406724586011453,0.846356037103883,-1.2086686625349987,-0.5342117343357785
0.4427847665790582,2009-05-09,500/1000,-1.038724729528836,-0.0898513257550056,-0.48054771093571935,1.4815683961745851,-0.2707828004454013,2015-02-10,Police,-0.8238649762007128,1.2296926501022896,-0.4384308670313317,-0.4088070065911598,-0.40602911711556827,0.2961862077684568,0.9807325793277929,0,0.298041334358157,-0.9285458485845719,-1.3385668981870218,-1.5215003504028333,-1.305159096390018,0.6116045429450133,-0.3109737959160864,0.36704713820288415,0.5885544318738691,0.846356037103883,0.8830942100667314,-0.6299623058706817
-0.7631158108830954,2001-07-08,100/300,1.4188258923848136,-2.0022214180560827,-0.48054771093571935,-0.9019267788874382,-0.44522184731213893,2015-02-26,Fire,-0.8238649762007128,0.009759465477002306,-1.3386995878348875,-0.29811308366158273,-0.2940485436457642,0.5250384658523108,-1.014992526986205,1,0.298041334358157,-0.9285458485845719,1.0119672581156953,0.5457165052879057,0.8595723265323993,0.5115267965346528,3.3337478190965757,1.4777448606394794,0.5885544318738691,0.846356037103883,0.8830942100667314,-0.5342117343357785
-1.0919977865545918,1993-09-20,500/1000,-1.038724729528836,0.18343230441530692,-0.48054771093571935,-0.9019267788874382,0.9538505081700629,2015-02-25,Police,1.1400563019893057,-1.2101737191482849,1.3621065745757797,-0.048026813339204846,-0.041055396176947694,1.042075048930648,-0.017129973829206037,0,-1.4147801864822238,1.0769527444706675,1.0119672581156953,-1.5215003504028333,-1.305159096390018,-0.7554705550788714,-0.7939293501156832,-1.2987279697173422,0.3406724586011453,0.08671477239350854,-0.3588522192050495,1.6152057698578444
0.9909213926982189,2009-11-03,250/500,-1.038724729528836,0.7980128128529552,0.8264723550725834,-0.9019267788874382,0.9538505081700629,2015-01-08,Police,2.1220169410843153,1.2296926501022896,1.3621065745757797,-0.04187715095422834,1.4644612026948622,0.28876969940462816,-0.349750824881539,0,0.298041334358157,1.0769527444706675,-1.3385668981870218,0.7578206403856677,0.6889613292451924,-1.3569835982093803,-0.09343897477909328,-1.2987279697173422,0.3406724586011453,0.08671477239350854,0.8830942100667314,-0.5342117343357785
1.5390580188173797,2014-12-10,250/500,-1.038724729528836,-2.009482180971145,-0.48054771093571935,0.013421518764392982,-0.35266235305631893,2015-01-14,Police,-0.8238649762007128,-1.2101737191482849,-0.4384308670313317,-1.163165592481611,-1.351642848638358,-1.6829620241789482,-0.5160612504077055,0,0.298041334358157,1.0769527444706675,-1.3385668981870218,0.7578206403856677,-0.703459734131903,0.5115267965346528,0.14810943050938574,0.36704713820288415,-2.061745637196139,-2.057009655154806,-1.2086686625349987,-0.8134538954280631
-1.6401344126737525,1994-01-08,250/500,1.4188258923848136,1.4927078409127328,-0.48054771093571935,-0.9019267788874382,0.9538505081700629,2015-02-03,Police,-0.8238649762007128,1.2296926501022896,-1.3386995878348875,-1.314857264644365,-1.3226108481091494,-1.7931501484415446,1.6459742814324587,0,0.298041334358157,-0.9285458485845719,-1.3385668981870218,0.7578206403856677,-1.23638377514092,-0.7554705550788714,-0.47991642324066014,1.4777448606394794,-2.199388964623129,-2.057009655154806,1.1294749572214562,-0.6299623058706817
-0.21497918476393468,2006-08-05,500/1000,1.4188258923848136,-0.8554721113297129,-0.48054771093571935,1.2482443203025497,0.9538505081700629,2015-01-05,Police,-0.8238649762007128,0.009759465477002306,0.461837853772224,-1.2820590652578236,-1.4117805640202898,-1.7279908249593363,-1.014992526986205,0,0.9971218684273209,1.0769527444706675,1.0119672581156953,-1.5215003504028333,-1.23638377514092,-1.360764497328115,-0.12958907625083857,0.36704713820288415,-2.199388964623129,-2.057009655154806,3.415890619557508,-0.8134538954280631
1.2101760431458832,2007-02-07,100/300,-0.2195411888909527,1.1537491744316022,2.133492421080886,1.3308051471495776,-0.16398338399637824,2015-01-24,Ambulance,1.1400563019893057,1.2296926501022896,1.3621065745757797,0.23485765636971442,-0.6445062643197805,-0.8729733607293813,0.6481117282754599,0,-1.4147801864822238,1.0769527444706675,0.2918125783627955,0.5457165052879057,-1.23638377514092,0.5115267965346528,0.31597797632307734,1.4777448606394794,0.3406724586011453,0.08671477239350854,-0.4966602910963925,-0.6299623058706817
0.11390279090756175,2001-04-09,500/1000,1.4188258923848136,-0.16126933838282145,-0.48054771093571935,-0.040422498744538266,0.9538505081700629,2015-01-26,Other,1.1400563019893057,0.009759465477002306,-1.3386995878348875,0.4685448269988216,0.48152061334880447,-0.20707685977705576,-0.1834403993553725,1,0.9971218684273209,-0.9285458485845719,1.0119672581156953,-1.5215003504028333,0.9491431001081818,-0.6148153417848631,0.14810943050938574,0.7570369184318504,0.3406724586011453,0.08671477239350854,0.8830942100667314,1.6152057698578444
-0.6534884856592632,1995-02-17,100/300,1.4188258923848136,0.4333338167235541,1.6978190657447854,-0.9019267788874382,0.9538505081700629,2015-01-21,Other,-0.8238649762007128,0.009759465477002306,1.3621065745757797,-0.13412208672887593,1.277826913578522,1.2232497532470326,0.6481117282754599,1,0.9971218684273209,-0.9285458485845719,0.2918125783627955,0.5457165052879057,0.6889613292451924,2.11865766535986,2.854601800241727,0.7570369184318504,0.5885544318738691,0.08671477239350854,1.1294749572214562,-0.5342117343357785
0.4427847665790582,1995-07-25,100/300,-0.2195411888909527,0.09076527941459651,-0.48054771093571935,-0.9019267788874382,0.9538505081700629,2015-02-06,Ambulance,1.1400563019893057,0.009759465477002306,0.461837853772224,-0.013178726491004645,1.522525203753279,1.1141211301792686,0.14918045169696045,1,-1.4147801864822238,1.0769527444706675,1.0119672581156953,0.5457165052879057,1.0750375053644652,0.877629967425337,-0.49673854432325054,1.4777448606394794,0.3406724586011453,0.08671477239350854,1.1294749572214562,-0.6299623058706817
-1.4208797622260882,2006-03-24,100/300,1.4188258923848136,-1.3630691752335617,-0.48054771093571935,-0.9019267788874382,0.9538505081700629,2015-01-07,Fire,-0.8238649762007128,1.2296926501022896,0.461837853772224,-0.4457049809010189,0.6474177592299957,0.49855093598149447,0.4818013027492934,0,0.298041334358157,-0.9285458485845719,-1.3385668981870218,0.5457165052879057,-1.23638377514092,-0.18218099784304848,0.10538658331550528,-0.18525772913946104,0.5885544318738691,0.3743247189079271,-0.4966602910963925,-0.6299623058706817
-1.201625111778424,1995-03-28,250/500,-0.2195411888909527,-0.9745158061292093,-0.48054771093571935,-0.9019267788874382,-0.459461769505342,2015-02-10,Police,-0.8238649762007128,1.2296926501022896,-0.4384308670313317,-1.2287619912546939,-1.3848222778145962,-1.7422940910895772,-0.1834403993553725,0,0.298041334358157,1.0769527444706675,1.0119672581156953,0.7578206403856677,-1.305159096390018,0.779381941338854,0.31597797632307734,0.36704713820288415,-2.199388964623129,-2.057009655154806,1.1294749572214562,-0.8134538954280631
0.7716667422505546,1996-06-19,500/1000,-1.038724729528836,0.23626768653169217,-0.48054771093571935,-0.011705689406441601,0.9538505081700629,2015-02-23,Other,-0.8238649762007128,1.2296926501022896,1.3621065745757797,1.0958103902664251,-0.20902625638165376,0.6987966618048668,-1.1813029525123715,1,0.9971218684273209,-0.9285458485845719,1.0119672581156953,-1.5215003504028333,0.9491431001081818,-0.6148153417848631,-0.3109737959160864,0.36704713820288415,0.5885544318738691,0.846356037103883,-1.2086686625349987,-0.5342117343357785
0.4427847665790582,1993-06-16,100/300,-0.2195411888909527,1.0590721077199423,2.133492421080886,-0.9019267788874382,0.9538505081700629,2015-01-09,Fire,1.1400563019893057,0.009759465477002306,-1.3386995878348875,0.3742500037625152,0.38612975446711956,0.1981823472464359,-1.014992526986205,0,0.298041334358157,1.0769527444706675,-1.3385668981870218,0.5457165052879057,0.8595723265323993,-1.360764497328115,-0.8986003257406907,1.4777448606394794,0.3406724586011453,0.08671477239350854,0.8830942100667314,-0.6299623058706817
0.5524120918028903,2001-07-11,250/500,1.4188258923848136,1.6087569837755085,-0.48054771093571935,-0.9019267788874382,-1.132298093134187,2015-02-22,Other,-0.8238649762007128,0.009759465477002306,0.461837853772224,0.7637286214776939,-0.3769971165863598,0.35551827467908564,0.6481117282754599,1,-1.4147801864822238,1.0769527444706675,0.2918125783627955,0.7578206403856677,0.8595723265323993,0.9577113773675267,0.10538658331550528,1.4777448606394794,0.5885544318738691,0.3743247189079271,-0.4966602910963925,1.6152057698578444
1.100548717922051,2008-11-22,250/500,-1.038724729528836,0.7958386861043774,-0.48054771093571935,0.8139025790638376,0.9538505081700629,2015-02-21,Ambulance,-0.8238649762007128,1.2296926501022896,0.461837853772224,-0.9479274090074336,-0.36870225929230027,-0.9672689670694878,1.1470430048539593,0,0.298041334358157,-0.9285458485845719,-1.3385668981870218,0.7578206403856677,0.8595723265323993,-1.360764497328115,-0.3109737959160864,-1.0702878146273995,0.5885544318738691,0.3743247189079271,-0.4966602910963925,-0.6299623058706817
1.2101760431458832,2002-12-28,500/1000,-0.2195411888909527,-1.1426209271796355,-0.48054771093571935,-0.9019267788874382,0.9538505081700629,2015-02-04,Fire,-0.8238649762007128,-1.2101737191482849,-1.3386995878348875,0.3045538300661148,0.31562346746761333,-0.35540702705362787,-1.680234229090871,0,0.298041334358157,-0.9285458485845719,0.2918125783627955,-1.5215003504028333,-1.23638377514092,0.5115267965346528,0.31597797632307734,-1.2987279697173422,0.5885544318738691,0.08671477239350854,-0.4966602910963925,-0.5342117343357785
1.2101760431458832,2006-01-01,250/500,-1.038724729528836,-0.24064547533562203,1.2621457104086844,1.000561839761466,-1.627135389347994,2015-01-07,Fire,1.1400563019893057,0.009759465477002306,-0.4384308670313317,-0.22431713504186468,-0.21939482799922821,0.34174475914626107,-1.680234229090871,0,0.298041334358157,1.0769527444706675,1.0119672581156953,0.7578206403856677,-0.703459734131903,0.5115267965346528,0.20499583030558555,0.7570369184318504,0.3406724586011453,0.08671477239350854,-0.4966602910963925,-0.5342117343357785
-0.10535185954010252,1990-05-19,100/300,1.4188258923848136,-1.04101126762817,-0.48054771093571935,-0.9019267788874382,0.9538505081700629,2015-01-17,Fire,1.1400563019893057,-1.2101737191482849,1.3621065745757797,1.136808139499602,1.1575514828146585,0.7411767095981732,0.4818013027492934,0,-1.4147801864822238,-0.9285458485845719,1.0119672581156953,0.5457165052879057,-0.703459734131903,0.6116045429450133,-0.8889085687383753,0.36704713820288415,0.3406724586011453,0.08671477239350854,-0.3588522192050495,1.6152057698578444
0.2235301161313939,2013-08-26,500/1000,1.4188258923848136,-0.18461043498547966,-0.48054771093571935,-0.026064094075489937,-1.1999377235519018,2015-01-28,Ambulance,-0.8238649762007128,-1.2101737191482849,-0.4384308670313317,-0.017278501414322314,1.5142303464592195,0.7162784315196057,-1.014992526986205,0,-1.4147801864822238,1.0769527444706675,0.2918125783627955,-1.5215003504028333,-1.305159096390018,2.11865766535986,-0.4060310286818311,-0.18525772913946104,0.5885544318738691,0.3743247189079271,-0.4966602910963925,-0.5342117343357785
1.4294306935935475,1997-10-12,250/500,-0.2195411888909527,-0.05760861586099948,2.569165776416987,-0.9019267788874382,-0.366902275249522,2015-02-22,Other,0.15809566289429652,1.2296926501022896,-1.3386995878348875,-0.12182276195892291,1.3027114854607007,1.6142056941402834,0.8144221538016264,0,0.9971218684273209,-0.9285458485845719,0.2918125783627955,0.7578206403856677,-1.23638377514092,-1.360764497328115,-0.10897717628887865,-1.0702878146273995,0.3406724586011453,0.846356037103883,-0.4966602910963925,-0.6299623058706817
1.4294306935935475,2002-01-21,500/1000,-0.2195411888909527,-0.836766417040061,-0.48054771093571935,-0.9019267788874382,0.9538505081700629,2015-02-16,Other,-0.8238649762007128,-1.2101737191482849,0.461837853772224,1.1388580269612607,-0.636211407025721,-0.4036143314185138,-0.017129973829206037,1,0.298041334358157,-0.9285458485845719,1.0119672581156953,-1.5215003504028333,-0.703459734131903,-0.6148153417848631,-0.49673854432325054,0.36704713820288415,0.5885544318738691,0.3743247189079271,-0.4966602910963925,1.6152057698578444
1.5390580188173797,1996-09-02,100/300,-1.038724729528836,1.7910964818402093,-0.48054771093571935,-0.9019267788874382,-1.3245370427424288,2015-02-17,Fire,1.1400563019893057,0.009759465477002306,1.3621065745757797,-0.1792196108853703,-0.17377311288190064,0.42332635114837575,1.6459742814324587,0,0.298041334358157,-0.9285458485845719,0.2918125783627955,0.5457165052879057,0.9491431001081818,0.877629967425337,-0.8889085687383753,-0.18525772913946104,0.3406724586011453,0.3743247189079271,-1.2086686625349987,-0.5342117343357785
-0.21497918476393468,2010-01-28,250/500,-0.2195411888909527,3.2430849798150456,-0.48054771093571935,-0.9019267788874382,-1.459816303577858,2015-01-09,Other,-0.8238649762007128,-1.2101737191482849,1.3621065745757797,1.4401914838251095,-0.03483425320640303,1.0547890632686399,-0.8486821014600384,0,0.298041334358157,-0.9285458485845719,1.0119672581156953,0.7578206403856677,0.9491431001081818,0.9577113773675267,-0.7525478016127732,1.4777448606394794,0.5885544318738691,0.846356037103883,0.8830942100667314,-0.6299623058706817
-0.5438611604354311,2014-10-03,100/300,-0.2195411888909527,-0.7108311506601662,-0.48054771093571935,1.4528515868364884,-1.474056225771061,2015-02-09,Police,-0.8238649762007128,-1.2101737191482849,0.461837853772224,-0.5236007044440546,-0.522157119232402,0.3173762316651099,-0.017129973829206037,0,-1.4147801864822238,-0.9285458485845719,-1.3385668981870218,0.5457165052879057,-1.23638377514092,-0.18218099784304848,0.10538658331550528,0.7570369184318504,0.5885544318738691,0.08671477239350854,-0.4966602910963925,-0.5342117343357785
0.7716667422505546,2007-05-02,500/1000,-0.2195411888909527,-0.4864448617031551,2.133492421080886,0.4226360518322705,-1.0041387933953594,2015-02-16,Police,-0.8238649762007128,1.2296926501022896,1.3621065745757797,-0.8987301099276215,-0.26916397176358553,-0.7166969344915642,-0.017129973829206037,0,-1.4147801864822238,1.0769527444706675,-1.3385668981870218,-1.5215003504028333,0.6889613292451924,-0.6148153417848631,-0.7525478016127732,-1.0702878146273995,0.5885544318738691,0.08671477239350854,0.8830942100667314,-0.6299623058706817
0.33315744135522607,1990-09-22,250/500,-1.038724729528836,-0.756364748602083,-0.48054771093571935,0.530324086850133,-1.1892577819069996,2015-02-18,Other,2.1220169410843153,1.2296926501022896,-0.4384308670313317,-0.10747354972731106,-0.1011931115588795,0.9191729103300597,0.14918045169696045,0,-1.4147801864822238,-0.9285458485845719,1.0119672581156953,0.7578206403856677,-1.305159096390018,-0.18218099784304848,-0.3109737959160864,-1.2987279697173422,0.3406724586011453,0.08671477239350854,-1.2086686625349987,-0.5342117343357785
-0.434233835211599,2004-09-19,100/300,1.4188258923848136,-0.15573146836285903,-0.48054771093571935,1.3810595634912468,-1.4918561285125649,2015-01-11,Police,1.1400563019893057,1.2296926501022896,-1.3386995878348875,1.448391033671745,1.4727560599889218,0.6791958897004626,-1.014992526986205,0,0.298041334358157,1.0769527444706675,1.0119672581156953,0.5457165052879057,0.9491431001081818,-0.7554705550788714,-0.10897717628887865,-1.0702878146273995,0.3406724586011453,0.846356037103883,3.415890619557508,1.6152057698578444
-1.201625111778424,1995-08-28,100/300,1.4188258923848136,0.470827247821672,-0.48054771093571935,-0.9019267788874382,-0.2031431700276867,2015-02-04,Other,1.1400563019893057,-1.2101737191482849,0.461837853772224,-0.4252061062844305,0.6888920457002935,-0.02166415068134062,1.6459742814324587,1,-1.4147801864822238,1.0769527444706675,1.0119672581156953,0.5457165052879057,0.6889613292451924,0.9577113773675267,0.17037985085513224,1.4777448606394794,0.3406724586011453,0.3743247189079271,0.3577497546299348,1.6152057698578444
1.6486853440412117,2004-02-04,100/300,1.4188258923848136,1.022276038031745,-0.48054771093571935,-0.9019267788874382,0.0852152543846755,2015-01-22,Fire,1.1400563019893057,0.009759465477002306,-1.3386995878348875,1.0917106153431075,-0.21109997070516864,1.032539538177154,0.6481117282754599,0,0.9971218684273209,1.0769527444706675,-1.3385668981870218,0.5457165052879057,-1.305159096390018,0.779381941338854,-0.8889085687383753,-0.18525772913946104,0.3406724586011453,0.08671477239350854,-0.4966602910963925,-0.6299623058706817
-0.7631158108830954,2014-07-23,100/300,-0.2195411888909527,-0.8154763834077594,0.8264723550725834,-0.9019267788874382,0.9538505081700629,2015-01-10,Fire,-0.8238649762007128,0.009759465477002306,-0.4384308670313317,-0.5871472157554785,-0.5864422632613637,-0.3146162310525705,-1.014992526986205,0,0.298041334358157,1.0769527444706675,0.2918125783627955,0.5457165052879057,0.6889613292451924,0.877629967425337,-0.7939293501156832,-0.18525772913946104,0.5885544318738691,0.3743247189079271,-0.4966602910963925,-0.5342117343357785
-1.4208797622260882,1997-03-21,500/1000,1.4188258923848136,-1.33263140075347,-0.48054771093571935,0.5554512950209676,0.9538505081700629,2015-01-10,Fire,1.1400563019893057,1.2296926501022896,1.3621065745757797,1.4073932844385681,-0.051423967794522144,1.020885025033995,-1.5139238035647045,1,0.298041334358157,1.0769527444706675,-1.3385668981870218,-1.5215003504028333,0.9491431001081818,0.5115267965346528,2.854601800241727,-1.0702878146273995,0.3406724586011453,0.846356037103883,0.8830942100667314,-0.5342117343357785
0.2235301161313939,1991-05-06,500/1000,1.4188258923848136,1.4412261603567815,-0.48054771093571935,0.2934104098108355,0.5764925700501815,2015-02-16,Other,-0.8238649762007128,0.009759465477002306,-0.4384308670313317,-0.19971848550195864,1.1451091968735692,0.7284626952601813,0.8144221538016264,0,0.9971218684273209,-0.9285458485845719,1.0119672581156953,-1.5215003504028333,-0.703459734131903,0.9577113773675267,0.14810943050938574,-1.0702878146273995,0.5885544318738691,0.08671477239350854,-0.4966602910963925,1.6152057698578444
-0.21497918476393468,1992-08-07,500/1000,-0.2195411888909527,1.93438374094932,-0.48054771093571935,1.0364578514340868,0.9538505081700629,2015-02-08,Fire,-0.8238649762007128,0.009759465477002306,-0.4384308670313317,-0.8003355117679973,-0.8021085529069122,-0.32627074419572977,-1.014992526986205,0,0.9971218684273209,-0.9285458485845719,0.2918125783627955,-1.5215003504028333,-1.305159096390018,0.9577113773675267,-0.7525478016127732,-1.0702878146273995,0.5885544318738691,0.3743247189079271,-1.2086686625349987,-0.6299623058706817
0.4427847665790582,2013-09-03,250/500,-0.2195411888909527,1.0725270808054814,-0.48054771093571935,-0.9019267788874382,0.9538505081700629,2015-01-26,Fire,-0.8238649762007128,-1.2101737191482849,-1.3386995878348875,-0.42725599374608936,-0.4246925460272023,0.2580441647544811,1.6459742814324587,0,-1.4147801864822238,-0.9285458485845719,1.0119672581156953,0.7578206403856677,0.9491431001081818,-0.010873920661118891,2.854601800241727,-1.0702878146273995,0.5885544318738691,0.3743247189079271,0.8830942100667314,1.6152057698578444
-0.10535185954010252,2012-01-05,100/300,1.4188258923848136,1.1616662774971789,-0.48054771093571935,-0.9019267788874382,-1.6983350003140094,2015-02-01,Other,-0.8238649762007128,1.2296926501022896,-1.3386995878348875,-0.013178726491004645,-0.00580225267719457,1.1141211301792686,-0.6823716759338719,1,0.298041334358157,-0.9285458485845719,0.2918125783627955,0.5457165052879057,0.8595723265323993,-1.3569835982093803,-0.12958907625083857,1.4777448606394794,0.5885544318738691,0.3743247189079271,-0.3588522192050495,1.6152057698578444
0.11390279090756175,2007-01-27,500/1000,1.4188258923848136,-1.196974095894085,-0.48054771093571935,0.4226360518322705,-0.9578590462674496,2015-02-02,Police,-0.8238649762007128,1.2296926501022896,-0.4384308670313317,-1.3948028756490596,-1.4034857067262303,-1.7422940910895772,-0.6823716759338719,0,-1.4147801864822238,-0.9285458485845719,1.0119672581156953,-1.5215003504028333,0.6889613292451924,2.11865766535986,-0.8986003257406907,1.4777448606394794,-2.061745637196139,-2.057009655154806,0.8830942100667314,-0.8134538954280631
-0.3246065099877668,2005-10-14,100/300,1.4188258923848136,0.08920647155712506,-0.48054771093571935,1.00774104209599,-0.9614190268157503,2015-02-06,Ambulance,1.1400563019893057,1.2296926501022896,0.461837853772224,0.7104315474745642,0.7262189035235614,0.3004242125477874,1.1470430048539593,0,0.298041334358157,-0.9285458485845719,1.0119672581156953,0.5457165052879057,0.8595723265323993,0.6116045429450133,-0.10897717628887865,-1.0702878146273995,0.3406724586011453,0.846356037103883,-0.4966602910963925,-0.5342117343357785
-1.201625111778424,1990-11-03,250/500,-0.2195411888909527,-1.9813826182772594,-0.48054771093571935,-0.9019267788874382,-1.5488158172853772,2015-01-01,Police,-0.8238649762007128,0.009759465477002306,0.461837853772224,-1.3927529881874008,-1.4677708507551919,-1.8906242583661492,1.4796638559062922,0,0.298041334358157,1.0769527444706675,0.2918125783627955,0.7578206403856677,-0.703459734131903,-0.010873920661118891,0.20499583030558555,1.4777448606394794,-2.199388964623129,-2.057009655154806,0.3577497546299348,-0.8134538954280631
1.3198033683697152,2005-10-15,500/1000,-0.2195411888909527,1.129997865234873,-0.48054771093571935,1.262602724971598,0.07453531273977321,2015-01-19,Fire,-0.8238649762007128,-1.2101737191482849,1.3621065745757797,0.021669360357195553,1.5930314907527854,0.7867352609759775,1.1470430048539593,1,-1.4147801864822238,-0.9285458485845719,0.2918125783627955,-1.5215003504028333,-0.703459734131903,0.6116045429450133,-0.7939293501156832,1.4777448606394794,0.5885544318738691,0.846356037103883,-0.4966602910963925,1.6152057698578444
-1.201625111778424,1999-05-22,250/500,-0.2195411888909527,0.34275887595260646,-0.48054771093571935,-0.9019267788874382,0.9538505081700629,2015-01-17,Fire,-0.8238649762007128,-1.2101737191482849,0.461837853772224,-0.19971848550195864,-0.19451025611704953,0.3862438093292327,0.4818013027492934,0,-1.4147801864822238,-0.9285458485845719,0.2918125783627955,0.7578206403856677,0.6889613292451924,-0.18218099784304848,-0.7939293501156832,0.36704713820288415,0.5885544318738691,0.08671477239350854,-0.4966602910963925,-0.6299623058706817
0.5524120918028903,2002-12-21,100/300,-1.038724729528836,0.16714686443067547,1.2621457104086844,-0.9019267788874382,-0.5199814388264551,2015-02-01,Ambulance,1.1400563019893057,-1.2101737191482849,-0.4384308670313317,1.5877833810645456,1.6137686339879342,1.6094379387635362,0.8144221538016264,1,0.9971218684273209,-0.9285458485845719,1.0119672581156953,0.5457165052879057,0.6889613292451924,-1.360764497328115,3.3337478190965757,-1.0702878146273995,0.3406724586011453,0.846356037103883,0.8830942100667314,-0.5342117343357785
-1.311252437002256,2007-02-10,250/500,-0.2195411888909527,-3.3788128412406113,-0.48054771093571935,0.027779923433441316,0.9538505081700629,2015-01-02,Police,-0.8238649762007128,-1.2101737191482849,1.3621065745757797,-1.2820590652578236,-1.4117805640202898,-1.790501395454463,0.6481117282754599,0,0.298041334358157,1.0769527444706675,1.0119672581156953,0.7578206403856677,-1.305159096390018,-0.18218099784304848,-0.7939293501156832,1.4777448606394794,-2.061745637196139,-2.057009655154806,0.8830942100667314,-0.6299623058706817
-0.9823704613307597,2002-03-01,250/500,1.4188258923848136,-0.9494928378908593,-0.48054771093571935,-0.9019267788874382,-0.918699260236141,2015-02-20,Fire,-0.8238649762007128,0.009759465477002306,1.3621065745757797,-0.20996792281025284,-0.20487882773462399,0.7072726713635281,-0.6823716759338719,0,-1.4147801864822238,-0.9285458485845719,1.0119672581156953,0.7578206403856677,-1.23638377514092,-0.010873920661118891,-0.10897717628887865,1.4777448606394794,0.5885544318738691,0.846356037103883,1.1294749572214562,1.6152057698578444
-1.201625111778424,2003-04-21,250/500,-1.038724729528836,0.03185875090595474,-0.48054771093571935,0.8031337755620513,-0.2031431700276867,2015-02-05,Fire,0.15809566289429652,-1.2101737191482849,-0.4384308670313317,-0.49080250505751327,0.5561743289953405,0.1266660165952315,0.6481117282754599,1,0.9971218684273209,-0.9285458485845719,0.2918125783627955,0.7578206403856677,-0.703459734131903,0.779381941338854,0.31597797632307734,-0.18525772913946104,0.3406724586011453,0.846356037103883,0.8830942100667314,-0.5342117343357785
-1.311252437002256,2002-09-22,250/500,-1.038724729528836,0.8325937345331675,1.6978190657447854,-0.9019267788874382,0.9538505081700629,2015-02-27,Police,1.1400563019893057,0.009759465477002306,0.461837853772224,-0.017278501414322314,1.5142303464592195,1.1056451206206075,0.9807325793277929,1,0.298041334358157,1.0769527444706675,-1.3385668981870218,0.7578206403856677,0.9491431001081818,0.5115267965346528,0.31597797632307734,1.4777448606394794,0.3406724586011453,0.08671477239350854,0.8830942100667314,1.6152057698578444
0.11390279090756175,1998-02-10,100/300,-1.038724729528836,-0.07528877866547307,-0.48054771093571935,-0.9019267788874382,-0.6339008163720796,2015-01-27,Police,-0.8238649762007128,0.009759465477002306,-0.4384308670313317,-1.3845534383407654,-1.3931171351086558,-1.6850810265686136,-1.1813029525123715,0,0.298041334358157,-0.9285458485845719,0.2918125783627955,0.5457165052879057,-1.23638377514092,0.779381941338854,-0.49673854432325054,-1.2987279697173422,-2.199388964623129,-2.057009655154806,-1.2086686625349987,-0.8134538954280631
2.416076620608037,1992-09-01,250/500,-1.038724729528836,-0.8460372216660728,-0.48054771093571935,0.5877577055263263,-1.5452558367370763,2015-01-26,Fire,-0.8238649762007128,1.2296926501022896,1.3621065745757797,-0.30221285858490043,-0.298195972292794,0.20083110023351755,-0.1834403993553725,1,0.298041334358157,1.0769527444706675,1.0119672581156953,0.7578206403856677,1.0750375053644652,0.779381941338854,-0.47991642324066014,0.7570369184318504,0.5885544318738691,0.08671477239350854,3.415890619557508,1.6152057698578444
-1.7497617378975847,1999-05-01,500/1000,-0.2195411888909527,1.8653039401077105,-0.48054771093571935,-0.9019267788874382,0.9538505081700629,2015-01-13,Fire,1.1400563019893057,1.2296926501022896,0.461837853772224,-0.34526049527973596,0.8506417629344548,0.42756435592770636,-0.5160612504077055,1,0.298041334358157,-0.9285458485845719,-1.3385668981870218,-1.5215003504028333,0.6889613292451924,0.6116045429450133,0.10538658331550528,0.7570369184318504,0.3406724586011453,0.846356037103883,0.8830942100667314,1.6152057698578444
1.9775673197127082,1997-12-19,100/300,-1.038724729528836,-1.6066944348525174,2.569165776416987,-0.9019267788874382,0.9538505081700629,2015-01-14,Ambulance,1.1400563019893057,-1.2101737191482849,-0.4384308670313317,0.49314347653872764,0.5064051852309832,0.07580995924326392,-1.680234229090871,0,0.9971218684273209,-0.9285458485845719,-1.3385668981870218,0.5457165052879057,-1.23638377514092,0.9577113773675267,-0.7939293501156832,-1.0702878146273995,0.3406724586011453,0.08671477239350854,-0.4966602910963925,1.6152057698578444
-0.3246065099877668,2000-06-18,250/500,-1.038724729528836,-0.42462582377660774,-0.48054771093571935,-0.9019267788874382,0.9538505081700629,2015-02-22,Other,1.1400563019893057,0.009759465477002306,-1.3386995878348875,0.5464405505418574,-0.486903975732649,-0.136620030320684,-0.1834403993553725,0,-1.4147801864822238,1.0769527444706675,0.2918125783627955,0.7578206403856677,-0.703459734131903,0.877629967425337,0.10538658331550528,1.4777448606394794,0.3406724586011453,0.08671477239350854,0.8830942100667314,-0.5342117343357785
0.4427847665790582,1995-04-24,500/1000,1.4188258923848136,0.09946178640890802,-0.48054771093571935,-0.9019267788874382,0.9538505081700629,2015-01-17,Police,-0.8238649762007128,-1.2101737191482849,-0.4384308670313317,-0.20996792281025284,1.1243720536384203,0.028132405475794306,0.8144221538016264,1,0.298041334358157,1.0769527444706675,0.2918125783627955,-1.5215003504028333,-0.703459734131903,-0.18218099784304848,2.854601800241727,1.4777448606394794,0.5885544318738691,0.08671477239350854,0.8830942100667314,1.6152057698578444
0.11390279090756175,2006-06-16,100/300,-1.038724729528836,0.351947638059804,-0.48054771093571935,-0.9019267788874382,0.9538505081700629,2015-02-02,Police,-0.8238649762007128,0.009759465477002306,1.3621065745757797,-1.388653213264083,-1.3972645637556855,-1.764543616181063,1.4796638559062922,0,-1.4147801864822238,-0.9285458485845719,0.2918125783627955,0.5457165052879057,0.9491431001081818,0.5115267965346528,0.10538658331550528,-1.2987279697173422,-2.199388964623129,-2.057009655154806,-0.4966602910963925,-0.8134538954280631
-0.9823704613307597,2007-09-28,250/500,1.4188258923848136,0.7642933376202927,-0.48054771093571935,-0.9019267788874382,0.9538505081700629,2015-01-07,Fire,1.1400563019893057,-1.2101737191482849,0.461837853772224,-0.4354555435927247,-0.43298740332126184,-0.04020542159091214,-1.680234229090871,1,-1.4147801864822238,-0.9285458485845719,1.0119672581156953,0.7578206403856677,1.0750375053644652,2.11865766535986,-0.7525478016127732,-0.18525772913946104,0.3406724586011453,0.846356037103883,0.8830942100667314,1.6152057698578444
-1.0919977865545918,1991-11-21,250/500,-0.2195411888909527,1.5298320806761867,-0.48054771093571935,-0.9019267788874382,-0.7229003300795989,2015-02-02,Police,-0.8238649762007128,-1.2101737191482849,-0.4384308670313317,-1.452199724575507,-1.461549707784647,-1.8424169540012634,1.4796638559062922,0,0.298041334358157,-0.9285458485845719,1.0119672581156953,0.7578206403856677,-1.305159096390018,-1.360764497328115,-0.12958907625083857,1.4777448606394794,-2.061745637196139,-2.057009655154806,0.8830942100667314,-0.8134538954280631
-0.8727431361069276,1996-09-21,100/300,1.4188258923848136,-0.5042480882858509,-0.48054771093571935,-0.9019267788874382,0.9538505081700629,2015-02-07,Police,-0.8238649762007128,1.2296926501022896,-1.3386995878348875,-0.3145121833548534,-0.31063825823388336,0.49113442761766585,1.3133534303801258,1,0.9971218684273209,1.0769527444706675,1.0119672581156953,0.5457165052879057,1.0750375053644652,-1.360764497328115,0.14810943050938574,-1.2987279697173422,0.5885544318738691,0.3743247189079271,1.1294749572214562,1.6152057698578444
0.4427847665790582,2001-05-16,250/500,-1.038724729528836,0.9307986295538413,3.004839131753088,-0.9019267788874382,-0.24230295605899516,2015-01-18,Ambulance,1.1400563019893057,-1.2101737191482849,-0.4384308670313317,-0.07672523780242854,1.393954915695356,0.6087390602440909,1.3133534303801258,1,0.9971218684273209,1.0769527444706675,-1.3385668981870218,0.7578206403856677,0.8595723265323993,-0.18218099784304848,-0.7939293501156832,-1.2987279697173422,0.3406724586011453,0.846356037103883,-0.4966602910963925,1.6152057698578444
0.11390279090756175,1999-08-11,500/1000,1.4188258923848136,0.195533575940411,2.569165776416987,-0.9019267788874382,-0.6481407385652826,2015-01-10,Police,1.1400563019893057,0.009759465477002306,-0.4384308670313317,-0.37805869466627734,0.7842829045819784,0.35975627945841626,-0.6823716759338719,0,0.9971218684273209,1.0769527444706675,1.0119672581156953,-1.5215003504028333,-1.305159096390018,-0.010873920661118891,0.10538658331550528,1.4777448606394794,0.3406724586011453,0.08671477239350854,0.8830942100667314,-0.6299623058706817
-0.9823704613307597,2003-06-16,500/1000,1.4188258923848136,-0.9074460469985491,-0.48054771093571935,0.6918561393769267,-0.8795394742048326,2015-01-30,Police,-0.8238649762007128,0.009759465477002306,-1.3386995878348875,-0.44980475582433654,0.6391229019359361,0.21142611218184412,0.8144221538016264,0,-1.4147801864822238,-0.9285458485845719,-1.3385668981870218,-1.5215003504028333,0.9491431001081818,-0.4323437137277715,-0.8889085687383753,0.7570369184318504,0.5885544318738691,0.08671477239350854,0.8830942100667314,-0.6299623058706817
1.9775673197127082,1999-03-30,250/500,-1.038724729528836,0.591511792997454,-0.48054771093571935,0.9467178222525346,0.9538505081700629,2015-01-25,Police,-0.8238649762007128,0.009759465477002306,-1.3386995878348875,-1.3066577147977296,-1.3143159908150899,-1.7565973572198181,-1.014992526986205,0,0.298041334358157,-0.9285458485845719,-1.3385668981870218,0.7578206403856677,-1.23638377514092,0.877629967425337,-0.47991642324066014,-1.0702878146273995,-2.199388964623129,-2.057009655154806,1.1294749572214562,-0.8134538954280631
0.6620394170267224,1999-02-03,250/500,-0.2195411888909527,1.6754985728309117,-0.48054771093571935,0.3328960226507184,-0.22450305331749132,2015-01-29,Fire,1.1400563019893057,1.2296926501022896,0.461837853772224,0.9031209688704948,-0.3064908295868536,-0.1276142701646064,0.14918045169696045,1,0.9971218684273209,1.0769527444706675,1.0119672581156953,0.7578206403856677,0.6889613292451924,-0.18218099784304848,-0.09343897477909328,0.7570369184318504,0.3406724586011453,0.08671477239350854,0.3577497546299348,1.6152057698578444
-1.0919977865545918,2011-08-25,500/1000,1.4188258923848136,-2.4749914327232765,-0.48054771093571935,0.9682554292561072,-0.7157803689829972,2015-02-24,Fire,1.1400563019893057,-1.2101737191482849,-1.3386995878348875,1.6861779792241696,0.08958860620449036,0.8942746322514922,0.6481117282754599,0,0.9971218684273209,-0.9285458485845719,-1.3385668981870218,-1.5215003504028333,0.6889613292451924,-0.7554705550788714,-0.2705744719906447,-0.18525772913946104,0.3406724586011453,0.846356037103883,0.8830942100667314,-0.6299623058706817
-0.21497918476393468,2010-06-28,100/300,-1.038724729528836,-0.7255577827873262,-0.48054771093571935,-0.9019267788874382,-1.2177376262934057,2015-01-04,Ambulance,1.1400563019893057,-1.2101737191482849,1.3621065745757797,-0.5789476659088432,-0.5781474059673041,-0.29978321432491334,-0.6823716759338719,0,0.298041334358157,1.0769527444706675,0.2918125783627955,0.5457165052879057,-0.703459734131903,-0.4323437137277715,0.14810943050938574,1.4777448606394794,0.3406724586011453,0.846356037103883,0.3577497546299348,1.6152057698578444
-0.3246065099877668,2001-11-06,100/300,1.4188258923848136,0.36581282373941504,-0.48054771093571935,1.1728626957900459,-0.9436191240742464,2015-02-25,Fire,1.1400563019893057,1.2296926501022896,1.3621065745757797,1.0466130911866132,-0.23391082826383244,0.6479406044528992,0.3154908772231269,0,-1.4147801864822238,-0.9285458485845719,0.2918125783627955,0.5457165052879057,-0.703459734131903,-0.18218099784304848,-0.8986003257406907,0.7570369184318504,0.3406724586011453,0.3743247189079271,0.8830942100667314,-0.5342117343357785
1.758312669265044,2013-04-15,250/500,1.4188258923848136,1.364106192671374,-0.48054771093571935,1.086712267775756,0.9538505081700629,2015-01-27,Police,1.1400563019893057,1.2296926501022896,-1.3386995878348875,1.9731622238564066,0.23474860885053264,1.1538524249854933,-0.349750824881539,0,-1.4147801864822238,1.0769527444706675,1.0119672581156953,0.7578206403856677,0.8595723265323993,-0.7554705550788714,-0.8986003257406907,-1.2987279697173422,0.3406724586011453,0.846356037103883,-0.3588522192050495,-0.6299623058706817
0.11390279090756175,1995-12-07,100/300,-0.2195411888909527,-0.021961141436201728,-0.48054771093571935,1.653869252203165,0.9538505081700629,2015-02-19,Police,-0.8238649762007128,-1.2101737191482849,-1.3386995878348875,-1.4091520878806714,-1.4760657080492514,-1.8906242583661492,1.1470430048539593,0,0.298041334358157,-0.9285458485845719,-1.3385668981870218,0.5457165052879057,-0.703459734131903,-1.360764497328115,-0.8986003257406907,0.7570369184318504,-2.061745637196139,-2.057009655154806,-0.4966602910963925,-0.6299623058706817
0.8812940674743868,1991-11-01,100/300,1.4188258923848136,-0.7137436600780728,-0.48054771093571935,2.396916693826416,0.9538505081700629,2015-01-31,Police,2.1220169410843153,1.2296926501022896,-1.3386995878348875,0.7391299719377878,0.75525090405277,0.6225125757769154,0.8144221538016264,1,0.9971218684273209,1.0769527444706675,0.2918125783627955,0.5457165052879057,0.9491431001081818,0.877629967425337,-0.10897717628887865,1.4777448606394794,0.3406724586011453,0.3743247189079271,-1.2086686625349987,1.6152057698578444
-1.4208797622260882,2014-05-19,100/300,-1.038724729528836,-1.1584961545701955,-0.48054771093571935,1.35234275415315,0.9538505081700629,2015-01-18,Ambulance,1.1400563019893057,0.009759465477002306,-1.3386995878348875,0.923619843487083,0.94188519316911,-0.11172175224211654,-0.5160612504077055,0,0.298041334358157,-0.9285458485845719,1.0119672581156953,0.5457165052879057,0.6889613292451924,-0.010873920661118891,-0.12958907625083857,0.7570369184318504,0.3406724586011453,0.846356037103883,-0.4966602910963925,-0.6299623058706817
0.0042754656837296155,1992-03-15,500/1000,1.4188258923848136,0.5859739229774907,-0.48054771093571935,0.8892842035763413,0.24897435960651085,2015-01-10,Fire,1.1400563019893057,-1.2101737191482849,0.461837853772224,0.6940324477812935,0.7096291889354424,0.28347219343046487,-1.347613378038538,0,0.9971218684273209,-0.9285458485845719,-1.3385668981870218,-1.5215003504028333,-1.305159096390018,-1.360764497328115,-0.12958907625083857,1.4777448606394794,0.3406724586011453,0.3743247189079271,-0.4966602910963925,-0.6299623058706817
0.4427847665790582,2006-02-03,500/1000,-1.038724729528836,0.20812710257840017,-0.48054771093571935,-0.9019267788874382,-1.7410547668936185,2015-01-28,Ambulance,1.1400563019893057,-1.2101737191482849,-0.4384308670313317,-0.6691427142218319,-0.6693908362019593,-0.46294639832914264,0.4818013027492934,0,0.298041334358157,-0.9285458485845719,1.0119672581156953,-1.5215003504028333,-0.703459734131903,-0.18218099784304848,0.20499583030558555,-1.0702878146273995,0.3406724586011453,0.3743247189079271,0.8830942100667314,1.6152057698578444
0.33315744135522607,2003-03-16,250/500,1.4188258923848136,-0.15478797939649494,-0.48054771093571935,1.004151440928728,-1.3031771594526242,2015-02-16,Ambulance,1.1400563019893057,0.009759465477002306,0.461837853772224,-0.06442591303247552,-0.057645110765066815,0.6309885853355767,1.1470430048539593,0,0.298041334358157,1.0769527444706675,0.2918125783627955,0.7578206403856677,-0.703459734131903,0.6116045429450133,-0.10897717628887865,-1.2987279697173422,0.3406724586011453,0.08671477239350854,-1.2086686625349987,-0.5342117343357785
0.2235301161313939,2002-10-16,100/300,-1.038724729528836,0.6329432649986568,-0.48054771093571935,1.09389147011028,0.9538505081700629,2015-02-08,Other,-0.8238649762007128,0.009759465477002306,-1.3386995878348875,0.7268306471678349,-0.39566054549799384,0.3173762316651099,-0.1834403993553725,1,0.9971218684273209,1.0769527444706675,-1.3385668981870218,0.5457165052879057,1.0750375053644652,-0.6148153417848631,2.854601800241727,-0.18525772913946104,0.5885544318738691,0.846356037103883,0.3577497546299348,-0.6299623058706817
-0.6534884856592632,1990-01-27,100/300,1.4188258923848136,-2.3076657156015856,-0.48054771093571935,-0.9019267788874382,0.9538505081700629,2015-01-20,Police,1.1400563019893057,-1.2101737191482849,-0.4384308670313317,-0.3247616206631476,0.8921160494047526,0.4699444037210127,0.9807325793277929,1,-1.4147801864822238,-0.9285458485845719,1.0119672581156953,0.5457165052879057,0.6889613292451924,-0.010873920661118891,-0.3109737959160864,0.36704713820288415,0.3406724586011453,0.08671477239350854,-1.2086686625349987,1.6152057698578444
-0.10535185954010252,2010-03-11,100/300,-1.038724729528836,-1.0264897417980456,2.133492421080886,-0.9019267788874382,0.9538505081700629,2015-02-06,Police,1.1400563019893057,1.2296926501022896,-0.4384308670313317,1.3827946348986622,-0.06386625373561149,0.6198638227898338,-1.347613378038538,0,-1.4147801864822238,-0.9285458485845719,0.2918125783627955,0.5457165052879057,0.8595723265323993,-1.360764497328115,-0.2986569288656468,-1.0702878146273995,0.3406724586011453,0.08671477239350854,0.8830942100667314,-0.6299623058706817
0.0042754656837296155,1995-09-19,250/500,-0.2195411888909527,0.6783127779029443,-0.48054771093571935,-0.9019267788874382,-2.0329731718542816,2015-01-24,Fire,1.1400563019893057,0.009759465477002306,1.3621065745757797,0.06676688451368994,0.07507260593988613,-0.3649425378071218,1.1470430048539593,0,0.9971218684273209,-0.9285458485845719,-1.3385668981870218,0.7578206403856677,0.6889613292451924,0.877629967425337,-0.47991642324066014,-0.18525772913946104,0.3406724586011453,0.08671477239350854,0.3577497546299348,-0.6299623058706817
-0.6534884856592632,2010-02-27,100/300,-0.2195411888909527,0.3745913732525407,-0.48054771093571935,0.44776326000310507,-0.38470217799102585,2015-01-14,Police,-0.8238649762007128,1.2296926501022896,-0.4384308670313317,-1.3476554640309064,-1.3557902772853878,-1.849833462365092,1.3133534303801258,1,0.9971218684273209,-0.9285458485845719,-1.3385668981870218,0.5457165052879057,-0.703459734131903,0.877629967425337,2.854601800241727,0.7570369184318504,-2.199388964623129,-2.057009655154806,-0.4966602910963925,-0.8134538954280631
0.11390279090756175,1991-12-28,250/500,1.4188258923848136,0.24020572743477697,-0.48054771093571935,-0.9019267788874382,0.9538505081700629,2015-02-18,Police,-0.8238649762007128,-1.2101737191482849,-1.3386995878348875,-1.2697597404878707,-1.276989132991822,-1.7793766329087202,-0.349750824881539,0,-1.4147801864822238,-0.9285458485845719,0.2918125783627955,0.7578206403856677,1.0750375053644652,0.779381941338854,-0.2705744719906447,0.36704713820288415,-2.199388964623129,-2.057009655154806,0.8830942100667314,-0.6299623058706817
2.0871946449365404,2002-04-30,250/500,1.4188258923848136,0.6153451447129974,1.6978190657447854,0.7995441743947892,-0.028704123160949068,2015-01-10,Police,-0.8238649762007128,-1.2101737191482849,0.461837853772224,0.9318193933337184,-0.29197482932224933,0.21195586277926046,-1.347613378038538,1,0.9971218684273209,1.0769527444706675,1.0119672581156953,0.7578206403856677,1.0750375053644652,0.6116045429450133,-0.2986569288656468,1.4777448606394794,0.5885544318738691,0.846356037103883,-1.2086686625349987,1.6152057698578444
-0.3246065099877668,2007-04-28,250/500,1.4188258923848136,0.5397429636256532,-0.48054771093571935,-0.9019267788874382,-0.8047798826905165,2015-02-13,Police,1.1400563019893057,0.009759465477002306,1.3621065745757797,1.1942049884260493,1.2156154838730755,0.8005087765088019,0.6481117282754599,0,-1.4147801864822238,-0.9285458485845719,1.0119672581156953,0.7578206403856677,0.9491431001081818,-1.360764497328115,-0.4060310286818311,-1.0702878146273995,0.3406724586011453,0.08671477239350854,-1.2086686625349987,1.6152057698578444
-0.6534884856592632,1996-07-08,500/1000,-1.038724729528836,0.2205155229193539,-0.48054771093571935,-0.9019267788874382,-0.5021815360849512,2015-02-17,Other,-0.8238649762007128,-1.2101737191482849,-0.4384308670313317,1.0958103902664251,-0.20902625638165376,0.6987966618048668,0.4818013027492934,0,0.9971218684273209,-0.9285458485845719,0.2918125783627955,-1.5215003504028333,-1.23638377514092,-1.3569835982093803,-0.8889085687383753,0.36704713820288415,0.5885544318738691,0.3743247189079271,-0.3588522192050495,-0.5342117343357785
-0.8727431361069276,2002-04-01,100/300,-0.2195411888909527,-1.0352682913111717,2.133492421080886,0.06367593510606215,0.9538505081700629,2015-01-07,Ambulance,1.1400563019893057,1.2296926501022896,-1.3386995878348875,-0.33296117050978297,0.8755263348166336,0.4529923846036901,-1.014992526986205,0,0.298041334358157,1.0769527444706675,0.2918125783627955,0.5457165052879057,0.6889613292451924,-1.360764497328115,-0.09343897477909328,0.36704713820288415,0.3406724586011453,0.846356037103883,0.8830942100667314,-0.5342117343357785
0.11390279090756175,2006-10-29,100/300,-1.038724729528836,-0.5008433237550584,-0.48054771093571935,1.564129223021613,0.9538505081700629,2015-01-29,Police,-0.8238649762007128,0.009759465477002306,-1.3386995878348875,-1.3927529881874008,-1.4014119924027153,-1.7380560863102466,-1.347613378038538,0,0.298041334358157,-0.9285458485845719,1.0119672581156953,0.5457165052879057,-0.703459734131903,0.779381941338854,-0.7939293501156832,0.36704713820288415,-2.199388964623129,-2.057009655154806,0.8830942100667314,-0.8134538954280631
-1.5305070874499205,2007-10-25,250/500,-0.2195411888909527,-0.2584487019183169,-0.48054771093571935,-0.9019267788874382,0.9538505081700629,2015-02-13,Ambulance,-0.8238649762007128,0.009759465477002306,0.461837853772224,-0.002929289182710468,0.004566318940379878,0.7422362107930057,1.3133534303801258,1,-1.4147801864822238,-0.9285458485845719,0.2918125783627955,0.7578206403856677,0.6889613292451924,-0.7554705550788714,-0.47991642324066014,-1.2987279697173422,0.5885544318738691,0.846356037103883,0.8830942100667314,1.6152057698578444
0.0042754656837296155,2001-03-28,500/1000,-0.2195411888909527,-0.03590836963462691,1.2621457104086844,-0.9019267788874382,-0.23162301441409283,2015-02-01,Police,-0.8238649762007128,-1.2101737191482849,0.461837853772224,-1.2246622163313763,-1.2313674178744944,-1.699914043296271,1.3133534303801258,0,0.9971218684273209,-0.9285458485845719,-1.3385668981870218,-1.5215003504028333,0.8595723265323993,0.5115267965346528,-0.09343897477909328,-1.0702878146273995,-2.061745637196139,-2.057009655154806,-0.3588522192050495,-0.6299623058706817
0.33315744135522607,1995-05-04,100/300,-1.038724729528836,0.3344725815523659,-0.044874355599618394,-0.9019267788874382,0.9538505081700629,2015-01-29,Ambulance,-0.8238649762007128,-1.2101737191482849,-0.4384308670313317,0.23075788144639675,2.016069212749823,1.6184436989196138,-1.5139238035647045,0,0.9971218684273209,1.0769527444706675,0.2918125783627955,0.5457165052879057,-0.703459734131903,-0.18218099784304848,-0.8889085687383753,0.7570369184318504,0.5885544318738691,0.08671477239350854,1.1294749572214562,1.6152057698578444
0.11390279090756175,2011-09-28,250/500,1.4188258923848136,-1.9475811005257828,-0.48054771093571935,1.4025971704948192,-0.19602320893108516,2015-02-06,Ambulance,1.1400563019893057,-1.2101737191482849,0.461837853772224,-0.3493602702030536,0.8423469056403953,-0.18800583827006792,0.8144221538016264,0,0.298041334358157,1.0769527444706675,1.0119672581156953,0.7578206403856677,0.8595723265323993,-0.4323437137277715,-0.7939293501156832,1.4777448606394794,0.3406724586011453,0.3743247189079271,3.415890619557508,-0.5342117343357785
-0.8727431361069276,2003-01-28,250/500,1.4188258923848136,0.4508088732309922,-0.48054771093571935,-0.9019267788874382,0.3949335620868423,2015-01-28,Fire,1.1400563019893057,0.009759465477002306,-1.3386995878348875,0.6366355988548461,0.6515651878770254,-0.3342170031569747,1.4796638559062922,1,0.298041334358157,-0.9285458485845719,1.0119672581156953,0.7578206403856677,-1.23638377514092,-0.7554705550788714,0.17037985085513224,-1.2987279697173422,0.3406724586011453,0.846356037103883,1.1294749572214562,1.6152057698578444
-0.5438611604354311,2011-02-01,500/1000,-0.2195411888909527,0.07714622129142809,-0.48054771093571935,-0.9019267788874382,-0.765620096659208,2015-01-21,Fire,-0.8238649762007128,1.2296926501022896,0.461837853772224,1.6615793296842638,1.6884223496344704,1.6952575355449817,-1.1813029525123715,0,0.9971218684273209,1.0769527444706675,0.2918125783627955,-1.5215003504028333,-1.23638377514092,0.5115267965346528,-0.7525478016127732,0.7570369184318504,0.5885544318738691,0.08671477239350854,-0.4966602910963925,-0.6299623058706817
-0.21497918476393468,1993-02-09,250/500,-1.038724729528836,-0.6824034178910237,-0.48054771093571935,-0.9019267788874382,-0.890219415849735,2015-01-16,Police,2.1220169410843153,0.009759465477002306,0.461837853772224,-0.4293058812077482,-0.4267662603507172,0.25380615997515044,0.8144221538016264,1,-1.4147801864822238,1.0769527444706675,1.0119672581156953,0.7578206403856677,-1.23638377514092,2.11865766535986,-0.7939293501156832,-0.18525772913946104,0.3406724586011453,0.846356037103883,1.1294749572214562,-0.6299623058706817
-0.8727431361069276,2005-08-05,250/500,-1.038724729528836,0.2830319222558228,-0.48054771093571935,-0.9019267788874382,-0.9898988712021565,2015-02-17,Fire,-0.8238649762007128,0.009759465477002306,0.461837853772224,0.9400189431803537,0.9584749077572291,0.5377524801903028,0.6481117282754599,0,0.298041334358157,-0.9285458485845719,1.0119672581156953,0.7578206403856677,-0.703459734131903,-0.6148153417848631,-0.4060310286818311,0.7570369184318504,0.5885544318738691,0.08671477239350854,0.8830942100667314,-0.5342117343357785
0.4427847665790582,2006-06-17,250/500,1.4188258923848136,-1.1671926615645074,-0.48054771093571935,-0.9019267788874382,-1.1144981903926834,2015-02-01,Police,1.1400563019893057,1.2296926501022896,0.461837853772224,0.056517447205395754,1.6635377777522915,0.8497755820685206,0.8144221538016264,0,-1.4147801864822238,1.0769527444706675,0.2918125783627955,0.7578206403856677,0.8595723265323993,-0.4323437137277715,0.14810943050938574,0.7570369184318504,0.3406724586011453,0.3743247189079271,0.3577497546299348,-0.6299623058706817
0.0042754656837296155,1993-12-07,100/300,-1.038724729528836,-1.8488019078734097,-0.48054771093571935,-0.9019267788874382,0.9538505081700629,2015-02-25,Police,-0.8238649762007128,1.2296926501022896,1.3621065745757797,-1.4009525380340362,-1.5341297091076682,-1.866255730884998,-0.349750824881539,0,0.9971218684273209,-0.9285458485845719,1.0119672581156953,0.5457165052879057,0.8595723265323993,-0.7554705550788714,-0.7525478016127732,0.7570369184318504,-2.061745637196139,-2.057009655154806,0.8830942100667314,-0.8134538954280631
-0.434233835211599,2012-03-14,500/1000,-1.038724729528836,0.6532077671457801,-0.48054771093571935,-0.9019267788874382,0.9538505081700629,2015-02-26,Police,-0.8238649762007128,0.009759465477002306,-1.3386995878348875,-1.302557939874412,-1.4221491356378642,-1.7804361341035528,-0.349750824881539,0,0.9971218684273209,-0.9285458485845719,0.2918125783627955,-1.5215003504028333,0.9491431001081818,-1.3569835982093803,-0.7939293501156832,0.36704713820288415,-2.061745637196139,-2.057009655154806,-1.2086686625349987,-0.6299623058706817
-1.311252437002256,1997-08-05,250/500,1.4188258923848136,-0.6537295575654385,-0.48054771093571935,0.07085513744058632,0.9538505081700629,2015-02-06,Other,0.15809566289429652,0.009759465477002306,-1.3386995878348875,-0.07262546287911087,2.8704395140379573,-0.13397127733360237,0.14918045169696045,0,0.9971218684273209,1.0769527444706675,-1.3385668981870218,0.7578206403856677,-1.23638377514092,0.779381941338854,-0.2705744719906447,1.4777448606394794,0.3406724586011453,0.846356037103883,0.3577497546299348,1.6152057698578444
0.4427847665790582,2009-07-05,100/300,-1.038724729528836,-1.2685972148189373,-0.48054771093571935,-0.9019267788874382,-0.44522184731213893,2015-02-03,Police,-0.8238649762007128,0.009759465477002306,1.3621065745757797,-1.2615601906412353,-1.4014119924027153,-1.7041520480756014,0.4818013027492934,0,0.298041334358157,-0.9285458485845719,-1.3385668981870218,0.5457165052879057,-1.305159096390018,0.9577113773675267,0.10538658331550528,0.36704713820288415,-2.199388964623129,-2.057009655154806,0.8830942100667314,-0.8134538954280631
-0.8727431361069276,1994-11-25,100/300,1.4188258923848136,-0.9774283155471158,1.6978190657447854,-0.1840065454350216,-1.9902534052746723,2015-01-27,Police,1.1400563019893057,0.009759465477002306,0.461837853772224,1.4319919339784741,2.951314372655038,1.0463130537099785,-0.6823716759338719,0,0.9971218684273209,1.0769527444706675,0.2918125783627955,0.5457165052879057,-0.703459734131903,-0.7554705550788714,0.31597797632307734,-1.0702878146273995,0.3406724586011453,0.08671477239350854,-0.4966602910963925,-0.5342117343357785
0.5524120918028903,1997-02-03,100/300,1.4188258923848136,0.5896248150647259,-0.48054771093571935,0.3185376179816701,-1.0254986766851641,2015-01-21,Police,1.1400563019893057,-1.2101737191482849,0.461837853772224,2.0551577223227597,2.086575499749329,0.7655452370793242,1.3133534303801258,0,0.9971218684273209,1.0769527444706675,0.2918125783627955,0.5457165052879057,0.8595723265323993,0.5115267965346528,0.10538658331550528,1.4777448606394794,0.3406724586011453,0.846356037103883,1.1294749572214562,1.6152057698578444
0.11390279090756175,2009-10-09,250/500,-1.038724729528836,-0.41625748685755304,1.6978190657447854,-0.9019267788874382,-0.2992626448318074,2015-01-24,Police,-0.8238649762007128,-1.2101737191482849,0.461837853772224,-1.265659965564553,-1.4034857067262303,-1.8090426663640347,-1.347613378038538,0,0.298041334358157,1.0769527444706675,1.0119672581156953,0.7578206403856677,0.6889613292451924,0.779381941338854,-0.8986003257406907,0.7570369184318504,-2.061745637196139,-2.057009655154806,-0.4966602910963925,-0.8134538954280631
0.8812940674743868,2002-11-20,250/500,-1.038724729528836,0.5329744558234771,-0.48054771093571935,1.0400474526013488,-1.8086943973113332,2015-01-17,Other,1.1400563019893057,-1.2101737191482849,-1.3386995878348875,1.1737061138094609,-0.16962568423487084,0.4307428595122043,-0.6823716759338719,0,0.298041334358157,1.0769527444706675,0.2918125783627955,0.7578206403856677,-1.23638377514092,-1.360764497328115,-0.49673854432325054,-1.2987279697173422,0.3406724586011453,0.846356037103883,-0.4966602910963925,-0.6299623058706817
-0.5438611604354311,1995-05-29,100/300,-1.038724729528836,-1.4017522228544872,-0.48054771093571935,2.0559045829365186,-1.0788983849096756,2015-02-23,Other,-0.8238649762007128,1.2296926501022896,-0.4384308670313317,-0.6875917013767614,-0.6880542651135932,-0.4963206859663714,0.6481117282754599,1,-1.4147801864822238,-0.9285458485845719,1.0119672581156953,0.5457165052879057,0.6889613292451924,-0.7554705550788714,0.10538658331550528,0.7570369184318504,0.5885544318738691,0.3743247189079271,-0.4966602910963925,1.6152057698578444
-1.0919977865545918,2011-01-22,250/500,-1.038724729528836,-0.07159686531883176,0.3907989997364825,-0.9019267788874382,0.9538505081700629,2015-01-09,Fire,-0.8238649762007128,0.009759465477002306,-0.4384308670313317,-0.5399998041373253,0.45663604146662584,0.024953901891296332,-1.5139238035647045,1,-1.4147801864822238,-0.9285458485845719,1.0119672581156953,0.7578206403856677,1.0750375053644652,0.9577113773675267,-0.8889085687383753,-1.0702878146273995,0.5885544318738691,0.08671477239350854,0.8830942100667314,1.6152057698578444
-0.21497918476393468,2012-10-18,250/500,-1.038724729528836,0.4488398527794498,-0.48054771093571935,0.6774977347078784,0.9538505081700629,2015-02-15,Fire,1.1400563019893057,0.009759465477002306,0.461837853772224,-0.3124622958931946,-0.30856454391036847,0.49537243239699646,-1.1813029525123715,1,-1.4147801864822238,-0.9285458485845719,-1.3385668981870218,0.7578206403856677,-0.703459734131903,-0.4323437137277715,2.854601800241727,-0.18525772913946104,0.3406724586011453,0.846356037103883,0.8830942100667314,-0.5342117343357785
-0.21497918476393468,1991-10-13,500/1000,-0.2195411888909527,-0.6995092830637979,2.133492421080886,-0.9019267788874382,-0.9614190268157503,2015-01-16,Other,1.1400563019893057,0.009759465477002306,-0.4384308670313317,1.3622957602820738,-0.07423482535318593,0.9742669724613578,-1.014992526986205,0,-1.4147801864822238,1.0769527444706675,1.0119672581156953,-1.5215003504028333,-0.703459734131903,-0.18218099784304848,-0.09343897477909328,-0.18525772913946104,0.3406724586011453,0.846356037103883,-0.4966602910963925,-0.5342117343357785
-0.3246065099877668,2010-10-01,250/500,1.4188258923848136,-0.037467177492098366,-0.48054771093571935,-0.9019267788874382,-0.459461769505342,2015-01-14,Fire,1.1400563019893057,1.2296926501022896,0.461837853772224,-0.5871472157554785,-0.5864422632613637,-0.0725202080333082,0.4818013027492934,0,0.298041334358157,1.0769527444706675,-1.3385668981870218,0.7578206403856677,-1.305159096390018,-0.010873920661118891,-0.7939293501156832,-1.2987279697173422,0.3406724586011453,0.08671477239350854,-0.4966602910963925,-0.5342117343357785
0.2235301161313939,2013-04-10,100/300,1.4188258923848136,0.22867875354137315,-0.48054771093571935,2.0164189700966353,0.9538505081700629,2015-01-01,Other,1.1400563019893057,1.2296926501022896,0.461837853772224,-0.01932838887598115,1.5100829178121897,1.1014071158412768,1.4796638559062922,1,-1.4147801864822238,-0.9285458485845719,-1.3385668981870218,0.5457165052879057,1.0750375053644652,0.5115267965346528,-0.7525478016127732,1.4777448606394794,0.3406724586011453,0.846356037103883,0.8830942100667314,1.6152057698578444
-1.4208797622260882,2008-06-11,100/300,1.4188258923848136,-2.0156353698822147,-0.48054771093571935,-0.9019267788874382,0.1635348264472924,2015-02-16,Ambulance,1.1400563019893057,-1.2101737191482849,1.3621065745757797,-0.9397278591607982,-0.35211254470418113,-0.8014570300781769,-0.6823716759338719,1,0.9971218684273209,1.0769527444706675,1.0119672581156953,0.5457165052879057,0.9491431001081818,0.5115267965346528,0.10538658331550528,0.36704713820288415,0.3406724586011453,0.3743247189079271,0.8830942100667314,1.6152057698578444
-0.6534884856592632,2013-12-04,100/300,1.4188258923848136,0.2888159198322287,-0.48054771093571935,-0.9019267788874382,-0.4203019834740335,2015-01-04,Other,-0.8238649762007128,-1.2101737191482849,-1.3386995878348875,-0.8064851741529738,-0.08252968264724549,-0.711399428517401,1.1470430048539593,0,0.9971218684273209,-0.9285458485845719,1.0119672581156953,0.5457165052879057,-0.703459734131903,-0.7554705550788714,-0.12958907625083857,1.4777448606394794,0.5885544318738691,0.08671477239350854,0.8830942100667314,-0.5342117343357785
2.1968219701603724,2010-08-21,500/1000,-0.2195411888909527,0.334513602811773,-0.48054771093571935,0.49801767634477423,0.9538505081700629,2015-01-12,Police,1.1400563019893057,1.2296926501022896,0.461837853772224,1.2639011621224496,-0.12400396911754329,0.512324451514319,1.4796638559062922,0,0.298041334358157,1.0769527444706675,1.0119672581156953,-1.5215003504028333,1.0750375053644652,-0.4323437137277715,0.20499583030558555,-1.0702878146273995,0.3406724586011453,0.08671477239350854,-1.2086686625349987,-0.5342117343357785
-0.9823704613307597,2010-06-18,250/500,1.4188258923848136,0.24459500219134075,3.004839131753088,0.6739081335406163,0.9538505081700629,2015-01-08,Other,1.1400563019893057,1.2296926501022896,-1.3386995878348875,1.1409079144229195,1.1616989114616882,1.0897526026981177,0.6481117282754599,0,0.9971218684273209,-0.9285458485845719,0.2918125783627955,0.7578206403856677,-1.305159096390018,-0.18218099784304848,-0.7939293501156832,-0.18525772913946104,0.3406724586011453,0.08671477239350854,0.8830942100667314,-0.6299623058706817
0.33315744135522607,1992-04-10,500/1000,-0.2195411888909527,0.12075182004120964,-0.48054771093571935,-0.9019267788874382,-0.45234180840874044,2015-01-22,Police,-0.8238649762007128,1.2296926501022896,-0.4384308670313317,0.02371924781885439,1.5971789193998152,0.7904435151578917,-1.1813029525123715,0,0.9971218684273209,-0.9285458485845719,-1.3385668981870218,-1.5215003504028333,0.9491431001081818,0.779381941338854,-0.49673854432325054,0.7570369184318504,0.5885544318738691,0.846356037103883,-1.2086686625349987,-0.6299623058706817
0.7716667422505546,1997-02-03,500/1000,-0.2195411888909527,0.4724680981979577,-0.48054771093571935,-0.9019267788874382,0.9538505081700629,2015-01-13,Other,1.1400563019893057,0.009759465477002306,1.3621065745757797,1.571384281371275,1.5971789193998152,1.19040521620722,0.6481117282754599,0,0.9971218684273209,1.0769527444706675,-1.3385668981870218,-1.5215003504028333,-1.23638377514092,2.11865766535986,-0.49673854432325054,0.36704713820288415,0.3406724586011453,0.08671477239350854,-1.2086686625349987,-0.5342117343357785
0.6620394170267224,1991-12-06,500/1000,1.4188258923848136,0.7825477980564666,-0.48054771093571935,0.5123760810138226,-1.320977062194128,2015-01-18,Ambulance,1.1400563019893057,0.009759465477002306,-0.4384308670313317,-0.4252061062844305,0.6888920457002935,0.5462284897489641,-1.1813029525123715,0,0.9971218684273209,-0.9285458485845719,0.2918125783627955,-1.5215003504028333,-0.703459734131903,-1.3569835982093803,-0.8986003257406907,0.7570369184318504,0.3406724586011453,0.08671477239350854,-0.3588522192050495,-0.5342117343357785
-0.6534884856592632,1995-09-19,250/500,-1.038724729528836,-1.4508546703648237,-0.48054771093571935,-0.9019267788874382,0.9538505081700629,2015-01-19,Police,1.1400563019893057,0.009759465477002306,-1.3386995878348875,-0.22431713504186468,-0.8767622685534482,-0.833771816520573,0.14918045169696045,0,0.9971218684273209,-0.9285458485845719,1.0119672581156953,0.7578206403856677,-1.23638377514092,0.779381941338854,0.31597797632307734,0.36704713820288415,0.3406724586011453,0.846356037103883,-0.4966602910963925,-0.6299623058706817
-0.9823704613307597,1993-10-29,500/1000,-0.2195411888909527,0.8098269355622096,-0.48054771093571935,0.9503074234197967,-1.6769751170242049,2015-01-31,Other,-0.8238649762007128,-1.2101737191482849,-0.4384308670313317,1.0138148918000718,1.033128623403765,0.6140365662182542,0.14918045169696045,1,-1.4147801864822238,1.0769527444706675,0.2918125783627955,-1.5215003504028333,-0.703459734131903,-0.4323437137277715,0.14810943050938574,1.4777448606394794,0.5885544318738691,0.08671477239350854,-0.4966602910963925,1.6152057698578444
-0.21497918476393468,1991-11-03,100/300,1.4188258923848136,1.4210437007284733,-0.48054771093571935,1.309267540146005,-0.12126361741676904,2015-02-06,Fire,-0.8238649762007128,-1.2101737191482849,0.461837853772224,1.2270031878125907,-0.1426673980291773,1.1898754656098038,-0.017129973829206037,0,-1.4147801864822238,-0.9285458485845719,0.2918125783627955,0.5457165052879057,-1.23638377514092,0.5115267965346528,-0.2705744719906447,0.7570369184318504,0.5885544318738691,0.3743247189079271,-0.4966602910963925,-0.5342117343357785
-0.9823704613307597,2002-07-09,250/500,1.4188258923848136,1.475027678108258,-0.48054771093571935,1.1979899039608806,-0.7122203884346965,2015-02-04,Other,1.1400563019893057,-1.2101737191482849,1.3621065745757797,-0.220217360118547,1.1036349104032714,0.3491612675100897,0.8144221538016264,0,-1.4147801864822238,1.0769527444706675,0.2918125783627955,0.7578206403856677,0.6889613292451924,-1.3569835982093803,0.17037985085513224,-1.2987279697173422,0.3406724586011453,0.846356037103883,0.8830942100667314,1.6152057698578444
0.5524120918028903,1999-12-07,250/500,-1.038724729528836,1.4555425798898707,-0.48054771093571935,-0.9019267788874382,0.9538505081700629,2015-01-02,Police,-0.8238649762007128,0.009759465477002306,0.461837853772224,-0.8515826983094682,-0.8539514109947844,-0.6192228245669598,1.1470430048539593,0,-1.4147801864822238,1.0769527444706675,1.0119672581156953,0.7578206403856677,-1.23638377514092,-0.7554705550788714,-0.47991642324066014,-1.2987279697173422,0.5885544318738691,0.3743247189079271,-1.2086686625349987,-0.5342117343357785
1.2101760431458832,2005-07-01,500/1000,-1.038724729528836,-1.5090638374635439,-0.48054771093571935,-0.9019267788874382,0.9538505081700629,2015-02-26,Police,1.1400563019893057,-1.2101737191482849,0.461837853772224,0.48904370161541,-0.5159359762618574,-0.4486431321989018,1.6459742814324587,0,0.298041334358157,-0.9285458485845719,-1.3385668981870218,-1.5215003504028333,-1.305159096390018,-1.360764497328115,0.20499583030558555,1.4777448606394794,0.3406724586011453,0.846356037103883,0.3577497546299348,-0.5342117343357785
-1.4208797622260882,1991-11-04,250/500,-0.2195411888909527,-0.020197227281695734,-0.48054771093571935,-0.9019267788874382,0.9538505081700629,2015-02-08,Other,0.15809566289429652,1.2296926501022896,0.461837853772224,0.5423407756185397,-0.48897769005616387,-0.14032828450259832,-0.8486821014600384,1,0.298041334358157,1.0769527444706675,0.2918125783627955,0.7578206403856677,0.8595723265323993,2.11865766535986,-0.2986569288656468,0.36704713820288415,0.3406724586011453,0.846356037103883,-0.3588522192050495,1.6152057698578444
1.758312669265044,1993-04-14,500/1000,1.4188258923848136,-1.0724745735934405,-0.48054771093571935,-0.9019267788874382,-1.3743767704186396,2015-02-07,Police,1.1400563019893057,0.009759465477002306,-0.4384308670313317,2.100255246479254,0.2990337528794942,1.2688083046248368,0.8144221538016264,0,-1.4147801864822238,1.0769527444706675,0.2918125783627955,-1.5215003504028333,0.6889613292451924,0.6116045429450133,-0.2986569288656468,0.36704713820288415,0.3406724586011453,0.08671477239350854,-0.4966602910963925,-0.5342117343357785
1.100548717922051,2009-08-23,100/300,1.4188258923848136,0.37295052287625596,-0.48054771093571935,-0.9019267788874382,-0.5449013026645604,2015-02-17,Fire,1.1400563019893057,-1.2101737191482849,0.461837853772224,0.9564180428736244,-0.27953254338116,0.5547044993076253,-0.349750824881539,0,0.9971218684273209,-0.9285458485845719,0.2918125783627955,0.5457165052879057,-1.23638377514092,0.9577113773675267,-0.49673854432325054,-1.0702878146273995,0.3406724586011453,0.3743247189079271,-0.4966602910963925,-0.5342117343357785
0.8812940674743868,1993-06-18,100/300,-0.2195411888909527,1.916047237994332,-0.48054771093571935,-0.9019267788874382,0.9538505081700629,2015-01-12,Police,1.1400563019893057,-1.2101737191482849,-1.3386995878348875,-0.29811308366158273,0.9460326218161398,0.5250384658523108,1.4796638559062922,0,0.9971218684273209,1.0769527444706675,0.2918125783627955,0.5457165052879057,1.0750375053644652,0.877629967425337,0.31597797632307734,-1.0702878146273995,0.3406724586011453,0.846356037103883,-0.4966602910963925,-0.6299623058706817
0.11390279090756175,2012-07-17,250/500,-1.038724729528836,0.5042595742384848,-0.48054771093571935,-0.9019267788874382,0.9538505081700629,2015-02-01,Other,1.1400563019893057,-1.2101737191482849,0.461837853772224,0.4070482031490566,-0.5574102627321552,-0.013188141122679357,-0.5160612504077055,1,-1.4147801864822238,1.0769527444706675,1.0119672581156953,0.7578206403856677,0.9491431001081818,-0.010873920661118891,0.10538658331550528,-1.2987279697173422,0.3406724586011453,0.08671477239350854,-0.4966602910963925,1.6152057698578444
-0.8727431361069276,1999-01-25,250/500,-0.2195411888909527,1.2209419973404845,1.2621457104086844,-0.9019267788874382,-0.03938406480585137,2015-02-03,Other,-0.8238649762007128,0.009759465477002306,-1.3386995878348875,-0.48670273013419557,0.5644691862894001,0.13514202615389276,0.6481117282754599,1,0.298041334358157,1.0769527444706675,-1.3385668981870218,0.7578206403856677,1.0750375053644652,-0.4323437137277715,0.20499583030558555,-1.0702878146273995,0.5885544318738691,0.3743247189079271,-1.2086686625349987,1.6152057698578444
-1.201625111778424,1990-02-23,500/1000,-0.2195411888909527,0.49609634361646554,-0.48054771093571935,-0.9019267788874382,0.9538505081700629,2015-02-21,Fire,-0.8238649762007128,1.2296926501022896,1.3621065745757797,0.5095425762319984,-0.505567404644283,-0.4327506142764119,-0.017129973829206037,0,0.9971218684273209,1.0769527444706675,1.0119672581156953,-1.5215003504028333,-1.305159096390018,-0.18218099784304848,0.10538658331550528,0.36704713820288415,0.5885544318738691,0.08671477239350854,-0.4966602910963925,1.6152057698578444
0.7716667422505546,2000-08-30,500/1000,1.4188258923848136,0.2310579865869865,-0.48054771093571935,1.0185098455977764,-1.6662951753793025,2015-01-09,Ambulance,1.1400563019893057,0.009759465477002306,1.3621065745757797,-0.07672523780242854,1.393954915695356,0.9827429820200191,-0.1834403993553725,1,0.298041334358157,-0.9285458485845719,1.0119672581156953,-1.5215003504028333,1.0750375053644652,0.779381941338854,0.14810943050938574,-1.2987279697173422,0.3406724586011453,0.3743247189079271,-0.4966602910963925,1.6152057698578444
-1.5305070874499205,2008-09-03,250/500,-1.038724729528836,0.008271526746853957,-0.48054771093571935,1.5031060031781576,-0.9542990657191488,2015-02-16,Police,-0.8238649762007128,1.2296926501022896,0.461837853772224,-1.3312563643376356,-1.3392005626972687,-1.8101021675588673,-0.017129973829206037,0,0.9971218684273209,-0.9285458485845719,-1.3385668981870218,0.7578206403856677,0.6889613292451924,0.6116045429450133,0.10538658331550528,-0.18525772913946104,-2.061745637196139,-2.057009655154806,0.8830942100667314,-0.8134538954280631
-1.4208797622260882,1991-08-02,500/1000,-0.2195411888909527,0.47123746041574394,-0.48054771093571935,-0.9019267788874382,0.9538505081700629,2015-02-04,Police,-0.8238649762007128,1.2296926501022896,0.461837853772224,-1.4050523129573538,-1.4138542783438046,-1.9017490209118921,-1.680234229090871,0,0.9971218684273209,-0.9285458485845719,1.0119672581156953,-1.5215003504028333,0.9491431001081818,-0.6148153417848631,0.14810943050938574,-1.2987279697173422,-2.061745637196139,-2.057009655154806,-0.3588522192050495,-0.8134538954280631
-0.9823704613307597,2001-09-25,100/300,-1.038724729528836,0.5835946899318774,2.133492421080886,0.49442807517751214,-0.7798600188524111,2015-02-24,Fire,-0.8238649762007128,-1.2101737191482849,-1.3386995878348875,-1.523945785733566,-0.14888854099972196,0.46782540133134737,-0.1834403993553725,0,-1.4147801864822238,1.0769527444706675,1.0119672581156953,0.5457165052879057,0.8595723265323993,-0.6148153417848631,-0.09343897477909328,0.7570369184318504,0.5885544318738691,0.08671477239350854,1.1294749572214562,-0.5342117343357785
-0.8727431361069276,2007-03-11,500/1000,-0.2195411888909527,-0.8000113686112708,2.133492421080886,-0.9019267788874382,0.9538505081700629,2015-02-01,Police,-0.8238649762007128,-1.2101737191482849,-0.4384308670313317,-0.037777376030910664,-0.030686824559373247,0.6791958897004626,-0.5160612504077055,0,-1.4147801864822238,-0.9285458485845719,-1.3385668981870218,-1.5215003504028333,0.6889613292451924,-0.010873920661118891,-0.8986003257406907,-0.18525772913946104,0.5885544318738691,0.846356037103883,-1.2086686625349987,-0.6299623058706817
0.0042754656837296155,2010-11-20,250/500,-1.038724729528836,0.444901811876365,1.2621457104086844,-0.9019267788874382,-1.0610984821681717,2015-02-05,Fire,1.1400563019893057,1.2296926501022896,-0.4384308670313317,-0.5154011545974193,-0.5138622619383425,-0.18482733468556994,0.4818013027492934,0,0.298041334358157,1.0769527444706675,-1.3385668981870218,0.7578206403856677,0.8595723265323993,-0.010873920661118891,-0.2986569288656468,-0.18525772913946104,0.3406724586011453,0.08671477239350854,0.8830942100667314,-0.6299623058706817
-0.21497918476393468,1998-08-28,500/1000,-0.2195411888909527,-1.4874456337559856,-0.48054771093571935,-0.9019267788874382,-0.9578590462674496,2015-01-07,Police,-0.8238649762007128,1.2296926501022896,-1.3386995878348875,0.0770163218219841,0.08544117755746057,0.8868581238876636,-1.014992526986205,0,0.298041334358157,1.0769527444706675,0.2918125783627955,-1.5215003504028333,-0.703459734131903,0.6116045429450133,-0.8986003257406907,0.7570369184318504,0.5885544318738691,0.846356037103883,-0.4966602910963925,-0.5342117343357785
-0.9823704613307597,2002-07-16,250/500,-1.038724729528836,-1.2319242089089613,-0.48054771093571935,0.5195552833483468,-1.335216984387331,2015-02-06,Other,-0.8238649762007128,0.009759465477002306,-0.4384308670313317,0.2615061933712793,0.27207546667380067,1.6820137706095735,-0.8486821014600384,0,-1.4147801864822238,-0.9285458485845719,1.0119672581156953,0.7578206403856677,-0.703459734131903,-1.360764497328115,-0.47991642324066014,-1.2987279697173422,0.5885544318738691,0.3743247189079271,-0.4966602910963925,-0.6299623058706817
-0.434233835211599,1990-04-29,500/1000,1.4188258923848136,-0.5460487516217175,-0.48054771093571935,0.36879203432333924,-0.797659921593915,2015-01-21,Fire,1.1400563019893057,0.009759465477002306,1.3621065745757797,-0.5850973282938197,-0.5843685489378487,0.1743435703627011,-1.5139238035647045,0,0.9971218684273209,1.0769527444706675,1.0119672581156953,-1.5215003504028333,0.9491431001081818,-1.360764497328115,-0.2705744719906447,-0.18525772913946104,0.3406724586011453,0.3743247189079271,-0.4966602910963925,-0.5342117343357785
0.6620394170267224,1998-02-01,100/300,-1.038724729528836,-0.7054573656778321,-0.48054771093571935,-0.9019267788874382,-1.2177376262934057,2015-03-01,Police,1.1400563019893057,1.2296926501022896,0.461837853772224,1.1327083645762843,-0.19036282747001976,0.3936603176930613,1.4796638559062922,1,0.298041334358157,-0.9285458485845719,0.2918125783627955,0.5457165052879057,0.6889613292451924,0.5115267965346528,2.854601800241727,0.7570369184318504,0.3406724586011453,0.08671477239350854,-0.3588522192050495,-0.5342117343357785
0.33315744135522607,2008-07-20,100/300,1.4188258923848136,0.7397216032354208,-0.48054771093571935,-0.004526487071917435,0.9538505081700629,2015-02-24,Other,-0.8238649762007128,0.009759465477002306,1.3621065745757797,1.099910165189743,1.1202246249913905,0.3639942842377469,-0.8486821014600384,0,0.298041334358157,-0.9285458485845719,0.2918125783627955,0.5457165052879057,-0.703459734131903,0.877629967425337,-0.47991642324066014,0.7570369184318504,0.5885544318738691,0.846356037103883,0.8830942100667314,-0.6299623058706817
-1.4208797622260882,1998-11-13,250/500,-0.2195411888909527,-1.1022970291824252,-0.48054771093571935,-0.9019267788874382,0.9538505081700629,2015-02-02,Police,-0.8238649762007128,1.2296926501022896,0.461837853772224,-1.523945785733566,0.6474177592299957,0.49855093598149447,0.4818013027492934,1,-1.4147801864822238,1.0769527444706675,1.0119672581156953,0.7578206403856677,0.8595723265323993,-0.010873920661118891,-0.12958907625083857,-1.0702878146273995,0.5885544318738691,0.846356037103883,-0.4966602910963925,1.6152057698578444
0.8812940674743868,2001-05-24,500/1000,-1.038724729528836,-0.07430426843970186,-0.48054771093571935,-0.9019267788874382,0.9538505081700629,2015-01-31,Police,-0.8238649762007128,-1.2101737191482849,1.3621065745757797,-1.327156589414318,-1.3350531340502387,-1.7804361341035528,0.9807325793277929,0,0.298041334358157,1.0769527444706675,1.0119672581156953,-1.5215003504028333,-1.305159096390018,-0.4323437137277715,-0.2986569288656468,1.4777448606394794,-2.199388964623129,-2.057009655154806,-1.2086686625349987,-0.6299623058706817
-0.10535185954010252,2014-06-03,100/300,-0.2195411888909527,0.5235805874192441,1.6978190657447854,-0.9019267788874382,0.9538505081700629,2015-01-09,Police,-0.8238649762007128,1.2296926501022896,1.3621065745757797,1.8891168379283942,0.7676931899938593,0.048792678775031136,1.1470430048539593,1,0.298041334358157,-0.9285458485845719,1.0119672581156953,0.5457165052879057,-0.703459734131903,0.6116045429450133,0.20499583030558555,-0.18525772913946104,0.5885544318738691,0.846356037103883,-0.3588522192050495,-0.5342117343357785
-1.201625111778424,1991-08-22,100/300,1.4188258923848136,1.3867909491235177,-0.48054771093571935,1.818990905897221,0.9538505081700629,2015-02-23,Police,-0.8238649762007128,-1.2101737191482849,0.461837853772224,0.899021193947177,0.9170006212869313,0.49537243239699646,-0.5160612504077055,0,-1.4147801864822238,1.0769527444706675,0.2918125783627955,0.5457165052879057,1.0750375053644652,0.779381941338854,-0.09343897477909328,-0.18525772913946104,0.5885544318738691,0.08671477239350854,-0.3588522192050495,-0.6299623058706817
1.867939994488876,1998-12-12,250/500,-0.2195411888909527,-0.5296402478588648,2.133492421080886,1.517464407847206,-0.6054209719856735,2015-01-28,Ambulance,-0.8238649762007128,1.2296926501022896,-1.3386995878348875,-0.17511983596205263,-0.16962568423487084,-0.6149848197876291,-0.5160612504077055,0,-1.4147801864822238,1.0769527444706675,0.2918125783627955,0.7578206403856677,-0.703459734131903,-0.18218099784304848,-0.12958907625083857,-1.0702878146273995,0.5885544318738691,0.846356037103883,-1.2086686625349987,-0.6299623058706817
0.4427847665790582,1999-02-18,500/1000,1.4188258923848136,-1.3426405880488101,2.133492421080886,0.7636481627221684,-1.691215039217408,2015-01-14,Other,-0.8238649762007128,1.2296926501022896,0.461837853772224,0.6366355988548461,-0.4412822606153214,0.5033186913582414,-0.017129973829206037,0,-1.4147801864822238,-0.9285458485845719,1.0119672581156953,-1.5215003504028333,1.0750375053644652,-0.7554705550788714,0.10538658331550528,-1.2987279697173422,0.5885544318738691,0.3743247189079271,-0.3588522192050495,-0.5342117343357785
-0.5438611604354311,1997-10-30,100/300,-0.2195411888909527,2.348985609777202,-0.48054771093571935,1.133377082950163,0.9538505081700629,2015-02-03,Other,1.1400563019893057,0.009759465477002306,-1.3386995878348875,0.9974157921068011,-0.2587954001460111,0.5970845471009316,0.6481117282754599,0,0.9971218684273209,1.0769527444706675,0.2918125783627955,0.5457165052879057,0.6889613292451924,0.6116045429450133,2.854601800241727,0.36704713820288415,0.3406724586011453,0.08671477239350854,0.8830942100667314,-0.5342117343357785
0.0042754656837296155,1999-11-29,100/300,-0.2195411888909527,-1.4451937365666396,2.569165776416987,1.5605396218543508,0.15997484589899164,2015-02-17,Fire,-0.8238649762007128,0.009759465477002306,1.3621065745757797,1.5180872073681453,1.543262346988428,0.3491612675100897,-0.5160612504077055,1,0.298041334358157,-0.9285458485845719,1.0119672581156953,0.5457165052879057,0.9491431001081818,0.877629967425337,-0.49673854432325054,-0.18525772913946104,0.5885544318738691,0.3743247189079271,0.8830942100667314,1.6152057698578444
0.4427847665790582,2013-07-07,500/1000,-0.2195411888909527,-0.05399874503317237,-0.48054771093571935,0.8174921802310997,-1.659175214282701,2015-01-30,Other,-0.8238649762007128,0.009759465477002306,1.3621065745757797,1.136808139499602,1.1575514828146585,0.053560434151778094,0.9807325793277929,0,0.298041334358157,-0.9285458485845719,0.2918125783627955,-1.5215003504028333,0.6889613292451924,0.6116045429450133,0.17037985085513224,-1.0702878146273995,0.5885544318738691,0.08671477239350854,-0.3588522192050495,-0.6299623058706817
0.5524120918028903,2003-07-05,500/1000,1.4188258923848136,-0.9273003365516006,-0.48054771093571935,0.792364972060265,0.9538505081700629,2015-02-03,Ambulance,1.1400563019893057,0.009759465477002306,-1.3386995878348875,-0.05212658826252251,-0.7896662669658229,-0.6780251408801722,0.3154908772231269,1,0.298041334358157,-0.9285458485845719,1.0119672581156953,-1.5215003504028333,-0.703459734131903,-0.18218099784304848,-0.10897717628887865,1.4777448606394794,0.3406724586011453,0.846356037103883,1.1294749572214562,1.6152057698578444
-1.4208797622260882,2005-09-21,100/300,-1.038724729528836,0.11496782246480372,0.8264723550725834,-0.9019267788874382,-0.5235414193747558,2015-02-03,Fire,-0.8238649762007128,0.009759465477002306,1.3621065745757797,-0.45390453074765424,0.6308280446418766,-0.07357970922814086,0.9807325793277929,0,0.9971218684273209,-0.9285458485845719,-1.3385668981870218,0.5457165052879057,-1.23638377514092,0.877629967425337,-0.8986003257406907,-0.18525772913946104,0.5885544318738691,0.846356037103883,-0.3588522192050495,-0.6299623058706817
1.9775673197127082,1995-02-18,100/300,-1.038724729528836,-0.1659047406958278,-0.48054771093571935,1.517464407847206,-2.008053308016176,2015-01-31,Police,-0.8238649762007128,-1.2101737191482849,0.461837853772224,-0.1915189356553233,1.1616989114616882,1.0897526026981177,-0.8486821014600384,0,0.298041334358157,1.0769527444706675,1.0119672581156953,0.5457165052879057,-1.305159096390018,-1.3569835982093803,-0.12958907625083857,-1.0702878146273995,0.5885544318738691,0.3743247189079271,0.8830942100667314,-0.6299623058706817
-1.311252437002256,1999-04-07,500/1000,1.4188258923848136,-1.1926668636563365,-0.48054771093571935,1.1226082794483767,-0.213823111672589,2015-02-06,Ambulance,1.1400563019893057,-1.2101737191482849,-1.3386995878348875,-0.14642141149882892,-0.1405936837056624,0.8386508195227776,-1.680234229090871,0,0.9971218684273209,-0.9285458485845719,0.2918125783627955,-1.5215003504028333,-1.23638377514092,-1.3569835982093803,0.10538658331550528,-1.0702878146273995,0.3406724586011453,0.3743247189079271,-0.4966602910963925,-0.6299623058706817
0.4427847665790582,2014-12-13,100/300,-1.038724729528836,-0.22083220704197673,-0.48054771093571935,1.133377082950163,-1.381496731515241,2015-02-06,Fire,-0.8238649762007128,-1.2101737191482849,-1.3386995878348875,0.8334247951740943,-0.3417439730866067,0.42756435592770636,-1.347613378038538,0,0.9971218684273209,-0.9285458485845719,-1.3385668981870218,0.5457165052879057,0.9491431001081818,-0.6148153417848631,-0.7939293501156832,-0.18525772913946104,0.5885544318738691,0.846356037103883,-1.2086686625349987,-0.5342117343357785
-0.21497918476393468,1997-06-01,250/500,1.4188258923848136,-0.18411817987259455,-0.48054771093571935,1.4528515868364884,0.9538505081700629,2015-01-29,Other,1.1400563019893057,0.009759465477002306,-0.4384308670313317,0.825225245327459,-0.34589140173363647,0.7226354386886016,-1.680234229090871,0,-1.4147801864822238,-0.9285458485845719,0.2918125783627955,0.7578206403856677,0.9491431001081818,0.877629967425337,-0.10897717628887865,0.36704713820288415,0.3406724586011453,0.08671477239350854,-1.2086686625349987,1.6152057698578444
-1.201625111778424,2013-07-13,250/500,-0.2195411888909527,1.3000720067368416,-0.48054771093571935,0.18931197596023508,0.9538505081700629,2015-01-07,Police,1.1400563019893057,-1.2101737191482849,0.461837853772224,0.6981322227046112,0.7137766175824721,0.2877101982097955,0.8144221538016264,0,0.9971218684273209,1.0769527444706675,0.2918125783627955,0.7578206403856677,0.8595723265323993,-1.360764497328115,-0.47991642324066014,1.4777448606394794,0.3406724586011453,0.08671477239350854,-0.4966602910963925,-0.6299623058706817
-0.6534884856592632,2002-12-30,100/300,-0.2195411888909527,1.4466819878579307,-0.48054771093571935,-0.9019267788874382,0.4839330757943615,2015-01-20,Ambulance,-0.8238649762007128,0.009759465477002306,1.3621065745757797,2.7193212599002226,1.3275960573428796,0.549406993333462,-0.1834403993553725,1,0.9971218684273209,1.0769527444706675,1.0119672581156953,0.5457165052879057,0.8595723265323993,-1.3569835982093803,0.31597797632307734,0.7570369184318504,0.5885544318738691,0.08671477239350854,0.8830942100667314,1.6152057698578444
0.5524120918028903,1997-02-28,500/1000,-1.038724729528836,-0.6540167063812891,-0.48054771093571935,-0.9019267788874382,0.9538505081700629,2015-02-28,Other,-0.8238649762007128,0.009759465477002306,-1.3386995878348875,-0.25916522189006486,-0.25464797149898133,0.6055605566595929,-0.017129973829206037,0,-1.4147801864822238,1.0769527444706675,-1.3385668981870218,-1.5215003504028333,1.0750375053644652,-1.360764497328115,-0.4060310286818311,-0.18525772913946104,0.5885544318738691,0.08671477239350854,0.8830942100667314,-0.5342117343357785
2.416076620608037,1998-06-18,250/500,1.4188258923848136,1.4835190788055352,0.3907989997364825,-0.9019267788874382,-0.5627012054060643,2015-02-04,Ambulance,1.1400563019893057,1.2296926501022896,-0.4384308670313317,1.6779784293775344,0.08544117755746057,0.8868581238876636,-1.347613378038538,1,-1.4147801864822238,-0.9285458485845719,0.2918125783627955,0.7578206403856677,-0.703459734131903,0.779381941338854,0.17037985085513224,-0.18525772913946104,0.3406724586011453,0.846356037103883,3.415890619557508,1.6152057698578444
-1.6401344126737525,1996-02-08,100/300,-1.038724729528836,-1.371478533412024,-0.48054771093571935,0.7995441743947892,0.9538505081700629,2015-01-12,Ambulance,1.1400563019893057,1.2296926501022896,-0.4384308670313317,0.39474887837910355,0.40686689770226847,0.4699444037210127,0.9807325793277929,1,0.9971218684273209,-0.9285458485845719,0.2918125783627955,0.5457165052879057,0.8595723265323993,-1.360764497328115,-0.10897717628887865,1.4777448606394794,0.3406724586011453,0.846356037103883,0.8830942100667314,1.6152057698578444
-0.9823704613307597,2004-11-17,100/300,-0.2195411888909527,0.3487479798260478,-0.48054771093571935,-0.9019267788874382,0.9538505081700629,2015-02-28,Police,-0.8238649762007128,-1.2101737191482849,0.461837853772224,-1.4317008499589186,-1.4408125645494982,-1.8185781771175284,-1.014992526986205,0,0.298041334358157,1.0769527444706675,0.2918125783627955,0.5457165052879057,0.9491431001081818,-0.6148153417848631,0.17037985085513224,-1.0702878146273995,-2.061745637196139,-2.057009655154806,-0.3588522192050495,-0.8134538954280631
0.2235301161313939,2012-10-25,100/300,-1.038724729528836,-0.2543055547181966,-0.48054771093571935,1.2769611296406462,-0.9792189295572541,2015-01-08,Other,1.1400563019893057,-1.2101737191482849,0.461837853772224,-1.523945785733566,-0.26916397176358553,-0.07040120564364288,0.9807325793277929,1,0.9971218684273209,-0.9285458485845719,-1.3385668981870218,0.5457165052879057,-0.703459734131903,0.5115267965346528,0.14810943050938574,-1.0702878146273995,0.3406724586011453,0.08671477239350854,-1.2086686625349987,1.6152057698578444
0.7716667422505546,2006-04-13,500/1000,-0.2195411888909527,-1.075838316864825,-0.48054771093571935,-0.9019267788874382,-1.0148187350402618,2015-01-25,Police,-0.8238649762007128,1.2296926501022896,0.461837853772224,-1.3968527631107184,-1.405559421049745,-1.7793766329087202,-0.017129973829206037,1,-1.4147801864822238,-0.9285458485845719,-1.3385668981870218,-1.5215003504028333,-1.23638377514092,-1.3569835982093803,0.17037985085513224,-1.0702878146273995,-2.061745637196139,-2.057009655154806,0.8830942100667314,-0.6299623058706817
-0.8727431361069276,2006-02-21,100/300,-0.2195411888909527,-0.8481703271552435,-0.48054771093571935,0.20008077946202132,0.9538505081700629,2015-02-26,Police,-0.8238649762007128,-1.2101737191482849,-1.3386995878348875,-1.4501498371138482,-1.3848222778145962,-1.875791241638492,1.3133534303801258,1,0.298041334358157,-0.9285458485845719,1.0119672581156953,0.5457165052879057,-1.305159096390018,-1.3569835982093803,3.3337478190965757,0.7570369184318504,-2.061745637196139,-2.057009655154806,1.1294749572214562,-0.6299623058706817
-0.3246065099877668,2003-12-17,250/500,1.4188258923848136,0.23179636925631514,2.569165776416987,1.5569500206870888,0.9538505081700629,2015-02-03,Police,-0.8238649762007128,1.2296926501022896,-1.3386995878348875,-1.4665489368071187,-1.4760657080492514,-1.8906242583661492,1.6459742814324587,0,0.9971218684273209,-0.9285458485845719,1.0119672581156953,0.7578206403856677,-1.305159096390018,2.11865766535986,-0.7525478016127732,-1.0702878146273995,-2.199388964623129,-2.057009655154806,0.8830942100667314,-0.8134538954280631
0.8812940674743868,1999-07-31,500/1000,1.4188258923848136,-0.6346546719411227,-0.48054771093571935,1.7184820732138826,-0.3953821196359282,2015-01-31,Ambulance,-0.8238649762007128,0.009759465477002306,-1.3386995878348875,-0.2940133087382651,-0.28990111499873444,0.21566411696117477,-1.5139238035647045,0,-1.4147801864822238,-0.9285458485845719,-1.3385668981870218,-1.5215003504028333,-0.703459734131903,-1.3569835982093803,-0.09343897477909328,-1.0702878146273995,0.5885544318738691,0.3743247189079271,-0.3588522192050495,-0.6299623058706817
-2.188271038792913,2014-08-05,250/500,-0.2195411888909527,-0.29216817715097937,-0.48054771093571935,-0.9019267788874382,-1.2070576846485035,2015-02-01,Police,-0.8238649762007128,-1.2101737191482849,0.461837853772224,-0.6117458652953845,0.31147603882058356,-0.12337626538527578,0.9807325793277929,1,0.9971218684273209,-0.9285458485845719,1.0119672581156953,0.7578206403856677,0.6889613292451924,0.877629967425337,0.31597797632307734,0.7570369184318504,0.5885544318738691,0.08671477239350854,1.1294749572214562,-0.6299623058706817
0.8812940674743868,2011-06-05,500/1000,-1.038724729528836,1.1114562559828496,-0.48054771093571935,1.5892564311924475,0.9538505081700629,2015-02-21,Other,2.1220169410843153,-1.2101737191482849,-0.4384308670313317,1.6656791046075814,1.6925697782815001,0.46358739655201675,-0.5160612504077055,0,0.9971218684273209,1.0769527444706675,0.2918125783627955,-1.5215003504028333,1.0750375053644652,2.11865766535986,-0.09343897477909328,1.4777448606394794,0.3406724586011453,0.846356037103883,-1.2086686625349987,1.6152057698578444
1.9775673197127082,1992-10-11,100/300,-0.2195411888909527,0.4487167890012285,-0.48054771093571935,-0.9019267788874382,0.15641486535069088,2015-01-30,Other,1.1400563019893057,1.2296926501022896,-0.4384308670313317,0.8703227694839534,-0.3230805441749727,-0.1530422988405902,-1.680234229090871,0,0.298041334358157,1.0769527444706675,0.2918125783627955,0.5457165052879057,-1.23638377514092,-0.4323437137277715,-0.3109737959160864,1.4777448606394794,0.3406724586011453,0.3743247189079271,1.1294749572214562,1.6152057698578444
0.2235301161313939,2010-02-17,500/1000,-0.2195411888909527,0.6025875330373799,-0.48054771093571935,-0.9019267788874382,0.9538505081700629,2015-01-31,Police,0.15809566289429652,0.009759465477002306,0.461837853772224,-0.7019409136083733,0.12898917835127327,-0.3098484756758236,1.6459742814324587,0,-1.4147801864822238,-0.9285458485845719,1.0119672581156953,-1.5215003504028333,1.0750375053644652,0.9577113773675267,-0.7525478016127732,-1.0702878146273995,0.3406724586011453,0.08671477239350854,-0.3588522192050495,-0.5342117343357785
-0.9823704613307597,2007-05-06,500/1000,1.4188258923848136,-1.3527728391223717,-0.48054771093571935,0.9467178222525346,0.9538505081700629,2015-01-13,Other,-0.8238649762007128,0.009759465477002306,1.3621065745757797,1.247502062429179,-0.13229882641160284,0.8556028386401002,0.6481117282754599,0,0.9971218684273209,-0.9285458485845719,-1.3385668981870218,-1.5215003504028333,1.0750375053644652,0.5115267965346528,-0.2705744719906447,-1.2987279697173422,0.5885544318738691,0.3743247189079271,0.8830942100667314,-0.5342117343357785
-0.8727431361069276,1997-05-01,250/500,1.4188258923848136,1.2218444650474407,2.133492421080886,1.215937909797191,0.9538505081700629,2015-02-16,Police,-0.8238649762007128,0.009759465477002306,0.461837853772224,-1.3845534383407654,-1.3931171351086558,-1.7571271078172344,-0.5160612504077055,1,0.9971218684273209,-0.9285458485845719,0.2918125783627955,0.7578206403856677,0.6889613292451924,-0.010873920661118891,0.10538658331550528,0.7570369184318504,-2.061745637196139,-2.057009655154806,-1.2086686625349987,-0.6299623058706817
1.5390580188173797,1998-01-28,500/1000,1.4188258923848136,-2.136935233949103,2.133492421080886,0.7385209545513338,0.9538505081700629,2015-02-04,Police,2.1220169410843153,-1.2101737191482849,-1.3386995878348875,-0.46005419313263074,0.6183857587007873,0.4651766483442657,1.1470430048539593,0,-1.4147801864822238,1.0769527444706675,1.0119672581156953,-1.5215003504028333,0.8595723265323993,0.779381941338854,3.3337478190965757,-0.18525772913946104,0.3406724586011453,0.08671477239350854,0.8830942100667314,-0.6299623058706817
0.5524120918028903,1993-05-05,250/500,-0.2195411888909527,-1.1602600687247024,2.133492421080886,-0.9019267788874382,-1.0682184432647732,2015-02-07,Other,1.1400563019893057,0.009759465477002306,-1.3386995878348875,-0.5277004793673723,-0.5263045478794319,-1.1081826259822314,0.14918045169696045,0,-1.4147801864822238,-0.9285458485845719,1.0119672581156953,0.7578206403856677,-1.305159096390018,0.5115267965346528,0.14810943050938574,1.4777448606394794,0.3406724586011453,0.3743247189079271,-0.4966602910963925,-0.5342117343357785
-1.0919977865545918,1994-08-06,500/1000,-1.038724729528836,-1.1617368340633591,-0.48054771093571935,-0.9019267788874382,-2.1041727828202967,2015-01-16,Ambulance,-0.8238649762007128,0.009759465477002306,-1.3386995878348875,-0.1669202861154173,-0.1613308269408113,0.7962707717294714,1.3133534303801258,0,0.298041334358157,-0.9285458485845719,1.0119672581156953,-1.5215003504028333,-0.703459734131903,0.877629967425337,-0.3109737959160864,-1.0702878146273995,0.5885544318738691,0.846356037103883,-1.2086686625349987,1.6152057698578444
-1.4208797622260882,2014-11-14,100/300,1.4188258923848136,0.013604290469780903,2.133492421080886,-0.9019267788874382,-1.88701396937395,2015-02-28,Fire,-0.8238649762007128,0.009759465477002306,0.461837853772224,0.34145180437597383,-0.5905896919083935,-0.32203273941639915,0.6481117282754599,0,0.9971218684273209,1.0769527444706675,1.0119672581156953,0.5457165052879057,0.6889613292451924,-1.360764497328115,0.17037985085513224,0.36704713820288415,0.5885544318738691,0.08671477239350854,-0.3588522192050495,-0.5342117343357785
0.2235301161313939,1991-12-14,100/300,-0.2195411888909527,0.8492483658524629,-0.48054771093571935,-0.9019267788874382,0.9538505081700629,2015-02-08,Ambulance,1.1400563019893057,1.2296926501022896,-1.3386995878348875,-0.617895527680361,-0.617547978114087,0.33220924839276716,0.14918045169696045,0,0.9971218684273209,1.0769527444706675,1.0119672581156953,0.5457165052879057,0.6889613292451924,0.779381941338854,-0.2986569288656468,-1.0702878146273995,0.3406724586011453,0.08671477239350854,-0.4966602910963925,-0.6299623058706817
-0.7631158108830954,2009-10-21,100/300,1.4188258923848136,-2.624924135856343,-0.48054771093571935,-0.9019267788874382,-0.9720989684606526,2015-01-02,Other,1.1400563019893057,0.009759465477002306,0.461837853772224,0.5587398753118104,-0.48068283276210433,-0.1254952677749411,1.3133534303801258,1,0.298041334358157,1.0769527444706675,1.0119672581156953,0.5457165052879057,0.8595723265323993,-1.360764497328115,0.14810943050938574,1.4777448606394794,0.3406724586011453,0.3743247189079271,-0.3588522192050495,1.6152057698578444
0.2235301161313939,1997-09-29,250/500,1.4188258923848136,1.9175650245923965,2.133492421080886,2.034366975932946,0.9538505081700629,2015-01-13,Police,1.1400563019893057,0.009759465477002306,1.3621065745757797,-0.617895527680361,-0.617547978114087,-0.13609027972326768,1.4796638559062922,0,0.9971218684273209,-0.9285458485845719,1.0119672581156953,0.7578206403856677,-0.703459734131903,0.877629967425337,-0.2986569288656468,-1.0702878146273995,0.3406724586011453,0.08671477239350854,0.8830942100667314,-0.5342117343357785
-0.5438611604354311,2003-12-31,500/1000,-1.038724729528836,-0.39254719892023093,-0.48054771093571935,1.4241347774983917,0.08877523493297627,2015-01-07,Police,-0.8238649762007128,0.009759465477002306,1.3621065745757797,0.8211254704041413,-0.34796511605715136,0.41485034158971446,1.1470430048539593,0,0.9971218684273209,-0.9285458485845719,0.2918125783627955,-1.5215003504028333,1.0750375053644652,2.11865766535986,0.10538658331550528,1.4777448606394794,0.5885544318738691,0.3743247189079271,0.8830942100667314,-0.6299623058706817
-1.0919977865545918,2008-01-01,250/500,1.4188258923848136,-0.6779731218750537,-0.48054771093571935,0.3939192424941738,-0.552021263761162,2015-01-05,Other,1.1400563019893057,-1.2101737191482849,0.461837853772224,-0.38625824451291263,-0.3832182595569045,0.048792678775031136,-0.1834403993553725,1,-1.4147801864822238,1.0769527444706675,1.0119672581156953,0.7578206403856677,1.0750375053644652,2.11865766535986,-0.7939293501156832,0.36704713820288415,0.3406724586011453,0.846356037103883,-0.4966602910963925,-0.6299623058706817
0.7716667422505546,2004-05-31,250/500,1.4188258923848136,-0.19662966399176954,-0.48054771093571935,-0.9019267788874382,0.9538505081700629,2015-02-28,Ambulance,-0.8238649762007128,-1.2101737191482849,-0.4384308670313317,-0.23866634727347652,-0.23391082826383244,0.3157869798728609,-1.680234229090871,1,-1.4147801864822238,1.0769527444706675,0.2918125783627955,0.7578206403856677,0.6889613292451924,-0.010873920661118891,3.3337478190965757,-0.18525772913946104,0.5885544318738691,0.846356037103883,1.1294749572214562,-0.6299623058706817
0.2235301161313939,2013-12-18,250/500,1.4188258923848136,-0.06548469766716908,-0.48054771093571935,-0.9019267788874382,0.9538505081700629,2015-01-04,Police,-0.8238649762007128,1.2296926501022896,0.461837853772224,2.2109491694088312,2.2441777883364606,1.368931167536523,1.4796638559062922,0,-1.4147801864822238,-0.9285458485845719,-1.3385668981870218,0.7578206403856677,-1.305159096390018,-0.4323437137277715,0.20499583030558555,-1.0702878146273995,0.5885544318738691,0.3743247189079271,-0.4966602910963925,-0.6299623058706817
-0.9823704613307597,2000-08-24,500/1000,-1.038724729528836,2.051909649150753,-0.48054771093571935,0.7636481627221684,0.9538505081700629,2015-02-02,Fire,1.1400563019893057,0.009759465477002306,-1.3386995878348875,-0.40470723166784217,-0.4018816884685385,0.015418391137802408,0.3154908772231269,0,-1.4147801864822238,1.0769527444706675,-1.3385668981870218,-1.5215003504028333,-1.23638377514092,-0.6148153417848631,0.10538658331550528,0.7570369184318504,0.3406724586011453,0.3743247189079271,-0.4966602910963925,-0.6299623058706817
-0.10535185954010252,1992-10-14,250/500,-0.2195411888909527,-1.865497560452112,-0.48054771093571935,-0.9019267788874382,-1.2711373345179173,2015-02-23,Ambulance,-0.8238649762007128,-1.2101737191482849,-0.4384308670313317,1.9014161626983472,-0.3790708309098747,0.35128026989975497,1.4796638559062922,0,0.9971218684273209,-0.9285458485845719,-1.3385668981870218,0.7578206403856677,0.8595723265323993,-1.360764497328115,-0.10897717628887865,0.36704713820288415,0.5885544318738691,0.08671477239350854,-1.2086686625349987,1.6152057698578444
-1.969016388345249,1991-11-16,500/1000,-0.2195411888909527,0.35161946798454724,-0.48054771093571935,-0.9019267788874382,-0.658820680210185,2015-02-10,Other,-0.8238649762007128,0.009759465477002306,0.461837853772224,-0.10132388734233456,-0.09497196858833483,0.5642400100611192,-0.349750824881539,0,0.9971218684273209,1.0769527444706675,1.0119672581156953,-1.5215003504028333,-0.703459734131903,-0.18218099784304848,-0.8986003257406907,0.7570369184318504,0.5885544318738691,0.3743247189079271,-0.4966602910963925,-0.5342117343357785
-0.3246065099877668,1995-10-08,100/300,1.4188258923848136,-0.19523494117192647,1.6978190657447854,-0.9019267788874382,0.9538505081700629,2015-02-16,Other,1.1400563019893057,-1.2101737191482849,-0.4384308670313317,0.8170256954808236,0.8340520483463357,0.10812474568565998,-1.014992526986205,0,0.9971218684273209,1.0769527444706675,0.2918125783627955,0.5457165052879057,0.6889613292451924,-0.18218099784304848,0.10538658331550528,0.7570369184318504,0.3406724586011453,0.08671477239350854,-0.4966602910963925,-0.5342117343357785
-0.6534884856592632,2007-10-28,500/1000,-0.2195411888909527,-0.4729488673582089,0.3907989997364825,0.4154568494977463,-1.659175214282701,2015-01-04,Ambulance,-0.8238649762007128,0.009759465477002306,0.461837853772224,-0.13617197419053476,-0.13022511208808796,0.14255853451772135,0.6481117282754599,0,0.9971218684273209,-0.9285458485845719,0.2918125783627955,-1.5215003504028333,0.6889613292451924,-1.360764497328115,-0.2986569288656468,-1.0702878146273995,0.5885544318738691,0.3743247189079271,-1.2086686625349987,1.6152057698578444
-0.434233835211599,2008-05-16,100/300,-1.038724729528836,-0.6849467359742663,-0.48054771093571935,-0.9019267788874382,-0.8617395714633288,2015-01-30,Ambulance,-0.8238649762007128,-1.2101737191482849,0.461837853772224,0.4603452771521863,-0.5304519765264617,-0.21449336814088438,-0.017129973829206037,0,0.298041334358157,-0.9285458485845719,0.2918125783627955,0.5457165052879057,0.6889613292451924,2.11865766535986,-0.7939293501156832,-0.18525772913946104,0.5885544318738691,0.846356037103883,-1.2086686625349987,1.6152057698578444
0.9909213926982189,2009-06-22,250/500,-0.2195411888909527,0.8521198540109622,0.8264723550725834,1.0687642619394455,-0.35266235305631893,2015-01-25,Fire,1.1400563019893057,-1.2101737191482849,-1.3386995878348875,-0.35141015766471245,-0.34796511605715136,0.11183299986757428,1.3133534303801258,0,0.298041334358157,1.0769527444706675,1.0119672581156953,0.7578206403856677,1.0750375053644652,2.11865766535986,-0.7939293501156832,1.4777448606394794,0.3406724586011453,0.08671477239350854,-0.4966602910963925,-0.5342117343357785
-0.3246065099877668,2012-05-10,100/300,-0.2195411888909527,-0.5678310403669052,-0.48054771093571935,-0.9019267788874382,-0.3491023725080182,2015-01-22,Fire,1.1400563019893057,1.2296926501022896,-0.4384308670313317,-0.4641539680559484,0.6100909014067276,-0.09212098013771237,-0.349750824881539,0,0.298041334358157,-0.9285458485845719,-1.3385668981870218,0.5457165052879057,-1.23638377514092,-0.6148153417848631,0.20499583030558555,-1.2987279697173422,0.3406724586011453,0.846356037103883,-0.4966602910963925,-0.5342117343357785
2.0871946449365404,2003-10-02,250/500,1.4188258923848136,-0.5741483143156033,-0.48054771093571935,-0.9019267788874382,-0.566261185954365,2015-01-01,Other,1.1400563019893057,0.009759465477002306,0.461837853772224,0.7145313223978819,-0.4018816884685385,0.5939060435164336,0.6481117282754599,0,0.9971218684273209,1.0769527444706675,1.0119672581156953,0.7578206403856677,0.9491431001081818,2.11865766535986,-0.2705744719906447,-1.0702878146273995,0.3406724586011453,0.3743247189079271,-1.2086686625349987,-0.5342117343357785
-0.8727431361069276,1990-08-02,500/1000,-1.038724729528836,0.0033899968774050494,2.569165776416987,0.5590408961882296,-0.5271013999230566,2015-02-14,Other,2.1220169410843153,1.2296926501022896,0.461837853772224,-0.5461494665223018,0.44419375552553647,-0.2404511474142845,0.9807325793277929,1,0.298041334358157,1.0769527444706675,-1.3385668981870218,-1.5215003504028333,-1.23638377514092,0.9577113773675267,0.14810943050938574,-1.0702878146273995,0.3406724586011453,0.846356037103883,3.415890619557508,1.6152057698578444
-0.8727431361069276,1997-09-16,250/500,1.4188258923848136,-0.7149332766008794,-0.48054771093571935,1.302088337811481,-1.0931383071028786,2015-01-15,Police,-0.8238649762007128,1.2296926501022896,-1.3386995878348875,-1.4050523129573538,-1.4138542783438046,-1.7942096496363773,1.6459742814324587,0,0.298041334358157,-0.9285458485845719,0.2918125783627955,0.7578206403856677,1.0750375053644652,-0.18218099784304848,-0.2705744719906447,0.36704713820288415,-2.199388964623129,-2.057009655154806,0.8830942100667314,-0.6299623058706817
1.9775673197127082,1995-07-29,100/300,-0.2195411888909527,-0.2674733789878861,2.133492421080886,1.09389147011028,0.9538505081700629,2015-01-06,Other,-0.8238649762007128,0.009759465477002306,-1.3386995878348875,-0.2714645466600179,0.9999491942275269,0.9038101430049861,1.1470430048539593,0,0.9971218684273209,1.0769527444706675,-1.3385668981870218,0.5457165052879057,-1.23638377514092,-0.4323437137277715,-0.3109737959160864,-0.18525772913946104,0.5885544318738691,0.08671477239350854,-0.4966602910963925,1.6152057698578444
0.7716667422505546,2005-09-06,100/300,-0.2195411888909527,-0.0614646142452701,-0.48054771093571935,-0.9019267788874382,-0.07142388974055829,2015-02-08,Fire,-0.8238649762007128,-1.2101737191482849,0.461837853772224,1.5467856318313689,0.019082319204984106,0.7681939900664059,-0.349750824881539,0,-1.4147801864822238,1.0769527444706675,0.2918125783627955,0.5457165052879057,-1.305159096390018,-1.3569835982093803,-0.7525478016127732,0.7570369184318504,0.5885544318738691,0.3743247189079271,-0.3588522192050495,-0.6299623058706817
-1.311252437002256,1992-08-05,250/500,-1.038724729528836,-0.7436891794452788,-0.48054771093571935,-0.9019267788874382,-0.7335802717245011,2015-02-17,Police,-0.8238649762007128,-1.2101737191482849,-0.4384308670313317,-1.4050523129573538,-1.4739919937257364,-1.8863862535868186,1.6459742814324587,0,-1.4147801864822238,-0.9285458485845719,1.0119672581156953,0.7578206403856677,-1.23638377514092,-0.6148153417848631,-0.7525478016127732,-0.18525772913946104,-2.199388964623129,-2.057009655154806,-1.2086686625349987,-0.8134538954280631
-0.6534884856592632,1993-01-22,100/300,-0.2195411888909527,-1.1778171677509548,2.133492421080886,-0.9019267788874382,0.9538505081700629,2015-01-21,Ambulance,-0.8238649762007128,0.009759465477002306,-1.3386995878348875,1.1040099401130605,-0.20487882773462399,1.046842804307395,-0.5160612504077055,0,-1.4147801864822238,1.0769527444706675,-1.3385668981870218,0.5457165052879057,0.9491431001081818,-0.010873920661118891,-0.3109737959160864,-1.0702878146273995,0.5885544318738691,0.846356037103883,-0.4966602910963925,-0.6299623058706817
1.5390580188173797,1995-05-20,250/500,1.4188258923848136,0.8324296494955392,-0.48054771093571935,-0.9019267788874382,0.9538505081700629,2015-02-09,Police,0.15809566289429652,0.009759465477002306,1.3621065745757797,-0.07057557541745203,1.4063972016364452,0.995456996358011,1.1470430048539593,0,0.298041334358157,-0.9285458485845719,0.2918125783627955,0.7578206403856677,-1.305159096390018,-1.360764497328115,-0.2705744719906447,0.36704713820288415,0.3406724586011453,0.3743247189079271,-1.2086686625349987,-0.5342117343357785
0.7716667422505546,1992-09-24,500/1000,-0.2195411888909527,-0.046737982118110116,-0.48054771093571935,-0.9019267788874382,0.9538505081700629,2015-02-12,Fire,-0.8238649762007128,0.009759465477002306,-1.3386995878348875,0.3578509040692445,0.36954003987900047,0.17911132573944807,0.4818013027492934,0,0.9971218684273209,1.0769527444706675,0.2918125783627955,-1.5215003504028333,0.9491431001081818,0.779381941338854,0.10538658331550528,-1.0702878146273995,0.5885544318738691,0.3743247189079271,-0.4966602910963925,-0.5342117343357785
-0.6534884856592632,2007-07-20,100/300,1.4188258923848136,0.8440386659077572,-0.48054771093571935,1.5820772288579235,-0.3597823141529205,2015-02-24,Ambulance,1.1400563019893057,1.2296926501022896,-1.3386995878348875,0.14876238298004335,-0.6880542651135932,-0.28018244222050914,-0.1834403993553725,1,0.298041334358157,-0.9285458485845719,0.2918125783627955,0.5457165052879057,0.8595723265323993,0.877629967425337,-0.12958907625083857,-1.2987279697173422,0.3406724586011453,0.846356037103883,-0.4966602910963925,1.6152057698578444
1.3198033683697152,1992-04-28,100/300,1.4188258923848136,0.5802719679198999,-0.48054771093571935,-0.9019267788874382,0.9538505081700629,2015-02-02,Ambulance,-0.8238649762007128,-1.2101737191482849,0.461837853772224,0.01961947289553672,1.5888840621057556,1.181929206648559,-0.1834403993553725,0,0.298041334358157,1.0769527444706675,1.0119672581156953,0.5457165052879057,-0.703459734131903,0.5115267965346528,-0.12958907625083857,1.4777448606394794,0.5885544318738691,0.08671477239350854,1.1294749572214562,-0.6299623058706817
2.3064492953842044,1998-01-19,500/1000,-0.2195411888909527,0.051836104237228404,-0.48054771093571935,0.8497985907364584,0.9538505081700629,2015-02-14,Other,-0.8238649762007128,0.009759465477002306,1.3621065745757797,0.050367784820419245,1.6510954918112022,1.2454992783385184,1.1470430048539593,1,0.298041334358157,-0.9285458485845719,-1.3385668981870218,-1.5215003504028333,0.8595723265323993,-0.010873920661118891,2.854601800241727,-0.18525772913946104,0.5885544318738691,0.3743247189079271,0.8830942100667314,-0.6299623058706817
-0.9823704613307597,2009-09-08,100/300,-1.038724729528836,0.8148725504692869,1.2621457104086844,-0.9019267788874382,-1.4064165953533465,2015-02-15,Fire,1.1400563019893057,1.2296926501022896,1.3621065745757797,1.7476746030739345,0.1206943210572137,0.9498984449802067,-1.014992526986205,0,0.298041334358157,-0.9285458485845719,1.0119672581156953,0.5457165052879057,0.8595723265323993,0.779381941338854,-0.12958907625083857,0.7570369184318504,0.3406724586011453,0.08671477239350854,-1.2086686625349987,-0.5342117343357785
0.2235301161313939,1994-12-18,500/1000,1.4188258923848136,-0.47869184367520773,-0.48054771093571935,0.14982636312035216,-1.3494569065805342,2015-02-28,Police,1.1400563019893057,-1.2101737191482849,1.3621065745757797,0.45214572730555097,0.4649308987606854,-0.22190987650471297,-1.014992526986205,0,-1.4147801864822238,1.0769527444706675,1.0119672581156953,-1.5215003504028333,0.9491431001081818,-1.3569835982093803,-0.3109737959160864,-1.2987279697173422,0.3406724586011453,0.846356037103883,-1.2086686625349987,-0.6299623058706817
0.6620394170267224,1996-08-23,500/1000,-1.038724729528836,0.3013274039514037,-0.48054771093571935,1.0651746607721835,-1.3280970232907294,2015-01-18,Police,1.1400563019893057,-1.2101737191482849,-1.3386995878348875,-1.0729705441686224,-0.6216954067611168,-1.076927340734668,0.4818013027492934,0,0.298041334358157,-0.9285458485845719,1.0119672581156953,-1.5215003504028333,-1.23638377514092,-0.18218099784304848,-0.2986569288656468,0.7570369184318504,0.3406724586011453,0.08671477239350854,-0.3588522192050495,-0.5342117343357785
0.11390279090756175,1991-11-20,250/500,1.4188258923848136,-0.27239593011674207,-0.48054771093571935,-0.9019267788874382,-0.658820680210185,2015-01-06,Fire,-0.8238649762007128,0.009759465477002306,1.3621065745757797,0.08726575913027829,0.09580974917503503,-0.5519444986950859,-0.6823716759338719,0,-1.4147801864822238,1.0769527444706675,1.0119672581156953,0.7578206403856677,-1.305159096390018,2.11865766535986,-0.8986003257406907,-0.18525772913946104,0.5885544318738691,0.846356037103883,3.415890619557508,-0.6299623058706817
0.6620394170267224,1998-10-28,250/500,-1.038724729528836,-1.1670695977862862,-0.48054771093571935,-0.9019267788874382,0.9538505081700629,2015-01-19,Police,-0.8238649762007128,1.2296926501022896,1.3621065745757797,-1.46449904934546,-1.4138542783438046,-1.8863862535868186,-1.680234229090871,0,0.298041334358157,-0.9285458485845719,-1.3385668981870218,0.7578206403856677,0.8595723265323993,2.11865766535986,2.854601800241727,-0.18525772913946104,-2.199388964623129,-2.057009655154806,1.1294749572214562,-0.8134538954280631
0.4427847665790582,1997-07-14,100/300,1.4188258923848136,-0.3900859233558025,-0.48054771093571935,-0.9019267788874382,-0.8403796881735242,2015-01-17,Police,-0.8238649762007128,-1.2101737191482849,1.3621065745757797,-1.2574604157179177,-1.3993382780792005,-1.8026856591950386,0.14918045169696045,0,0.298041334358157,-0.9285458485845719,1.0119672581156953,0.5457165052879057,-0.703459734131903,-1.3569835982093803,0.17037985085513224,0.36704713820288415,-2.061745637196139,-2.057009655154806,-1.2086686625349987,-0.6299623058706817
-1.0919977865545918,2003-04-09,250/500,-0.2195411888909527,-0.5736150379433101,-0.48054771093571935,-0.9019267788874382,-0.11058367577186673,2015-02-12,Police,-0.8238649762007128,1.2296926501022896,-1.3386995878348875,-1.3968527631107184,-1.276989132991822,-1.746532095868908,-0.017129973829206037,0,-1.4147801864822238,-0.9285458485845719,0.2918125783627955,0.7578206403856677,-1.23638377514092,-0.18218099784304848,-0.2705744719906447,0.36704713820288415,-2.061745637196139,-2.057009655154806,0.8830942100667314,-0.8134538954280631
0.5524120918028903,1992-02-04,250/500,1.4188258923848136,-0.6378543301748789,-0.48054771093571935,1.3954179681602952,0.9538505081700629,2015-02-11,Fire,1.1400563019893057,1.2296926501022896,0.461837853772224,0.849823894867365,0.867231477522574,0.4445163750450289,0.4818013027492934,0,0.298041334358157,-0.9285458485845719,-1.3385668981870218,0.7578206403856677,0.8595723265323993,0.9577113773675267,-0.8986003257406907,0.36704713820288415,0.3406724586011453,0.3743247189079271,-0.4966602910963925,-0.6299623058706817
-1.0919977865545918,2006-06-29,100/300,-0.2195411888909527,1.0918480939862407,-0.48054771093571935,-0.9019267788874382,0.9538505081700629,2015-02-21,Fire,1.1400563019893057,0.009759465477002306,0.461837853772224,0.09136553405359595,1.7340440647517978,1.7477028446891982,-1.680234229090871,0,-1.4147801864822238,1.0769527444706675,1.0119672581156953,0.5457165052879057,-1.305159096390018,-0.6148153417848631,-0.47991642324066014,-1.0702878146273995,0.3406724586011453,0.3743247189079271,0.3577497546299348,1.6152057698578444
0.0042754656837296155,1997-06-21,500/1000,-0.2195411888909527,-1.1180491927947636,-0.48054771093571935,-0.9019267788874382,0.9538505081700629,2015-01-02,Police,-0.8238649762007128,0.009759465477002306,0.461837853772224,-1.364054563724177,-1.372379991873507,-1.6787240193996176,-1.347613378038538,0,0.9971218684273209,1.0769527444706675,0.2918125783627955,-1.5215003504028333,-0.703459734131903,-0.010873920661118891,-0.10897717628887865,-0.18525772913946104,-2.199388964623129,-2.057009655154806,1.1294749572214562,-0.6299623058706817
-0.7631158108830954,2006-09-07,500/1000,1.4188258923848136,-1.4767653386591323e-05,1.2621457104086844,1.391828366993033,-0.6018609914373727,2015-01-11,Other,-0.8238649762007128,0.009759465477002306,1.3621065745757797,-0.382158469589595,0.7759880472879188,0.35128026989975497,-1.014992526986205,0,0.298041334358157,-0.9285458485845719,-1.3385668981870218,-1.5215003504028333,-1.23638377514092,-0.18218099784304848,-0.4060310286818311,-0.18525772913946104,0.5885544318738691,0.3743247189079271,-1.2086686625349987,-0.5342117343357785
1.100548717922051,2001-10-01,500/1000,-1.038724729528836,0.7281536080826099,-0.48054771093571935,-0.9019267788874382,0.9538505081700629,2015-02-23,Police,-0.8238649762007128,-1.2101737191482849,0.461837853772224,0.30660371752777366,0.3176971817911282,0.8291153087692837,-0.017129973829206037,0,-1.4147801864822238,-0.9285458485845719,1.0119672581156953,-1.5215003504028333,-1.305159096390018,0.779381941338854,-0.49673854432325054,0.7570369184318504,0.5885544318738691,0.846356037103883,-0.4966602910963925,-0.5342117343357785
-0.21497918476393468,2009-02-20,250/500,1.4188258923848136,1.521873956351203,-0.48054771093571935,-0.9019267788874382,0.9538505081700629,2015-01-28,Ambulance,-0.8238649762007128,0.009759465477002306,0.461837853772224,0.7555290716310585,-0.3811445452333896,0.05250093295694544,0.6481117282754599,0,-1.4147801864822238,-0.9285458485845719,0.2918125783627955,0.7578206403856677,0.6889613292451924,-1.360764497328115,-0.3109737959160864,-0.18525772913946104,0.5885544318738691,0.846356037103883,-0.4966602910963925,-0.5342117343357785
0.5524120918028903,2001-06-26,500/1000,-1.038724729528836,0.637086412198777,-0.48054771093571935,-0.9019267788874382,0.9538505081700629,2015-02-01,Police,-0.8238649762007128,0.009759465477002306,1.3621065745757797,-1.3189570395676826,-1.4304439929319237,-1.8238756830916918,-0.017129973829206037,0,0.298041334358157,1.0769527444706675,-1.3385668981870218,-1.5215003504028333,-1.23638377514092,-1.360764497328115,0.20499583030558555,-0.18525772913946104,-2.199388964623129,-2.057009655154806,1.1294749572214562,-0.8134538954280631
-0.6534884856592632,1997-01-18,250/500,-1.038724729528836,0.4342773056899173,1.6978190657447854,1.140556285284687,-1.071778423813074,2015-02-24,Other,-0.8238649762007128,1.2296926501022896,-1.3386995878348875,1.497588332751557,1.522525203753279,1.5045473204751032,0.3154908772231269,0,0.9971218684273209,-0.9285458485845719,-1.3385668981870218,0.7578206403856677,0.6889613292451924,2.11865766535986,-0.10897717628887865,-1.0702878146273995,0.5885544318738691,0.08671477239350854,-0.4966602910963925,-0.6299623058706817
0.2235301161313939,2014-06-24,100/300,-0.2195411888909527,-0.5017868127214224,-0.48054771093571935,-0.9019267788874382,0.9538505081700629,2015-01-20,Ambulance,-0.8238649762007128,1.2296926501022896,0.461837853772224,-0.10337377480399339,1.3400383432839689,0.5605317558792049,-1.5139238035647045,0,0.9971218684273209,-0.9285458485845719,-1.3385668981870218,0.5457165052879057,0.8595723265323993,0.6116045429450133,3.3337478190965757,-1.2987279697173422,0.5885544318738691,0.846356037103883,0.8830942100667314,1.6152057698578444
-0.21497918476393468,1992-10-02,250/500,-0.2195411888909527,0.20418906167531536,-0.48054771093571935,-0.9019267788874382,0.9538505081700629,2015-01-14,Ambulance,-0.8238649762007128,0.009759465477002306,-1.3386995878348875,1.247502062429179,2.671362938980528,0.4974914347866618,-1.680234229090871,0,0.298041334358157,1.0769527444706675,1.0119672581156953,0.7578206403856677,0.9491431001081818,-0.6148153417848631,-0.2705744719906447,1.4777448606394794,0.5885544318738691,0.3743247189079271,0.8830942100667314,-0.5342117343357785
-1.969016388345249,2012-10-09,500/1000,-1.038724729528836,-0.9644245763150552,-0.48054771093571935,-0.9019267788874382,0.9538505081700629,2015-02-05,Other,-0.8238649762007128,-1.2101737191482849,-1.3386995878348875,1.3540962104354384,1.3773652011072368,1.3376758822889596,1.1470430048539593,0,0.9971218684273209,1.0769527444706675,1.0119672581156953,-1.5215003504028333,-1.23638377514092,-0.7554705550788714,-0.09343897477909328,-1.2987279697173422,0.5885544318738691,0.3743247189079271,-1.2086686625349987,1.6152057698578444
0.9909213926982189,1993-02-10,100/300,-0.2195411888909527,1.1551438972514443,-0.48054771093571935,-0.9019267788874382,-0.9934588517504572,2015-01-11,Fire,-0.8238649762007128,-1.2101737191482849,-1.3386995878348875,-0.28171398396831204,0.9792120509923781,0.23791364205266058,-0.1834403993553725,0,0.9971218684273209,-0.9285458485845719,1.0119672581156953,0.5457165052879057,0.9491431001081818,-1.360764497328115,-0.8889085687383753,0.7570369184318504,0.5885544318738691,0.08671477239350854,0.8830942100667314,-0.6299623058706817
-0.8727431361069276,1994-09-28,500/1000,-0.2195411888909527,0.3999425115661484,-0.48054771093571935,0.9933826374269418,0.9538505081700629,2015-01-02,Ambulance,1.1400563019893057,-1.2101737191482849,1.3621065745757797,-0.19561871057864097,1.1534040541676287,0.3936603176930613,-0.8486821014600384,1,-1.4147801864822238,1.0769527444706675,1.0119672581156953,-1.5215003504028333,-1.305159096390018,-0.18218099784304848,0.10538658331550528,-1.2987279697173422,0.3406724586011453,0.3743247189079271,-0.4966602910963925,1.6152057698578444
-0.5438611604354311,2003-05-24,500/1000,-1.038724729528836,0.10635335798930641,-0.48054771093571935,-0.9019267788874382,0.9538505081700629,2015-02-12,Police,2.1220169410843153,-1.2101737191482849,-1.3386995878348875,-0.2776142090449944,0.9875069082864376,0.5674185136456172,-1.5139238035647045,1,0.9971218684273209,-0.9285458485845719,1.0119672581156953,-1.5215003504028333,0.8595723265323993,2.11865766535986,-0.4060310286818311,1.4777448606394794,0.3406724586011453,0.08671477239350854,-1.2086686625349987,1.6152057698578444
-0.434233835211599,1991-12-25,500/1000,-0.2195411888909527,0.3661820150740789,-0.48054771093571935,0.7098041452132372,-2.299971712976839,2015-01-03,Ambulance,-0.8238649762007128,-1.2101737191482849,0.461837853772224,-0.3309112830481241,-0.32722797282200244,0.4572303893830208,1.3133534303801258,0,0.9971218684273209,1.0769527444706675,-1.3385668981870218,-1.5215003504028333,-1.305159096390018,0.9577113773675267,2.854601800241727,0.36704713820288415,0.5885544318738691,0.3743247189079271,-1.2086686625349987,-0.5342117343357785
-0.8727431361069276,1999-09-18,100/300,-0.2195411888909527,0.3338982839206666,1.2621457104086844,1.3810595634912468,0.9538505081700629,2015-02-25,Police,-0.8238649762007128,0.009759465477002306,-1.3386995878348875,-0.1443715240371701,-0.1385199693821475,0.4863666722409189,0.9807325793277929,0,0.298041334358157,-0.9285458485845719,1.0119672581156953,0.5457165052879057,-1.23638377514092,-1.360764497328115,0.17037985085513224,-1.0702878146273995,0.5885544318738691,0.08671477239350854,1.1294749572214562,-0.6299623058706817
-0.3246065099877668,1994-02-03,100/300,-0.2195411888909527,-1.2616646219791319,-0.48054771093571935,-0.9019267788874382,-0.413182022377432,2015-01-19,Ambulance,1.1400563019893057,-1.2101737191482849,-1.3386995878348875,0.2615061933712793,0.27207546667380067,0.7591882299103283,0.4818013027492934,1,0.298041334358157,-0.9285458485845719,1.0119672581156953,0.5457165052879057,-1.305159096390018,2.11865766535986,-0.8986003257406907,1.4777448606394794,0.3406724586011453,0.846356037103883,1.1294749572214562,1.6152057698578444
2.0871946449365404,2003-01-18,500/1000,1.4188258923848136,-1.1469691806767917,-0.48054771093571935,2.048725380601994,0.9538505081700629,2015-01-03,Fire,-0.8238649762007128,1.2296926501022896,1.3621065745757797,-0.382158469589595,0.7759880472879188,0.056209187138859744,1.4796638559062922,0,0.298041334358157,1.0769527444706675,0.2918125783627955,-1.5215003504028333,-1.305159096390018,0.779381941338854,-0.49673854432325054,-1.0702878146273995,0.5885544318738691,0.3743247189079271,-0.4966602910963925,-0.5342117343357785
0.8812940674743868,2005-03-07,250/500,1.4188258923848136,-0.30988936121486,3.87618584242529,-0.9019267788874382,-1.445576381384655,2015-02-12,Ambulance,2.1220169410843153,0.009759465477002306,0.461837853772224,-0.36165959497300665,-0.3583336876747258,0.6940289064281199,-0.6823716759338719,0,-1.4147801864822238,-0.9285458485845719,0.2918125783627955,0.7578206403856677,0.6889613292451924,0.779381941338854,-0.2986569288656468,1.4777448606394794,0.3406724586011453,0.3743247189079271,3.415890619557508,-0.5342117343357785
0.6620394170267224,2003-08-23,500/1000,-1.038724729528836,-0.2849894567547313,-0.48054771093571935,2.0846213922746153,-0.9436191240742464,2015-02-24,Other,1.1400563019893057,-1.2101737191482849,-1.3386995878348875,0.501343026385363,-1.5341297091076682,0.3459827639255917,-0.017129973829206037,0,-1.4147801864822238,-0.9285458485845719,1.0119672581156953,-1.5215003504028333,1.0750375053644652,-1.360764497328115,0.31597797632307734,0.36704713820288415,0.3406724586011453,0.08671477239350854,-0.3588522192050495,-0.5342117343357785
0.9909213926982189,2002-07-11,100/300,-0.2195411888909527,-1.6894343150767026,-0.48054771093571935,-0.9019267788874382,0.9538505081700629,2015-02-25,Police,-0.8238649762007128,0.009759465477002306,-1.3386995878348875,-0.2673647717367002,-0.2629428287930409,0.26387142132606073,-0.017129973829206037,1,0.298041334358157,-0.9285458485845719,0.2918125783627955,0.5457165052879057,-1.305159096390018,-1.360764497328115,0.10538658331550528,1.4777448606394794,0.5885544318738691,0.3743247189079271,1.1294749572214562,1.6152057698578444
-0.5438611604354311,2014-03-19,100/300,-1.038724729528836,0.7599861053825441,-0.48054771093571935,1.5354124136835163,0.9538505081700629,2015-02-17,Other,-0.8238649762007128,1.2296926501022896,1.3621065745757797,0.874422544407271,-0.3210068298514578,0.1600403042324602,-1.014992526986205,0,-1.4147801864822238,1.0769527444706675,1.0119672581156953,0.5457165052879057,0.8595723265323993,-1.360764497328115,-0.3109737959160864,0.7570369184318504,0.5885544318738691,0.3743247189079271,-0.4966602910963925,-0.6299623058706817
-0.7631158108830954,1993-12-06,100/300,1.4188258923848136,0.07968953937467074,-0.48054771093571935,-0.9019267788874382,0.9538505081700629,2015-02-09,Fire,-0.8238649762007128,-1.2101737191482849,1.3621065745757797,-0.15872073626878194,-0.15303596964675173,0.46040889296751875,-1.680234229090871,0,0.9971218684273209,1.0769527444706675,1.0119672581156953,0.5457165052879057,-0.703459734131903,-1.360764497328115,-0.12958907625083857,-1.0702878146273995,0.5885544318738691,0.846356037103883,1.1294749572214562,1.6152057698578444
-1.201625111778424,1999-08-29,250/500,-1.038724729528836,-0.7449198172274926,-0.48054771093571935,1.0795330654412318,0.9538505081700629,2015-02-15,Police,-0.8238649762007128,0.009759465477002306,-1.3386995878348875,-0.01932838887598115,-0.01202339564773924,1.1014071158412768,-1.5139238035647045,0,0.298041334358157,1.0769527444706675,-1.3385668981870218,0.7578206403856677,0.9491431001081818,-0.18218099784304848,0.14810943050938574,0.7570369184318504,0.5885544318738691,0.08671477239350854,0.3577497546299348,-0.5342117343357785
-1.7497617378975847,2007-03-09,100/300,-1.038724729528836,-0.5959716243201972,-0.48054771093571935,1.0579954584376592,0.9538505081700629,2015-02-25,Fire,-0.8238649762007128,0.009759465477002306,0.461837853772224,-0.5707481160622079,-0.5698525486732445,-0.28495019759725615,-1.347613378038538,0,0.9971218684273209,1.0769527444706675,1.0119672581156953,0.5457165052879057,0.6889613292451924,2.11865766535986,-0.49673854432325054,1.4777448606394794,0.5885544318738691,0.08671477239350854,0.3577497546299348,1.6152057698578444
0.5524120918028903,2004-01-03,500/1000,1.4188258923848136,-1.8133185184862404,2.133492421080886,1.5569500206870888,0.9538505081700629,2015-02-05,Police,-0.8238649762007128,1.2296926501022896,0.461837853772224,-1.3927529881874008,-1.2686942756977624,-1.7719601245448915,-0.017129973829206037,1,0.298041334358157,-0.9285458485845719,1.0119672581156953,-1.5215003504028333,1.0750375053644652,-1.360764497328115,3.3337478190965757,0.36704713820288415,-2.061745637196139,-2.057009655154806,1.1294749572214562,-0.8134538954280631
0.11390279090756175,1991-04-25,500/1000,-0.2195411888909527,1.3079891098024174,-0.48054771093571935,-0.9019267788874382,0.9538505081700629,2015-01-12,Police,-0.8238649762007128,0.009759465477002306,-0.4384308670313317,-1.4050523129573538,-1.4739919937257364,-1.8863862535868186,-0.1834403993553725,0,0.298041334358157,-0.9285458485845719,-1.3385668981870218,-1.5215003504028333,1.0750375053644652,-1.360764497328115,-0.2986569288656468,-1.0702878146273995,-2.199388964623129,-2.057009655154806,-1.2086686625349987,-0.8134538954280631
-1.0919977865545918,1995-03-14,250/500,-0.2195411888909527,-0.5814090772306656,-0.48054771093571935,-0.9019267788874382,-1.3957366537084441,2015-01-01,Police,-0.8238649762007128,1.2296926501022896,-0.4384308670313317,-1.403002425495695,-1.4117805640202898,-1.7592461102068997,0.8144221538016264,0,-1.4147801864822238,1.0769527444706675,0.2918125783627955,0.7578206403856677,0.6889613292451924,-0.7554705550788714,0.17037985085513224,-0.18525772913946104,-2.061745637196139,-2.057009655154806,-0.3588522192050495,-0.8134538954280631
-0.8727431361069276,2005-12-09,500/1000,1.4188258923848136,-0.3335176066333679,-0.48054771093571935,-0.9019267788874382,0.9538505081700629,2015-02-19,Fire,-0.8238649762007128,-1.2101737191482849,0.461837853772224,-0.21816747265688816,-0.21317368502868353,0.352869521692004,0.14918045169696045,0,0.298041334358157,1.0769527444706675,-1.3385668981870218,-1.5215003504028333,-1.305159096390018,-0.4323437137277715,0.31597797632307734,0.36704713820288415,0.5885544318738691,0.846356037103883,-0.4966602910963925,-0.5342117343357785
1.2101760431458832,2001-12-25,100/300,-1.038724729528836,-1.902785885253195,-0.48054771093571935,1.0579954584376592,-0.6659406413067865,2015-01-14,Other,1.1400563019893057,-1.2101737191482849,1.3621065745757797,1.2762004868924026,1.298564056813671,0.8852688720954146,0.4818013027492934,0,0.298041334358157,1.0769527444706675,-1.3385668981870218,0.5457165052879057,0.9491431001081818,0.6116045429450133,0.20499583030558555,-1.0702878146273995,0.3406724586011453,0.3743247189079271,-1.2086686625349987,-0.5342117343357785
-0.6534884856592632,1999-11-14,250/500,-1.038724729528836,-1.2900923547482746,-0.48054771093571935,-0.9019267788874382,0.9538505081700629,2015-01-30,Fire,-0.8238649762007128,-1.2101737191482849,-1.3386995878348875,-0.21201781027191166,2.4474017920409197,0.3639942842377469,-0.6823716759338719,1,0.9971218684273209,-0.9285458485845719,0.2918125783627955,0.7578206403856677,1.0750375053644652,0.779381941338854,-0.3109737959160864,0.7570369184318504,0.5885544318738691,0.08671477239350854,0.8830942100667314,1.6152057698578444
-0.5438611604354311,2001-10-27,500/1000,-0.2195411888909527,-0.8216295723188292,-0.48054771093571935,1.8943725304097248,0.9538505081700629,2015-01-20,Police,-0.8238649762007128,1.2296926501022896,-0.4384308670313317,-1.4050523129573538,-1.4138542783438046,-1.8710234862617452,-0.5160612504077055,0,0.9971218684273209,-0.9285458485845719,-1.3385668981870218,-1.5215003504028333,0.6889613292451924,-0.4323437137277715,-0.10897717628887865,0.36704713820288415,-2.061745637196139,-2.057009655154806,-0.3588522192050495,-0.6299623058706817
-0.3246065099877668,1993-10-31,500/1000,1.4188258923848136,-0.005429573895127727,2.133492421080886,-0.0547809034135866,0.3984935426351431,2015-02-18,Police,-0.8238649762007128,-1.2101737191482849,-1.3386995878348875,-1.3722541135708124,-1.2272199892274647,-1.7348775827257485,1.4796638559062922,0,0.9971218684273209,-0.9285458485845719,-1.3385668981870218,-1.5215003504028333,-0.703459734131903,0.5115267965346528,0.14810943050938574,1.4777448606394794,-2.061745637196139,-2.057009655154806,1.1294749572214562,-0.6299623058706817
1.4294306935935475,2003-02-13,500/1000,-1.038724729528836,0.3204843320945346,-0.48054771093571935,0.6774977347078784,-1.5737356811234826,2015-01-07,Police,-0.8238649762007128,0.009759465477002306,-0.4384308670313317,-0.27556432158333555,-0.27123768608710047,0.24903840459840348,-1.014992526986205,1,0.9971218684273209,-0.9285458485845719,0.2918125783627955,-1.5215003504028333,-1.23638377514092,0.9577113773675267,3.3337478190965757,-0.18525772913946104,0.5885544318738691,0.846356037103883,0.8830942100667314,-0.5342117343357785
-0.21497918476393468,2004-03-06,250/500,-1.038724729528836,-0.32018569732605007,2.133492421080886,-0.9019267788874382,-1.442016400836354,2015-01-16,Fire,-0.8238649762007128,1.2296926501022896,1.3621065745757797,-0.5113013796741016,0.5147000425250428,-0.17741082632174135,-0.017129973829206037,0,-1.4147801864822238,-0.9285458485845719,0.2918125783627955,0.7578206403856677,0.6889613292451924,-1.360764497328115,-0.7525478016127732,-1.0702878146273995,0.5885544318738691,0.846356037103883,-0.4966602910963925,-0.5342117343357785
1.5390580188173797,2013-07-12,250/500,-1.038724729528836,2.199381076719392,-0.48054771093571935,-0.9019267788874382,0.9538505081700629,2015-01-15,Fire,-0.8238649762007128,1.2296926501022896,0.461837853772224,1.0384135413399778,-0.23805825691086221,0.6394645948942379,0.6481117282754599,0,0.298041334358157,1.0769527444706675,0.2918125783627955,0.7578206403856677,-0.703459734131903,0.6116045429450133,-0.3109737959160864,0.7570369184318504,0.5885544318738691,0.3743247189079271,1.1294749572214562,-0.6299623058706817
-0.7631158108830954,2014-08-27,100/300,-1.038724729528836,-1.0198853190334973,-0.48054771093571935,0.45853206350489134,0.9538505081700629,2015-02-01,Ambulance,-0.8238649762007128,0.009759465477002306,-1.3386995878348875,0.9974157921068011,-0.2587954001460111,0.2712879296898893,1.3133534303801258,0,0.9971218684273209,-0.9285458485845719,-1.3385668981870218,0.5457165052879057,1.0750375053644652,-1.3569835982093803,0.31597797632307734,1.4777448606394794,0.5885544318738691,0.3743247189079271,0.8830942100667314,-0.5342117343357785
0.0042754656837296155,1990-06-22,100/300,-1.038724729528836,0.573585502636537,-0.48054771093571935,-0.9019267788874382,0.9538505081700629,2015-01-06,Ambulance,2.1220169410843153,-1.2101737191482849,1.3621065745757797,-0.09107445003404038,1.3649229151661475,0.9530769485647047,0.3154908772231269,0,0.298041334358157,-0.9285458485845719,1.0119672581156953,0.5457165052879057,-1.305159096390018,-1.360764497328115,0.14810943050938574,-1.2987279697173422,0.3406724586011453,0.846356037103883,-1.2086686625349987,1.6152057698578444
-0.7631158108830954,2008-03-07,100/300,-1.038724729528836,0.5979931519837806,1.6978190657447854,1.6215628416978063,-0.8368197076252234,2015-02-02,Ambulance,-0.8238649762007128,-1.2101737191482849,-0.4384308670313317,-0.24686589712011187,1.0497183379918842,-0.029080659045169224,1.1470430048539593,0,0.9971218684273209,-0.9285458485845719,0.2918125783627955,0.5457165052879057,1.0750375053644652,-1.360764497328115,0.10538658331550528,-1.2987279697173422,0.5885544318738691,0.846356037103883,-0.4966602910963925,-0.6299623058706817
-0.9823704613307597,1992-08-05,100/300,-0.2195411888909527,0.7419777725028137,-0.48054771093571935,0.6344225207007334,-0.8688595325599303,2015-02-25,Fire,-0.8238649762007128,1.2296926501022896,-1.3386995878348875,1.3458966605888032,-1.5341297091076682,0.21566411696117477,-0.349750824881539,0,-1.4147801864822238,-0.9285458485845719,-1.3385668981870218,0.5457165052879057,0.8595723265323993,0.779381941338854,0.14810943050938574,-1.2987279697173422,0.5885544318738691,0.08671477239350854,0.8830942100667314,-0.5342117343357785
-0.6534884856592632,1991-09-03,500/1000,-0.2195411888909527,0.2323296456286083,-0.48054771093571935,-0.46758503764872617,0.9538505081700629,2015-02-10,Police,-0.8238649762007128,0.009759465477002306,-1.3386995878348875,-1.364054563724177,-1.4532548504905876,-1.8440062057935123,-1.347613378038538,0,0.298041334358157,-0.9285458485845719,0.2918125783627955,-1.5215003504028333,0.8595723265323993,-1.360764497328115,0.20499583030558555,-0.18525772913946104,-2.061745637196139,-2.057009655154806,-0.4966602910963925,-0.8134538954280631
-0.21497918476393468,2011-09-02,250/500,-1.038724729528836,0.923537866638779,-0.48054771093571935,0.2826416063090492,-0.598301010889072,2015-02-22,Other,1.1400563019893057,1.2296926501022896,-0.4384308670313317,-0.14027174911385243,-0.13437254073511773,0.49378318060474746,-0.349750824881539,0,0.298041334358157,-0.9285458485845719,1.0119672581156953,0.7578206403856677,-0.703459734131903,0.779381941338854,0.14810943050938574,-1.2987279697173422,0.3406724586011453,0.846356037103883,-0.4966602910963925,-0.5342117343357785
-0.9823704613307597,2012-10-06,250/500,1.4188258923848136,-0.34972100409918516,-0.48054771093571935,0.7672377638894304,-0.566261185954365,2015-01-31,Other,-0.8238649762007128,1.2296926501022896,1.3621065745757797,-0.6158456402187023,-0.6154742637905721,0.1028272397114967,0.9807325793277929,0,0.298041334358157,-0.9285458485845719,1.0119672581156953,0.7578206403856677,-0.703459734131903,-0.18218099784304848,0.20499583030558555,0.36704713820288415,0.5885544318738691,0.08671477239350854,-0.4966602910963925,-0.6299623058706817
0.4427847665790582,2014-01-18,500/1000,1.4188258923848136,0.39514302421551367,-0.48054771093571935,-0.9019267788874382,0.6512521615644976,2015-02-12,Police,1.1400563019893057,1.2296926501022896,-1.3386995878348875,2.0223595229362186,2.0533960705730907,1.198351475168465,0.3154908772231269,0,0.298041334358157,1.0769527444706675,0.2918125783627955,-1.5215003504028333,-0.703459734131903,-1.3569835982093803,-0.2705744719906447,0.36704713820288415,0.3406724586011453,0.3743247189079271,-1.2086686625349987,-0.6299623058706817
-1.6401344126737525,1992-03-22,100/300,-1.038724729528836,-0.33429701056210365,-0.48054771093571935,-0.9019267788874382,0.9538505081700629,2015-01-06,Police,-0.8238649762007128,-1.2101737191482849,-0.4384308670313317,-1.3845534383407654,-1.3931171351086558,-1.6850810265686136,-0.349750824881539,0,-1.4147801864822238,1.0769527444706675,1.0119672581156953,0.5457165052879057,-1.305159096390018,0.877629967425337,0.31597797632307734,-1.2987279697173422,-2.199388964623129,-2.057009655154806,-0.4966602910963925,-0.6299623058706817
-1.201625111778424,2012-12-03,100/300,1.4188258923848136,2.3751981945383585,-0.48054771093571935,0.4621216646721534,-0.5128614777298535,2015-01-01,Ambulance,-0.8238649762007128,1.2296926501022896,-0.4384308670313317,1.2024045382726847,-0.15510968397026662,1.161268933349322,0.9807325793277929,1,-1.4147801864822238,1.0769527444706675,1.0119672581156953,0.5457165052879057,-1.305159096390018,0.779381941338854,-0.47991642324066014,-1.0702878146273995,0.5885544318738691,0.08671477239350854,1.1294749572214562,1.6152057698578444
1.3198033683697152,1996-10-18,500/1000,-1.038724729528836,0.9179999966188157,3.440512487089189,-0.9019267788874382,0.5230928618256699,2015-01-07,Other,-0.8238649762007128,-1.2101737191482849,0.461837853772224,0.2451070936780086,2.045101213279031,2.1052844979452203,-1.347613378038538,0,0.9971218684273209,-0.9285458485845719,0.2918125783627955,-1.5215003504028333,0.9491431001081818,-1.360764497328115,0.20499583030558555,-0.18525772913946104,0.5885544318738691,0.08671477239350854,1.1294749572214562,-0.5342117343357785
-0.10535185954010252,1997-10-02,500/1000,1.4188258923848136,0.807775872591853,-0.48054771093571935,0.9538970245870588,0.9538505081700629,2015-02-21,Ambulance,-0.8238649762007128,1.2296926501022896,1.3621065745757797,1.7353752783039815,0.11447317808666903,0.9387736824344638,-1.680234229090871,0,0.9971218684273209,-0.9285458485845719,0.2918125783627955,-1.5215003504028333,1.0750375053644652,-1.360764497328115,0.31597797632307734,1.4777448606394794,0.5885544318738691,0.08671477239350854,-0.4966602910963925,-0.6299623058706817
0.5524120918028903,2008-03-18,250/500,-1.038724729528836,0.3433741948437138,-0.48054771093571935,-0.9019267788874382,0.9538505081700629,2015-02-14,Other,-0.8238649762007128,1.2296926501022896,0.461837853772224,-0.10337377480399339,1.3400383432839689,0.9276489198887209,-1.347613378038538,1,0.298041334358157,-0.9285458485845719,-1.3385668981870218,0.7578206403856677,-1.23638377514092,0.6116045429450133,0.10538658331550528,1.4777448606394794,0.5885544318738691,0.846356037103883,0.8830942100667314,-0.6299623058706817
1.6486853440412117,2010-08-29,100/300,1.4188258923848136,-2.2273460896824218,-0.48054771093571935,-0.9019267788874382,0.34865381495893233,2015-02-16,Ambulance,-0.8238649762007128,-1.2101737191482849,0.461837853772224,0.5095425762319984,0.5229948998191023,0.09276197836058644,-0.6823716759338719,0,0.298041334358157,1.0769527444706675,0.2918125783627955,0.5457165052879057,0.9491431001081818,-0.4323437137277715,0.20499583030558555,-1.0702878146273995,0.5885544318738691,0.08671477239350854,-1.2086686625349987,-0.6299623058706817
1.9775673197127082,2005-03-31,100/300,1.4188258923848136,0.48879455944199623,-0.48054771093571935,0.4836592716757259,-0.8368197076252234,2015-02-04,Police,1.1400563019893057,1.2296926501022896,-0.4384308670313317,-0.3001629711232416,-0.2961222579692791,-0.11172175224211654,1.3133534303801258,1,0.9971218684273209,-0.9285458485845719,-1.3385668981870218,0.5457165052879057,1.0750375053644652,0.6116045429450133,-0.09343897477909328,-1.0702878146273995,0.3406724586011453,0.3743247189079271,0.8830942100667314,1.6152057698578444
0.2235301161313939,2013-12-25,100/300,-1.038724729528836,-1.4061414976110502,-0.48054771093571935,0.45853206350489134,-1.641375311541197,2015-01-22,Police,1.1400563019893057,1.2296926501022896,-1.3386995878348875,1.6287811302977224,0.0605566056752819,1.249737283117849,1.3133534303801258,0,0.298041334358157,1.0769527444706675,-1.3385668981870218,0.5457165052879057,0.6889613292451924,-0.6148153417848631,-0.7939293501156832,0.7570369184318504,0.3406724586011453,0.08671477239350854,-0.4966602910963925,-0.5342117343357785
-0.10535185954010252,2014-03-11,500/1000,-0.2195411888909527,1.4130445551440824,-0.48054771093571935,1.4097763728293433,0.9538505081700629,2015-02-15,Other,1.1400563019893057,1.2296926501022896,0.461837853772224,-0.11977287449726408,-0.11363539749996883,0.5308657224238905,0.14918045169696045,0,0.9971218684273209,1.0769527444706675,0.2918125783627955,-1.5215003504028333,1.0750375053644652,-0.7554705550788714,-0.12958907625083857,1.4777448606394794,0.3406724586011453,0.3743247189079271,0.8830942100667314,-0.5342117343357785
-0.6534884856592632,1997-08-04,500/1000,-0.2195411888909527,-0.6572163646150452,2.133492421080886,0.7313417522168096,-1.2034977041002026,2015-01-07,Police,-0.8238649762007128,1.2296926501022896,-0.4384308670313317,0.14466260805672568,0.15387375023345193,1.4404474981877273,-1.1813029525123715,0,0.9971218684273209,-0.9285458485845719,1.0119672581156953,-1.5215003504028333,-0.703459734131903,-0.7554705550788714,-0.7525478016127732,-0.18525772913946104,0.5885544318738691,0.846356037103883,-0.3588522192050495,1.6152057698578444
-0.5438611604354311,2007-11-14,100/300,1.4188258923848136,-0.7333928433340887,-0.48054771093571935,1.0544058572703972,0.9538505081700629,2015-02-23,Fire,1.1400563019893057,-1.2101737191482849,-0.4384308670313317,0.6530346985481168,-0.43298740332126184,0.24109214563715856,0.3154908772231269,0,-1.4147801864822238,-0.9285458485845719,-1.3385668981870218,0.5457165052879057,-1.305159096390018,0.779381941338854,-0.8986003257406907,0.7570369184318504,0.3406724586011453,0.08671477239350854,0.8830942100667314,1.6152057698578444
1.867939994488876,1992-07-30,250/500,-0.2195411888909527,1.3876523955710676,-0.48054771093571935,-0.9019267788874382,0.9538505081700629,2015-01-06,Ambulance,1.1400563019893057,-1.2101737191482849,-1.3386995878348875,-0.804435286691315,-0.806255981553942,-0.3358062549492237,0.3154908772231269,0,0.9971218684273209,-0.9285458485845719,1.0119672581156953,0.7578206403856677,0.8595723265323993,-0.4323437137277715,-0.3109737959160864,1.4777448606394794,0.3406724586011453,0.08671477239350854,-0.3588522192050495,1.6152057698578444
-0.21497918476393468,2000-12-01,100/300,-0.2195411888909527,-0.16065401949171504,1.6978190657447854,0.8785154000745551,0.9538505081700629,2015-02-07,Fire,1.1400563019893057,1.2296926501022896,0.461837853772224,0.4439461774589156,0.45663604146662584,0.024953901891296332,1.6459742814324587,0,0.298041334358157,-0.9285458485845719,1.0119672581156953,0.5457165052879057,-1.23638377514092,0.9577113773675267,0.31597797632307734,0.36704713820288415,0.3406724586011453,0.3743247189079271,-1.2086686625349987,-0.6299623058706817
-0.434233835211599,2002-09-10,100/300,1.4188258923848136,-0.5725895064581319,-0.48054771093571935,-0.9019267788874382,-0.8937793963980357,2015-02-14,Fire,1.1400563019893057,1.2296926501022896,0.461837853772224,-0.13412208672887593,0.9170006212869313,-0.1307927737491044,-1.5139238035647045,0,0.298041334358157,-0.9285458485845719,-1.3385668981870218,0.5457165052879057,1.0750375053644652,-0.4323437137277715,-0.8889085687383753,0.36704713820288415,0.3406724586011453,0.08671477239350854,1.1294749572214562,-0.6299623058706817
1.9775673197127082,1997-11-07,100/300,1.4188258923848136,1.2731620605657625,-0.48054771093571935,1.3415739506513638,0.9538505081700629,2015-02-15,Other,-0.8238649762007128,1.2296926501022896,1.3621065745757797,-0.32886139558646527,0.8838211921106931,0.15262379586863162,1.4796638559062922,1,0.298041334358157,-0.9285458485845719,1.0119672581156953,0.5457165052879057,0.6889613292451924,0.877629967425337,-0.12958907625083857,-1.2987279697173422,0.5885544318738691,0.3743247189079271,-0.4966602910963925,1.6152057698578444
-0.10535185954010252,1993-05-18,500/1000,1.4188258923848136,0.15557886927786457,2.133492421080886,0.4621216646721534,-0.8368197076252234,2015-02-14,Ambulance,1.1400563019893057,0.009759465477002306,0.461837853772224,-0.05212658826252251,-1.5341297091076682,1.0335990393719867,-0.349750824881539,0,0.298041334358157,1.0769527444706675,0.2918125783627955,-1.5215003504028333,0.9491431001081818,0.6116045429450133,-0.2705744719906447,-0.18525772913946104,0.3406724586011453,0.3743247189079271,-1.2086686625349987,-0.6299623058706817
1.3198033683697152,1996-07-11,250/500,-0.2195411888909527,-0.4302457363153853,-0.48054771093571935,-0.9019267788874382,-1.2675773539696165,2015-02-05,Ambulance,1.1400563019893057,1.2296926501022896,-1.3386995878348875,1.5672845064479572,1.5930314907527854,1.1861672114278894,-0.8486821014600384,0,-1.4147801864822238,1.0769527444706675,-1.3385668981870218,0.7578206403856677,1.0750375053644652,-0.010873920661118891,-0.09343897477909328,0.36704713820288415,0.3406724586011453,0.08671477239350854,-1.2086686625349987,-0.5342117343357785
1.100548717922051,1995-12-17,100/300,-0.2195411888909527,0.7556378518853883,-0.48054771093571935,-0.9019267788874382,0.9538505081700629,2015-01-04,Police,-0.8238649762007128,0.009759465477002306,-1.3386995878348875,-1.2820590652578236,-1.2894314189329112,-1.7592461102068997,-0.6823716759338719,0,0.298041334358157,-0.9285458485845719,-1.3385668981870218,0.5457165052879057,1.0750375053644652,0.9577113773675267,-0.8889085687383753,0.7570369184318504,-2.199388964623129,-2.057009655154806,0.8830942100667314,-0.8134538954280631
0.33315744135522607,2002-07-16,500/1000,-0.2195411888909527,1.3074968546895323,2.569165776416987,-0.9019267788874382,-1.4989760896091664,2015-02-20,Police,-0.8238649762007128,1.2296926501022896,0.461837853772224,-1.403002425495695,-1.2894314189329112,-1.7592461102068997,0.9807325793277929,1,0.9971218684273209,1.0769527444706675,1.0119672581156953,-1.5215003504028333,0.6889613292451924,2.11865766535986,3.3337478190965757,1.4777448606394794,-2.061745637196139,-2.057009655154806,0.3577497546299348,-0.6299623058706817
-0.3246065099877668,2013-04-12,500/1000,1.4188258923848136,-0.0945277493274181,-0.48054771093571935,0.3364856238179805,-1.2034977041002026,2015-02-05,Police,1.1400563019893057,0.009759465477002306,-0.4384308670313317,-0.37805869466627734,-0.37492340226284493,0.35975627945841626,1.6459742814324587,0,0.298041334358157,-0.9285458485845719,-1.3385668981870218,-1.5215003504028333,-1.305159096390018,-1.360764497328115,-0.7939293501156832,1.4777448606394794,0.3406724586011453,0.08671477239350854,1.1294749572214562,-0.5342117343357785
-1.0919977865545918,1995-11-13,250/500,-0.2195411888909527,2.479433214691881,-0.48054771093571935,1.2661923261388601,-1.459816303577858,2015-01-15,Other,-0.8238649762007128,-1.2101737191482849,1.3621065745757797,-0.21611758519522933,-0.21109997070516864,0.6945586570255362,-1.1813029525123715,1,-1.4147801864822238,1.0769527444706675,-1.3385668981870218,0.7578206403856677,-1.23638377514092,-1.3569835982093803,0.17037985085513224,-1.2987279697173422,0.5885544318738691,0.846356037103883,0.8830942100667314,1.6152057698578444
1.867939994488876,2004-11-04,100/300,-0.2195411888909527,1.2874784800988515,-0.48054771093571935,1.4672099915055368,0.9538505081700629,2015-01-05,Police,-0.8238649762007128,-1.2101737191482849,-0.4384308670313317,-0.033677601107593,-0.02653939591234347,0.30148371374262006,-1.5139238035647045,1,-1.4147801864822238,1.0769527444706675,1.0119672581156953,0.5457165052879057,0.9491431001081818,0.9577113773675267,2.854601800241727,1.4777448606394794,0.5885544318738691,0.08671477239350854,-0.3588522192050495,-0.5342117343357785
1.5390580188173797,1998-03-21,500/1000,1.4188258923848136,-1.909677456833593,-0.48054771093571935,-0.9019267788874382,0.9538505081700629,2015-01-01,Police,-0.8238649762007128,0.009759465477002306,0.461837853772224,-1.3948028756490596,-1.2728417043447922,-1.775668378726806,-0.6823716759338719,1,0.298041334358157,1.0769527444706675,-1.3385668981870218,-1.5215003504028333,-1.305159096390018,-0.010873920661118891,3.3337478190965757,-0.18525772913946104,-2.199388964623129,-2.057009655154806,1.1294749572214562,-0.6299623058706817
0.7716667422505546,1999-07-22,250/500,-0.2195411888909527,-1.0018359648943593,-0.48054771093571935,0.6667289312060921,0.9538505081700629,2015-01-26,Fire,-0.8238649762007128,1.2296926501022896,-0.4384308670313317,2.3749401663415384,2.410074934217652,1.517261334813095,-1.014992526986205,1,0.298041334358157,1.0769527444706675,-1.3385668981870218,0.7578206403856677,0.9491431001081818,0.5115267965346528,0.31597797632307734,1.4777448606394794,0.5885544318738691,0.3743247189079271,-1.2086686625349987,1.6152057698578444
0.5524120918028903,2010-02-28,100/300,-1.038724729528836,-0.8612150876467117,2.133492421080886,-0.9019267788874382,0.9538505081700629,2015-02-13,Fire,1.1400563019893057,-1.2101737191482849,0.461837853772224,1.0794112905731545,-0.21732111367571333,0.6818446426875443,-1.014992526986205,0,0.298041334358157,1.0769527444706675,-1.3385668981870218,0.5457165052879057,0.8595723265323993,2.11865766535986,-0.2986569288656468,0.7570369184318504,0.3406724586011453,0.846356037103883,0.8830942100667314,1.6152057698578444
-1.969016388345249,2005-01-30,250/500,-0.2195411888909527,0.5467575989842729,-0.48054771093571935,-0.9019267788874382,-0.5128614777298535,2015-01-14,Fire,-0.8238649762007128,-1.2101737191482849,-1.3386995878348875,1.0548126410332486,-0.22976339961680264,0.32320348823668954,0.14918045169696045,0,0.9971218684273209,-0.9285458485845719,-1.3385668981870218,0.7578206403856677,-1.305159096390018,-1.360764497328115,0.17037985085513224,1.4777448606394794,0.5885544318738691,0.846356037103883,0.3577497546299348,-0.6299623058706817
-0.9823704613307597,2001-11-29,500/1000,-1.038724729528836,-1.2533783275788912,-0.48054771093571935,-0.9019267788874382,-0.30994258647670975,2015-01-31,Other,1.1400563019893057,-1.2101737191482849,1.3621065745757797,-0.16487039865375844,-0.15925711261729641,0.44928413042177584,-0.1834403993553725,1,0.9971218684273209,1.0769527444706675,-1.3385668981870218,-1.5215003504028333,0.6889613292451924,-0.7554705550788714,-0.7939293501156832,0.36704713820288415,0.3406724586011453,0.3743247189079271,-1.2086686625349987,1.6152057698578444
0.11390279090756175,2012-12-24,100/300,-0.2195411888909527,-0.12398101358173899,-0.48054771093571935,0.8785154000745551,-0.797659921593915,2015-01-22,Other,0.15809566289429652,1.2296926501022896,-1.3386995878348875,1.817370776770335,0.1559474645569668,1.0129387660727498,1.3133534303801258,0,0.9971218684273209,1.0769527444706675,0.2918125783627955,0.5457165052879057,0.6889613292451924,-0.010873920661118891,-0.8986003257406907,-0.18525772913946104,0.3406724586011453,0.846356037103883,-0.4966602910963925,-0.6299623058706817
1.867939994488876,1997-05-11,100/300,-1.038724729528836,0.09802604232965877,-0.48054771093571935,0.8533881919037205,-0.5021815360849512,2015-01-30,Ambulance,-0.8238649762007128,1.2296926501022896,-1.3386995878348875,1.5508854067546867,-0.4972725473502234,-0.42003659993842,0.6481117282754599,0,0.9971218684273209,1.0769527444706675,-1.3385668981870218,0.5457165052879057,-1.23638377514092,-0.010873920661118891,-0.2705744719906447,-1.0702878146273995,0.5885544318738691,0.846356037103883,1.1294749572214562,-0.6299623058706817
-1.201625111778424,1994-01-26,100/300,1.4188258923848136,0.885100946574296,-0.48054771093571935,-0.9019267788874382,-0.17466332564128056,2015-02-17,Other,-0.8238649762007128,1.2296926501022896,-0.4384308670313317,0.2758554056028911,0.28659146693840487,-0.381364806327028,-1.680234229090871,0,0.9971218684273209,1.0769527444706675,1.0119672581156953,0.5457165052879057,-0.703459734131903,-1.3569835982093803,-0.3109737959160864,-1.2987279697173422,0.5885544318738691,0.3743247189079271,-0.4966602910963925,-0.5342117343357785
-1.0919977865545918,2010-11-04,500/1000,-0.2195411888909527,2.549210376943412,-0.48054771093571935,-0.9019267788874382,-1.7517347085385209,2015-02-20,Fire,-0.8238649762007128,-1.2101737191482849,-1.3386995878348875,-0.4231562188227717,-0.42054511738017253,0.550996245125711,-0.349750824881539,0,0.9971218684273209,1.0769527444706675,-1.3385668981870218,-1.5215003504028333,-1.23638377514092,-1.360764497328115,-0.7939293501156832,-1.2987279697173422,0.5885544318738691,0.846356037103883,-0.3588522192050495,-0.5342117343357785
-1.6401344126737525,1992-06-19,500/1000,-1.038724729528836,0.6624785717717919,-0.48054771093571935,-0.9019267788874382,0.9538505081700629,2015-02-04,Police,1.1400563019893057,-1.2101737191482849,-1.3386995878348875,1.0712117407265191,-0.2214685423227431,0.3380365049643468,1.1470430048539593,0,0.298041334358157,-0.9285458485845719,1.0119672581156953,-1.5215003504028333,-1.23638377514092,-0.010873920661118891,0.31597797632307734,1.4777448606394794,0.3406724586011453,0.846356037103883,-0.4966602910963925,-0.6299623058706817
0.7716667422505546,2010-06-02,100/300,-1.038724729528836,1.131351566795308,-0.48054771093571935,-0.9019267788874382,0.9538505081700629,2015-02-23,Other,-0.8238649762007128,-1.2101737191482849,1.3621065745757797,0.9277196184104007,0.9460326218161398,0.20824760859734615,1.3133534303801258,0,-1.4147801864822238,1.0769527444706675,-1.3385668981870218,0.5457165052879057,0.8595723265323993,-0.6148153417848631,-0.3109737959160864,-1.0702878146273995,0.5885544318738691,0.08671477239350854,0.8830942100667314,-0.5342117343357785
-1.0919977865545918,2002-10-12,250/500,-1.038724729528836,0.19422089563938208,-0.48054771093571935,-0.9019267788874382,0.9538505081700629,2015-02-08,Ambulance,1.1400563019893057,-1.2101737191482849,0.461837853772224,0.8539236697906827,0.8713789061696038,0.7560097263258303,-0.017129973829206037,1,0.9971218684273209,1.0769527444706675,-1.3385668981870218,0.7578206403856677,0.6889613292451924,0.779381941338854,2.854601800241727,0.36704713820288415,0.3406724586011453,0.3743247189079271,-0.4966602910963925,-0.5342117343357785
-0.6534884856592632,2008-02-25,500/1000,1.4188258923848136,1.2085125557401228,-0.48054771093571935,0.7133937463804992,-0.12838357851337057,2015-02-21,Police,-0.8238649762007128,0.009759465477002306,-0.4384308670313317,-1.4726985991920953,-1.482286851019796,-1.9165820376395495,-0.017129973829206037,0,0.298041334358157,1.0769527444706675,0.2918125783627955,-1.5215003504028333,-1.23638377514092,-0.010873920661118891,-0.47991642324066014,-0.18525772913946104,-2.199388964623129,-2.057009655154806,-1.2086686625349987,-0.6299623058706817
0.0042754656837296155,1996-09-05,100/300,-0.2195411888909527,0.28705200567772177,2.133492421080886,1.4025971704948192,0.9538505081700629,2015-01-13,Ambulance,1.1400563019893057,0.009759465477002306,1.3621065745757797,-0.5994465405254316,0.33636061070276224,0.14096928272547238,0.3154908772231269,0,0.9971218684273209,-0.9285458485845719,0.2918125783627955,0.5457165052879057,-1.23638377514092,-0.18218099784304848,0.14810943050938574,-0.18525772913946104,0.3406724586011453,0.3743247189079271,-0.3588522192050495,-0.6299623058706817
1.100548717922051,1998-03-16,250/500,-1.038724729528836,-1.6165805583696364,-0.48054771093571935,-0.9019267788874382,-1.5986555449615878,2015-01-17,Other,1.1400563019893057,-1.2101737191482849,0.461837853772224,0.849823894867365,0.867231477522574,0.4445163750450289,0.3154908772231269,0,0.298041334358157,1.0769527444706675,-1.3385668981870218,0.7578206403856677,0.9491431001081818,-0.18218099784304848,-0.8986003257406907,0.7570369184318504,0.3406724586011453,0.08671477239350854,-0.4966602910963925,1.6152057698578444
0.4427847665790582,2010-04-22,100/300,1.4188258923848136,0.306373018858481,-0.48054771093571935,-0.9019267788874382,0.9538505081700629,2015-02-18,Police,-0.8238649762007128,0.009759465477002306,0.461837853772224,0.587438299775034,0.6017960441126681,0.4461056268372779,1.6459742814324587,0,0.298041334358157,-0.9285458485845719,1.0119672581156953,0.5457165052879057,-1.305159096390018,-1.3569835982093803,0.14810943050938574,0.36704713820288415,0.5885544318738691,0.846356037103883,-0.4966602910963925,-0.6299623058706817
0.8812940674743868,2008-01-25,250/500,1.4188258923848136,0.9395361578075598,-0.48054771093571935,-0.9019267788874382,-1.0468585599749687,2015-01-14,Other,1.1400563019893057,1.2296926501022896,1.3621065745757797,1.1040099401130605,-0.20487882773462399,0.36770253841966116,1.4796638559062922,1,0.9971218684273209,-0.9285458485845719,-1.3385668981870218,0.7578206403856677,-0.703459734131903,-0.010873920661118891,0.20499583030558555,-1.0702878146273995,0.3406724586011453,0.846356037103883,3.415890619557508,1.6152057698578444
0.7716667422505546,2000-09-10,100/300,-0.2195411888909527,-1.585281337441995,-0.48054771093571935,-0.9019267788874382,-0.8047798826905165,2015-01-27,Other,-0.8238649762007128,-1.2101737191482849,1.3621065745757797,1.2188036379659553,1.2405000557552541,0.8259368051847857,1.3133534303801258,0,0.9971218684273209,1.0769527444706675,1.0119672581156953,0.5457165052879057,1.0750375053644652,-0.6148153417848631,-0.8986003257406907,-0.18525772913946104,0.5885544318738691,0.846356037103883,0.8830942100667314,-0.6299623058706817
0.5524120918028903,2008-04-23,500/1000,1.4188258923848136,0.3591673797154592,2.133492421080886,-0.9019267788874382,-0.43810188621553736,2015-02-12,Police,-0.8238649762007128,0.009759465477002306,0.461837853772224,-1.4173516377273068,-1.5341297091076682,-1.7889121436622142,-1.014992526986205,0,0.298041334358157,1.0769527444706675,1.0119672581156953,-1.5215003504028333,-0.703459734131903,-0.18218099784304848,-0.09343897477909328,-1.2987279697173422,-2.199388964623129,-2.057009655154806,-0.4966602910963925,-0.8134538954280631
-0.7631158108830954,2011-02-18,500/1000,-0.2195411888909527,0.49240443026982333,-0.48054771093571935,1.302088337811481,-0.5093014971815527,2015-01-17,Ambulance,2.1220169410843153,0.009759465477002306,-0.4384308670313317,-0.1669202861154173,-0.1613308269408113,-0.6065088102289679,-0.5160612504077055,0,0.298041334358157,1.0769527444706675,1.0119672581156953,-1.5215003504028333,0.8595723265323993,0.6116045429450133,0.10538658331550528,0.7570369184318504,0.3406724586011453,0.846356037103883,-0.4966602910963925,-0.6299623058706817
2.0871946449365404,2012-04-24,250/500,-1.038724729528836,-0.07844741563982213,-0.48054771093571935,-0.9019267788874382,-0.7157803689829972,2015-01-13,Police,-0.8238649762007128,-1.2101737191482849,-1.3386995878348875,-0.33911083289475946,-0.33552283011606204,0.7464742155723364,-1.347613378038538,1,0.9971218684273209,1.0769527444706675,1.0119672581156953,0.7578206403856677,0.9491431001081818,2.11865766535986,-0.3109737959160864,0.36704713820288415,0.5885544318738691,0.3743247189079271,-0.4966602910963925,1.6152057698578444
1.100548717922051,2001-09-25,100/300,-0.2195411888909527,1.1028828127667585,-0.48054771093571935,-0.9019267788874382,0.9538505081700629,2015-01-21,Other,-0.8238649762007128,0.009759465477002306,-0.4384308670313317,1.21060408811932,-0.15096225532323684,0.8174607956261245,1.3133534303801258,0,-1.4147801864822238,-0.9285458485845719,0.2918125783627955,0.5457165052879057,1.0750375053644652,0.877629967425337,-0.8986003257406907,-1.0702878146273995,0.5885544318738691,0.08671477239350854,1.1294749572214562,-0.6299623058706817
-1.0919977865545918,2006-05-24,500/1000,-1.038724729528836,-1.650792288715184,-0.48054771093571935,0.9718450304233692,0.9538505081700629,2015-01-01,Police,-0.8238649762007128,1.2296926501022896,1.3621065745757797,0.09341542151525478,3.3743520946520755,0.916524157342978,-0.349750824881539,0,-1.4147801864822238,-0.9285458485845719,1.0119672581156953,-1.5215003504028333,0.6889613292451924,0.877629967425337,-0.10897717628887865,1.4777448606394794,0.5885544318738691,0.08671477239350854,0.8830942100667314,-0.6299623058706817
0.0042754656837296155,1992-01-30,250/500,-0.2195411888909527,-1.994632485065763,-0.48054771093571935,-0.9019267788874382,-0.9578590462674496,2015-02-18,Police,-0.8238649762007128,-1.2101737191482849,0.461837853772224,0.5177421260786337,-0.5014199759972532,-0.16257780959408413,1.6459742814324587,0,0.9971218684273209,1.0769527444706675,-1.3385668981870218,0.7578206403856677,-1.305159096390018,0.6116045429450133,-0.2986569288656468,-1.2987279697173422,0.5885544318738691,0.08671477239350854,-1.2086686625349987,1.6152057698578444
-0.10535185954010252,2009-01-24,100/300,1.4188258923848136,-0.5097449370464062,-0.48054771093571935,-0.9019267788874382,-0.3811421974427251,2015-02-04,Other,-0.8238649762007128,0.009759465477002306,-0.4384308670313317,-0.0808250127257462,1.3856600584012964,0.9742669724613578,-0.017129973829206037,0,0.298041334358157,-0.9285458485845719,0.2918125783627955,0.5457165052879057,-0.703459734131903,-0.010873920661118891,-0.3109737959160864,-1.2987279697173422,0.5885544318738691,0.08671477239350854,-1.2086686625349987,1.6152057698578444
0.9909213926982189,1995-08-29,500/1000,-1.038724729528836,-0.3430755600752302,3.004839131753088,-0.9019267788874382,-0.566261185954365,2015-01-09,Other,-0.8238649762007128,0.009759465477002306,-1.3386995878348875,0.23485765636971442,-1.5341297091076682,-0.1911843418545659,-1.014992526986205,0,0.9971218684273209,-0.9285458485845719,1.0119672581156953,-1.5215003504028333,1.0750375053644652,-0.7554705550788714,0.20499583030558555,-1.0702878146273995,0.5885544318738691,0.3743247189079271,0.8830942100667314,-0.5342117343357785
-1.4208797622260882,2011-07-31,100/300,1.4188258923848136,-0.2819128622991964,2.133492421080886,-0.9019267788874382,-0.9614190268157503,2015-02-14,Fire,0.15809566289429652,0.009759465477002306,-1.3386995878348875,0.9277196184104007,-0.2940485436457642,-0.10854324865761858,1.6459742814324587,1,0.298041334358157,-0.9285458485845719,0.2918125783627955,0.5457165052879057,0.6889613292451924,0.9577113773675267,-0.12958907625083857,0.7570369184318504,0.3406724586011453,0.846356037103883,-0.3588522192050495,1.6152057698578444
0.7716667422505546,2013-01-05,100/300,-0.2195411888909527,-1.5593148802372805,2.133492421080886,-0.9019267788874382,0.9538505081700629,2015-01-03,Police,-0.8238649762007128,1.2296926501022896,-0.4384308670313317,1.08761084041979,-0.21317368502868353,0.015418391137802408,-1.1813029525123715,0,0.298041334358157,1.0769527444706675,-1.3385668981870218,0.5457165052879057,0.9491431001081818,0.5115267965346528,0.14810943050938574,1.4777448606394794,0.5885544318738691,0.846356037103883,-1.2086686625349987,-0.6299623058706817
-1.6401344126737525,1994-11-18,500/1000,-0.2195411888909527,-0.46376010525101136,-0.48054771093571935,0.9431282210852726,0.9538505081700629,2015-02-04,Police,1.1400563019893057,1.2296926501022896,-0.4384308670313317,-0.30836252096987693,-0.3044171152633387,0.18970633768777465,0.9807325793277929,0,0.9971218684273209,-0.9285458485845719,-1.3385668981870218,-1.5215003504028333,1.0750375053644652,0.6116045429450133,-0.10897717628887865,1.4777448606394794,0.3406724586011453,0.846356037103883,-0.4966602910963925,-0.6299623058706817
-1.0919977865545918,2014-08-30,100/300,1.4188258923848136,0.6237545028914593,-0.48054771093571935,1.7615572872210277,-1.4704962452227601,2015-01-30,Police,-0.8238649762007128,1.2296926501022896,0.461837853772224,0.4603452771521863,1.4769034886359516,0.04190592100861886,-0.017129973829206037,0,-1.4147801864822238,1.0769527444706675,-1.3385668981870218,0.5457165052879057,-1.23638377514092,-0.6148153417848631,0.31597797632307734,-1.2987279697173422,0.5885544318738691,0.3743247189079271,-0.4966602910963925,-0.6299623058706817
-1.6401344126737525,2006-01-01,500/1000,-0.2195411888909527,-0.7645279792241014,-0.48054771093571935,-0.9019267788874382,0.9538505081700629,2015-02-20,Fire,1.1400563019893057,-1.2101737191482849,-0.4384308670313317,-0.2612151093517237,1.0206863374626758,0.27499618387180363,-0.349750824881539,0,0.298041334358157,-0.9285458485845719,1.0119672581156953,-1.5215003504028333,-1.23638377514092,-0.18218099784304848,0.20499583030558555,-0.18525772913946104,0.3406724586011453,0.3743247189079271,-0.4966602910963925,-0.5342117343357785
-0.9823704613307597,1998-09-10,500/1000,1.4188258923848136,-1.3983064370642881,-0.48054771093571935,1.0831226666084939,-1.1251781320375855,2015-01-07,Police,1.1400563019893057,1.2296926501022896,-1.3386995878348875,-0.25711533442840606,1.0289811947567353,0.9371844306422148,-0.5160612504077055,0,0.298041334358157,1.0769527444706675,0.2918125783627955,-1.5215003504028333,0.8595723265323993,0.5115267965346528,-0.7939293501156832,-0.18525772913946104,0.3406724586011453,0.846356037103883,-0.4966602910963925,-0.5342117343357785
-0.10535185954010252,2010-01-28,250/500,-1.038724729528836,-0.26870401677009986,-0.48054771093571935,0.4836592716757259,-0.9293792018810434,2015-01-31,Police,-0.8238649762007128,1.2296926501022896,-1.3386995878348875,0.30045405514279716,0.31147603882058356,1.2910578297163227,1.6459742814324587,0,0.9971218684273209,1.0769527444706675,-1.3385668981870218,0.7578206403856677,-1.23638377514092,-1.360764497328115,0.14810943050938574,-1.2987279697173422,0.5885544318738691,0.846356037103883,-1.2086686625349987,-0.5342117343357785
0.9909213926982189,2003-01-04,500/1000,-0.2195411888909527,0.8928539646022444,-0.48054771093571935,-0.9019267788874382,-0.690860505144892,2015-02-17,Police,-0.8238649762007128,1.2296926501022896,1.3621065745757797,-1.3558550138775418,-1.3640851345794474,-1.748651098258573,-0.349750824881539,0,0.298041334358157,-0.9285458485845719,1.0119672581156953,-1.5215003504028333,0.6889613292451924,0.5115267965346528,-0.10897717628887865,-1.2987279697173422,-2.061745637196139,-2.057009655154806,-0.4966602910963925,-0.8134538954280631
-0.5438611604354311,2004-05-24,250/500,-0.2195411888909527,-0.26070487118570895,-0.48054771093571935,-0.9019267788874382,0.9538505081700629,2015-01-24,Ambulance,-0.8238649762007128,1.2296926501022896,-0.4384308670313317,0.8867218691772241,-0.31478568688091313,0.17116506677820312,-1.347613378038538,0,-1.4147801864822238,1.0769527444706675,1.0119672581156953,0.7578206403856677,0.6889613292451924,-1.360764497328115,-0.09343897477909328,0.36704713820288415,0.5885544318738691,0.846356037103883,-1.2086686625349987,-0.5342117343357785
-0.10535185954010252,1994-09-12,250/500,-0.2195411888909527,0.7405420284235635,-0.48054771093571935,-0.9019267788874382,0.9538505081700629,2015-02-02,Ambulance,1.1400563019893057,-1.2101737191482849,0.461837853772224,0.923619843487083,-0.2961222579692791,-0.11172175224211654,1.3133534303801258,1,0.298041334358157,-0.9285458485845719,1.0119672581156953,0.7578206403856677,0.8595723265323993,0.779381941338854,3.3337478190965757,0.36704713820288415,0.3406724586011453,0.08671477239350854,0.3577497546299348,-0.6299623058706817
2.3064492953842044,1997-07-07,100/300,1.4188258923848136,0.19618991609092448,-0.48054771093571935,-0.9019267788874382,0.9538505081700629,2015-01-09,Ambulance,-0.8238649762007128,-1.2101737191482849,-1.3386995878348875,-0.4887526175958544,0.5603217576423704,0.39842807306980826,-0.6823716759338719,0,0.298041334358157,-0.9285458485845719,-1.3385668981870218,0.5457165052879057,0.8595723265323993,-1.360764497328115,2.854601800241727,-1.2987279697173422,0.5885544318738691,0.846356037103883,-0.4966602910963925,-0.5342117343357785
0.9909213926982189,1991-03-01,250/500,-0.2195411888909527,-0.3618222756242892,-0.48054771093571935,-0.9019267788874382,-0.5555812443094628,2015-02-28,Other,-0.8238649762007128,-1.2101737191482849,1.3621065745757797,-0.1915189356553233,-0.8601725539653291,-0.6319368389049516,-0.6823716759338719,0,-1.4147801864822238,-0.9285458485845719,1.0119672581156953,0.7578206403856677,0.6889613292451924,0.6116045429450133,-0.47991642324066014,1.4777448606394794,0.5885544318738691,0.08671477239350854,-0.4966602910963925,-0.5342117343357785
-1.311252437002256,2001-09-29,100/300,-0.2195411888909527,-0.3775334179772204,-0.48054771093571935,0.6416017230352575,-0.5591412248577635,2015-01-17,Ambulance,-0.8238649762007128,0.009759465477002306,0.461837853772224,-0.792135961921362,-0.053497682118037036,-0.30719972268874196,-0.1834403993553725,0,-1.4147801864822238,-0.9285458485845719,1.0119672581156953,0.5457165052879057,0.8595723265323993,-1.3569835982093803,-0.3109737959160864,0.7570369184318504,0.5885544318738691,0.3743247189079271,-1.2086686625349987,-0.5342117343357785
0.0042754656837296155,2012-01-10,250/500,-0.2195411888909527,-0.09961438549390247,-0.48054771093571935,2.2497430459686707,-0.8688595325599303,2015-02-09,Fire,1.1400563019893057,0.009759465477002306,-1.3386995878348875,1.4811892330582863,1.50593548916516,1.0971691110619461,-1.014992526986205,1,0.298041334358157,1.0769527444706675,1.0119672581156953,0.7578206403856677,-1.23638377514092,-0.010873920661118891,-0.09343897477909328,-1.0702878146273995,0.3406724586011453,0.3743247189079271,0.8830942100667314,1.6152057698578444
0.2235301161313939,2001-07-05,250/500,1.4188258923848136,2.230557233868812,-0.48054771093571935,-0.9019267788874382,-1.844294202794341,2015-01-14,Ambulance,1.1400563019893057,0.009759465477002306,-1.3386995878348875,-0.544099579060643,-0.542894262467551,0.016477892332635066,0.6481117282754599,0,0.298041334358157,1.0769527444706675,-1.3385668981870218,0.7578206403856677,0.6889613292451924,-0.4323437137277715,-0.8986003257406907,1.4777448606394794,0.3406724586011453,0.846356037103883,0.8830942100667314,-0.6299623058706817
0.4427847665790582,1991-08-07,500/1000,-1.038724729528836,-0.28712256224390204,2.569165776416987,0.7600585615549064,-0.22094307276919053,2015-02-02,Police,-0.8238649762007128,-1.2101737191482849,-0.4384308670313317,-1.3927529881874008,-1.4014119924027153,-1.8736722392488268,1.4796638559062922,0,0.9971218684273209,-0.9285458485845719,-1.3385668981870218,-1.5215003504028333,-0.703459734131903,0.6116045429450133,-0.3109737959160864,-0.18525772913946104,-2.199388964623129,-2.057009655154806,-0.4966602910963925,-0.8134538954280631
0.4427847665790582,2012-07-24,100/300,-0.2195411888909527,1.2402219892618358,-0.48054771093571935,-0.9019267788874382,-0.8830994547531333,2015-02-17,Fire,-0.8238649762007128,-1.2101737191482849,0.461837853772224,1.3458966605888032,-0.08252968264724549,0.9573149533440354,-0.1834403993553725,0,0.9971218684273209,1.0769527444706675,-1.3385668981870218,0.5457165052879057,0.6889613292451924,0.779381941338854,-0.09343897477909328,-1.0702878146273995,0.5885544318738691,0.3743247189079271,-0.4966602910963925,-0.5342117343357785
-1.4208797622260882,2014-07-27,250/500,1.4188258923848136,-0.4921878380201539,-0.48054771093571935,0.228797588800118,0.9538505081700629,2015-01-25,Ambulance,-0.8238649762007128,0.009759465477002306,1.3621065745757797,1.7599739278438877,1.7879606371631849,0.9610232075259496,-0.349750824881539,0,0.9971218684273209,-0.9285458485845719,0.2918125783627955,0.7578206403856677,1.0750375053644652,0.9577113773675267,-0.12958907625083857,0.36704713820288415,0.5885544318738691,0.846356037103883,-1.2086686625349987,-0.5342117343357785
0.33315744135522607,1994-08-08,100/300,-0.2195411888909527,0.10138978560104332,-0.48054771093571935,0.3005896121453597,-0.8083398632388172,2015-02-13,Fire,2.1220169410843153,-1.2101737191482849,0.461837853772224,-0.6342946273736317,-0.6341376927022061,0.05991744132077404,-0.017129973829206037,0,-1.4147801864822238,1.0769527444706675,-1.3385668981870218,0.5457165052879057,0.8595723265323993,0.9577113773675267,-0.09343897477909328,1.4777448606394794,0.3406724586011453,0.846356037103883,0.8830942100667314,-0.6299623058706817
-0.9823704613307597,2001-12-09,100/300,-0.2195411888909527,-1.8896590822429127,-0.48054771093571935,1.6969444662103101,-1.7873345140215287,2015-02-20,Fire,1.1400563019893057,1.2296926501022896,-0.4384308670313317,-0.4252061062844305,0.6888920457002935,0.2622821695338117,-0.1834403993553725,0,-1.4147801864822238,-0.9285458485845719,0.2918125783627955,0.5457165052879057,0.9491431001081818,0.877629967425337,-0.2705744719906447,-1.0702878146273995,0.3406724586011453,0.846356037103883,0.8830942100667314,-0.5342117343357785
0.7716667422505546,1990-03-14,250/500,-1.038724729528836,0.05339491209469893,-0.48054771093571935,-0.9019267788874382,-0.6766205829516888,2015-01-08,Police,-0.8238649762007128,0.009759465477002306,0.461837853772224,-1.4255511875739422,-1.484360565343311,-1.9330043061594555,-0.1834403993553725,0,0.9971218684273209,-0.9285458485845719,-1.3385668981870218,0.7578206403856677,-0.703459734131903,0.6116045429450133,-0.12958907625083857,-1.0702878146273995,-2.061745637196139,-2.057009655154806,1.1294749572214562,-0.6299623058706817
-1.4208797622260882,2006-03-28,100/300,-0.2195411888909527,0.5173863772487672,-0.48054771093571935,0.7744169662239546,0.9538505081700629,2015-02-28,Police,-0.8238649762007128,0.009759465477002306,-0.4384308670313317,-1.415301750265648,-1.3143159908150899,-1.7285205755567525,-1.347613378038538,0,0.9971218684273209,-0.9285458485845719,0.2918125783627955,0.5457165052879057,0.6889613292451924,-0.6148153417848631,-0.3109737959160864,-1.0702878146273995,-2.199388964623129,-2.057009655154806,0.8830942100667314,-0.8134538954280631
0.6620394170267224,2013-12-23,100/300,1.4188258923848136,0.13839096158627612,1.6978190657447854,1.1908107016263563,0.9538505081700629,2015-02-12,Ambulance,1.1400563019893057,1.2296926501022896,-1.3386995878348875,-0.05417647572418135,1.4395766308126836,1.029361034592656,1.3133534303801258,0,-1.4147801864822238,-0.9285458485845719,-1.3385668981870218,0.5457165052879057,-1.23638377514092,-0.6148153417848631,-0.8889085687383753,-1.2987279697173422,0.3406724586011453,0.08671477239350854,-0.3588522192050495,1.6152057698578444
0.8812940674743868,1991-09-30,100/300,-0.2195411888909527,-0.16541248558294172,-0.48054771093571935,1.0759434642739696,0.9538505081700629,2015-01-06,Police,-0.8238649762007128,0.009759465477002306,-0.4384308670313317,-1.4624491618838011,-1.4719182794022216,-1.898040766729978,1.3133534303801258,0,0.298041334358157,-0.9285458485845719,-1.3385668981870218,0.5457165052879057,-1.305159096390018,0.5115267965346528,-0.4060310286818311,1.4777448606394794,-2.199388964623129,-2.057009655154806,0.8830942100667314,-0.8134538954280631
1.6486853440412117,2001-12-27,100/300,-1.038724729528836,-0.023971183147151225,-0.48054771093571935,0.5841681043590642,0.9538505081700629,2015-02-15,Ambulance,-0.8238649762007128,-1.2101737191482849,-0.4384308670313317,-0.2263670225035235,-0.2214685423227431,1.3440328894579554,0.8144221538016264,0,0.298041334358157,-0.9285458485845719,1.0119672581156953,0.5457165052879057,-0.703459734131903,-0.18218099784304848,-0.8889085687383753,0.36704713820288415,0.5885544318738691,0.3743247189079271,-1.2086686625349987,-0.5342117343357785
-0.5438611604354311,2005-04-07,250/500,1.4188258923848136,1.3512665384769422,-0.48054771093571935,0.3005896121453597,-1.1429780347790894,2015-01-20,Police,-0.8238649762007128,0.009759465477002306,1.3621065745757797,-0.1156730995739464,1.3151537714017902,0.9022208912127371,0.8144221538016264,1,0.9971218684273209,-0.9285458485845719,0.2918125783627955,0.7578206403856677,-1.23638377514092,0.5115267965346528,-0.2705744719906447,1.4777448606394794,0.5885544318738691,0.3743247189079271,-1.2086686625349987,1.6152057698578444
0.9909213926982189,2003-04-08,500/1000,1.4188258923848136,1.1039083442519366,1.6978190657447854,-0.9019267788874382,0.9538505081700629,2015-01-03,Police,-0.8238649762007128,1.2296926501022896,1.3621065745757797,1.559084956601322,1.5847366334587258,1.1776912018692283,-1.680234229090871,0,-1.4147801864822238,-0.9285458485845719,1.0119672581156953,-1.5215003504028333,-1.305159096390018,0.5115267965346528,-0.3109737959160864,-0.18525772913946104,0.5885544318738691,0.3743247189079271,0.8830942100667314,-0.6299623058706817
1.5390580188173797,2005-11-14,100/300,-0.2195411888909527,-0.9375966726627907,-0.48054771093571935,-0.9019267788874382,0.9538505081700629,2015-01-26,Ambulance,-0.8238649762007128,-1.2101737191482849,-1.3386995878348875,1.4934885578282393,-0.00787596700070946,1.1098831253999382,-0.8486821014600384,0,0.298041334358157,-0.9285458485845719,1.0119672581156953,0.5457165052879057,0.8595723265323993,-0.6148153417848631,-0.7525478016127732,0.36704713820288415,0.5885544318738691,0.3743247189079271,0.8830942100667314,1.6152057698578444
-0.10535185954010252,2005-01-07,100/300,-0.2195411888909527,1.2262747610634115,-0.48054771093571935,-0.06554970691537285,0.9538505081700629,2015-01-25,Other,1.1400563019893057,0.009759465477002306,1.3621065745757797,-0.17306994850039378,1.1990257692849564,1.1326624010888402,1.1470430048539593,0,-1.4147801864822238,1.0769527444706675,-1.3385668981870218,0.5457165052879057,1.0750375053644652,0.877629967425337,-0.12958907625083857,-1.0702878146273995,0.3406724586011453,0.3743247189079271,-0.3588522192050495,-0.5342117343357785
1.100548717922051,1994-02-14,500/1000,1.4188258923848136,1.2871092887641877,-0.48054771093571935,2.6445991743675,-1.3708167898703387,2015-01-18,Police,-0.8238649762007128,-1.2101737191482849,1.3621065745757797,-1.2697597404878707,-1.405559421049745,-1.746532095868908,0.6481117282754599,0,0.298041334358157,1.0769527444706675,-1.3385668981870218,-1.5215003504028333,0.6889613292451924,-1.3569835982093803,-0.10897717628887865,0.36704713820288415,-2.199388964623129,-2.057009655154806,0.8830942100667314,-0.6299623058706817
0.33315744135522607,1996-01-23,100/300,1.4188258923848136,-0.35472559774685536,-0.48054771093571935,1.431313979832916,-0.797659921593915,2015-01-12,Fire,1.1400563019893057,0.009759465477002306,0.461837853772224,-0.35755982004968895,0.8257571910522762,0.40213632725172255,0.14918045169696045,0,-1.4147801864822238,-0.9285458485845719,-1.3385668981870218,0.5457165052879057,1.0750375053644652,-0.010873920661118891,-0.2986569288656468,0.7570369184318504,0.3406724586011453,0.846356037103883,-1.2086686625349987,-0.5342117343357785
-1.7497617378975847,1999-12-12,250/500,-0.2195411888909527,-0.6442536466423913,-0.48054771093571935,-0.9019267788874382,-1.6057755060581893,2015-01-15,Other,-0.8238649762007128,0.009759465477002306,-1.3386995878348875,-0.18126949834702913,-0.17584682720541553,0.07263145565876594,-0.017129973829206037,1,-1.4147801864822238,-0.9285458485845719,-1.3385668981870218,0.7578206403856677,0.8595723265323993,0.5115267965346528,-0.7525478016127732,0.7570369184318504,0.5885544318738691,0.08671477239350854,-0.4966602910963925,1.6152057698578444
0.7716667422505546,2004-07-15,250/500,1.4188258923848136,0.883706223754454,-0.48054771093571935,-0.9019267788874382,-2.271491868590433,2015-01-10,Ambulance,1.1400563019893057,0.009759465477002306,1.3621065745757797,-0.33911083289475946,0.8630840488755442,0.44027837026569827,-0.1834403993553725,0,-1.4147801864822238,1.0769527444706675,1.0119672581156953,0.7578206403856677,0.9491431001081818,0.6116045429450133,-0.4060310286818311,-1.2987279697173422,0.3406724586011453,0.3743247189079271,-1.2086686625349987,1.6152057698578444
1.758312669265044,2012-11-07,250/500,-1.038724729528836,0.07636681736269237,-0.48054771093571935,-0.9019267788874382,-1.0468585599749687,2015-01-23,Police,1.1400563019893057,1.2296926501022896,-0.4384308670313317,-0.26531488427504135,-0.260869114469526,0.592846542321601,-1.680234229090871,0,0.298041334358157,-0.9285458485845719,0.2918125783627955,0.7578206403856677,-0.703459734131903,-1.360764497328115,0.14810943050938574,1.4777448606394794,0.3406724586011453,0.08671477239350854,-0.4966602910963925,-0.6299623058706817
2.635331271055701,2009-06-29,250/500,-0.2195411888909527,0.14479027805378847,-0.48054771093571935,0.8067233767293134,0.9538505081700629,2015-02-21,Police,-0.8238649762007128,0.009759465477002306,1.3621065745757797,-1.3312563643376356,-1.4366651359024685,-1.8350004456374347,0.3154908772231269,1,0.298041334358157,1.0769527444706675,0.2918125783627955,0.7578206403856677,-1.23638377514092,-1.3569835982093803,-0.10897717628887865,-1.0702878146273995,-2.061745637196139,-2.057009655154806,-0.3588522192050495,-0.6299623058706817
0.5524120918028903,2000-06-26,250/500,1.4188258923848136,-1.0158242143521912,-0.48054771093571935,0.7277521510495476,-0.4487818278604397,2015-02-17,Fire,-0.8238649762007128,-1.2101737191482849,0.461837853772224,1.2393025125825436,1.261237198990403,0.4900749264228332,1.6459742814324587,0,-1.4147801864822238,-0.9285458485845719,-1.3385668981870218,0.7578206403856677,0.8595723265323993,-0.6148153417848631,-0.09343897477909328,1.4777448606394794,0.5885544318738691,0.3743247189079271,0.8830942100667314,-0.5342117343357785
-0.9823704613307597,2002-01-09,500/1000,-1.038724729528836,-0.6724762731144983,1.2621457104086844,0.09239274444415882,-1.6235754087996932,2015-01-06,Other,-0.8238649762007128,1.2296926501022896,0.461837853772224,-0.10337377480399339,1.3400383432839689,1.2947660838982369,0.9807325793277929,0,0.298041334358157,-0.9285458485845719,1.0119672581156953,-1.5215003504028333,1.0750375053644652,-1.360764497328115,0.14810943050938574,0.7570369184318504,0.5885544318738691,0.3743247189079271,-0.3588522192050495,1.6152057698578444
0.2235301161313939,2013-11-11,250/500,-0.2195411888909527,0.28073473172902363,2.569165776416987,0.9431282210852726,0.7295717336271145,2015-02-18,Police,-0.8238649762007128,-1.2101737191482849,0.461837853772224,-1.1836644670981995,-1.3620114202559324,-1.5695953963318539,1.3133534303801258,0,-1.4147801864822238,-0.9285458485845719,1.0119672581156953,0.7578206403856677,0.6889613292451924,0.9577113773675267,-0.10897717628887865,1.4777448606394794,-2.061745637196139,-2.057009655154806,1.1294749572214562,-0.8134538954280631
-0.8727431361069276,2008-01-14,100/300,1.4188258923848136,-0.9837866107552214,-0.48054771093571935,-0.9019267788874382,0.9538505081700629,2015-02-17,Police,1.1400563019893057,0.009759465477002306,1.3621065745757797,0.2676558557562558,0.2782966096443453,-0.3887813146908566,1.4796638559062922,0,0.298041334358157,-0.9285458485845719,0.2918125783627955,0.5457165052879057,0.9491431001081818,-0.6148153417848631,-0.10897717628887865,-1.2987279697173422,0.3406724586011453,0.846356037103883,1.1294749572214562,1.6152057698578444
-1.5305070874499205,2003-03-04,100/300,-0.2195411888909527,-0.14699394010913952,-0.48054771093571935,0.8677465965727689,0.9538505081700629,2015-01-24,Ambulance,1.1400563019893057,-1.2101737191482849,-1.3386995878348875,-0.36165959497300665,0.8174623337582166,-0.20707685977705576,-1.5139238035647045,0,-1.4147801864822238,-0.9285458485845719,0.2918125783627955,0.5457165052879057,-1.305159096390018,-0.4323437137277715,-0.7939293501156832,0.36704713820288415,0.3406724586011453,0.846356037103883,0.8830942100667314,-0.6299623058706817
0.11390279090756175,1994-06-07,100/300,-1.038724729528836,2.751978462192864,-0.48054771093571935,-0.9019267788874382,0.9538505081700629,2015-01-21,Fire,-0.8238649762007128,-1.2101737191482849,-0.4384308670313317,-1.523945785733566,-0.41225026008611293,-0.003122879771769105,-1.5139238035647045,1,0.9971218684273209,1.0769527444706675,0.2918125783627955,0.5457165052879057,0.9491431001081818,-0.6148153417848631,0.31597797632307734,-1.2987279697173422,0.5885544318738691,0.3743247189079271,-0.3588522192050495,-0.6299623058706817
-1.0919977865545918,2013-07-04,250/500,-0.2195411888909527,-1.1434003311083711,-0.48054771093571935,1.4564411880037504,0.9538505081700629,2015-02-03,Fire,-0.8238649762007128,0.009759465477002306,1.3621065745757797,1.608282255681134,0.05018803405770745,0.8238178027951204,-0.349750824881539,0,0.298041334358157,-0.9285458485845719,1.0119672581156953,0.7578206403856677,-0.703459734131903,0.5115267965346528,-0.10897717628887865,-1.0702878146273995,0.5885544318738691,0.3743247189079271,0.8830942100667314,1.6152057698578444
0.4427847665790582,2002-06-30,100/300,1.4188258923848136,-0.1471170038873608,-0.48054771093571935,0.8246713825656238,0.9538505081700629,2015-01-07,Ambulance,-0.8238649762007128,-1.2101737191482849,0.461837853772224,1.2884998116623558,1.3110063427547605,0.5345739766058049,-0.5160612504077055,0,0.9971218684273209,1.0769527444706675,1.0119672581156953,0.5457165052879057,0.9491431001081818,-0.6148153417848631,0.20499583030558555,0.7570369184318504,0.5885544318738691,0.08671477239350854,-0.3588522192050495,-0.5342117343357785
1.2101760431458832,2004-06-30,100/300,1.4188258923848136,-0.005675701451571227,-0.48054771093571935,-0.9019267788874382,0.9538505081700629,2015-02-02,Other,1.1400563019893057,1.2296926501022896,-0.4384308670313317,1.3048989113556264,-0.10326682588239439,0.549406993333462,-1.680234229090871,1,-1.4147801864822238,1.0769527444706675,0.2918125783627955,0.5457165052879057,0.9491431001081818,-0.010873920661118891,0.17037985085513224,-0.18525772913946104,0.3406724586011453,0.08671477239350854,3.415890619557508,1.6152057698578444
-0.10535185954010252,1998-12-19,250/500,-1.038724729528836,-1.056230154868216,-0.48054771093571935,-0.9019267788874382,0.9538505081700629,2015-01-13,Police,-0.8238649762007128,0.009759465477002306,0.461837853772224,-1.2287619912546939,-1.3848222778145962,-1.6660100050616258,0.4818013027492934,0,0.298041334358157,1.0769527444706675,1.0119672581156953,0.7578206403856677,0.6889613292451924,0.6116045429450133,-0.7939293501156832,1.4777448606394794,-2.199388964623129,-2.057009655154806,-0.3588522192050495,-0.6299623058706817
-1.0919977865545918,2014-08-31,250/500,-1.038724729528836,0.5081976151415696,-0.48054771093571935,0.17495357129118674,-0.9329391824293441,2015-02-28,Ambulance,1.1400563019893057,1.2296926501022896,-0.4384308670313317,0.9810166924135304,0.9999491942275269,0.2564549129622321,-1.5139238035647045,0,0.9971218684273209,1.0769527444706675,1.0119672581156953,0.7578206403856677,1.0750375053644652,-0.010873920661118891,-0.7525478016127732,-1.0702878146273995,0.3406724586011453,0.846356037103883,0.8830942100667314,-0.6299623058706817
-0.21497918476393468,2005-11-10,500/1000,-1.038724729528836,-1.010081238035193,-0.48054771093571935,0.9754346315906314,-1.0254986766851641,2015-01-16,Ambulance,1.1400563019893057,-1.2101737191482849,1.3621065745757797,-0.6527436145285612,-0.6528011216138402,-0.20813636097188842,-1.014992526986205,0,0.298041334358157,1.0769527444706675,1.0119672581156953,-1.5215003504028333,-1.23638377514092,0.779381941338854,-0.4060310286818311,-0.18525772913946104,0.3406724586011453,0.08671477239350854,1.1294749572214562,-0.5342117343357785
1.5390580188173797,2000-05-04,100/300,-1.038724729528836,-0.209797488261459,-0.48054771093571935,-0.9019267788874382,-0.27790276154200283,2015-02-01,Fire,-0.8238649762007128,-1.2101737191482849,-0.4384308670313317,1.4278921590551565,-0.041055396176947694,1.4234954790704049,-0.6823716759338719,0,0.298041334358157,1.0769527444706675,0.2918125783627955,0.5457165052879057,-0.703459734131903,-0.010873920661118891,-0.4060310286818311,0.7570369184318504,0.5885544318738691,0.846356037103883,0.8830942100667314,-0.6299623058706817
1.3198033683697152,2001-11-26,500/1000,-0.2195411888909527,1.1059594072222934,-0.48054771093571935,-0.9019267788874382,-0.21738309222088978,2015-01-30,Police,-0.8238649762007128,1.2296926501022896,0.461837853772224,-1.351755238954224,-1.3599377059324176,-1.8535417165470063,0.6481117282754599,1,0.9971218684273209,1.0769527444706675,0.2918125783627955,-1.5215003504028333,-1.305159096390018,-0.7554705550788714,3.3337478190965757,0.36704713820288415,-2.199388964623129,-2.057009655154806,0.8830942100667314,-0.6299623058706817
1.5390580188173797,2014-05-06,100/300,-0.2195411888909527,0.9821982675909773,-0.48054771093571935,-0.9019267788874382,0.9538505081700629,2015-02-16,Police,-0.8238649762007128,1.2296926501022896,0.461837853772224,-1.3948028756490596,-1.2728417043447922,-1.7422940910895772,1.3133534303801258,0,0.298041334358157,-0.9285458485845719,0.2918125783627955,0.5457165052879057,-1.23638377514092,0.6116045429450133,-0.8986003257406907,-0.18525772913946104,-2.061745637196139,-2.057009655154806,1.1294749572214562,-0.8134538954280631
0.11390279090756175,1991-01-27,100/300,-1.038724729528836,-0.0032964684059569485,-0.48054771093571935,-0.9019267788874382,0.9538505081700629,2015-01-07,Other,1.1400563019893057,0.009759465477002306,0.461837853772224,0.18566035728990238,-0.13437254073511773,-0.6838523974517519,1.3133534303801258,0,-1.4147801864822238,-0.9285458485845719,0.2918125783627955,0.5457165052879057,0.6889613292451924,0.5115267965346528,-0.09343897477909328,0.36704713820288415,0.3406724586011453,0.08671477239350854,0.8830942100667314,-0.6299623058706817
1.3198033683697152,1992-04-28,100/300,-1.038724729528836,0.046544361773707625,-0.48054771093571935,-0.9019267788874382,0.9538505081700629,2015-01-10,Other,-0.8238649762007128,1.2296926501022896,-0.4384308670313317,1.3581959853587562,1.3815126297542666,0.597614297698348,1.4796638559062922,1,0.298041334358157,1.0769527444706675,0.2918125783627955,0.5457165052879057,-1.305159096390018,0.779381941338854,0.20499583030558555,0.7570369184318504,0.5885544318738691,0.846356037103883,-0.4966602910963925,1.6152057698578444
-0.434233835211599,2000-03-04,500/1000,1.4188258923848136,0.6751541409285953,-0.48054771093571935,-0.9019267788874382,0.9538505081700629,2015-01-31,Police,-0.8238649762007128,1.2296926501022896,1.3621065745757797,-1.339455914184271,-1.4408125645494982,-1.8185781771175284,0.9807325793277929,0,-1.4147801864822238,1.0769527444706675,1.0119672581156953,-1.5215003504028333,0.8595723265323993,-1.360764497328115,-0.2986569288656468,-1.0702878146273995,-2.199388964623129,-2.057009655154806,-1.2086686625349987,-0.8134538954280631
-1.4208797622260882,1995-10-12,500/1000,-1.038724729528836,0.9969659209775444,2.133492421080886,-0.9019267788874382,-0.3455423919597174,2015-02-13,Police,-0.8238649762007128,-1.2101737191482849,0.461837853772224,-1.3476554640309064,-1.3557902772853878,-1.8270541866761898,-0.1834403993553725,0,-1.4147801864822238,1.0769527444706675,-1.3385668981870218,-1.5215003504028333,1.0750375053644652,0.877629967425337,0.17037985085513224,-1.0702878146273995,-2.199388964623129,-2.057009655154806,1.1294749572214562,-0.6299623058706817
-0.434233835211599,2014-04-25,100/300,-1.038724729528836,0.7229439081379042,-0.48054771093571935,-0.9019267788874382,0.25965430125141314,2015-02-22,Fire,1.1400563019893057,1.2296926501022896,-0.4384308670313317,-0.9643265087007042,-0.9680056987881034,-0.9969350005248023,0.14918045169696045,1,0.9971218684273209,-0.9285458485845719,-1.3385668981870218,0.5457165052879057,0.8595723265323993,2.11865766535986,0.31597797632307734,0.36704713820288415,0.3406724586011453,0.08671477239350854,-1.2086686625349987,-0.5342117343357785
-0.10535185954010252,2011-01-26,100/300,1.4188258923848136,-0.10564451062675097,-0.48054771093571935,0.7672377638894304,0.9538505081700629,2015-01-08,Ambulance,1.1400563019893057,0.009759465477002306,-1.3386995878348875,-0.5236007044440546,0.48981547064286407,0.05885794012594139,0.9807325793277929,0,0.9971218684273209,-0.9285458485845719,1.0119672581156953,0.5457165052879057,1.0750375053644652,0.877629967425337,-0.47991642324066014,0.36704713820288415,0.3406724586011453,0.846356037103883,-1.2086686625349987,-0.6299623058706817
1.100548717922051,1996-01-26,500/1000,-1.038724729528836,-0.4987102182658876,-0.48054771093571935,-0.08708731391894535,0.9538505081700629,2015-02-04,Police,1.1400563019893057,0.009759465477002306,-0.4384308670313317,-0.7244896756866205,-0.7253811229368613,-0.14986379525609222,0.8144221538016264,0,-1.4147801864822238,1.0769527444706675,0.2918125783627955,-1.5215003504028333,-1.305159096390018,0.9577113773675267,-0.49673854432325054,-1.0702878146273995,0.3406724586011453,0.08671477239350854,-1.2086686625349987,-0.5342117343357785
0.2235301161313939,1991-04-08,250/500,1.4188258923848136,-1.276883509219178,1.6978190657447854,0.4836592716757259,-0.5698211665026658,2015-02-04,Fire,-0.8238649762007128,-1.2101737191482849,-1.3386995878348875,1.9239649247765944,0.20986403696835396,1.1093533748025217,0.6481117282754599,1,0.298041334358157,1.0769527444706675,-1.3385668981870218,0.7578206403856677,0.9491431001081818,-0.4323437137277715,3.3337478190965757,0.7570369184318504,0.5885544318738691,0.3743247189079271,-0.4966602910963925,-0.6299623058706817
-1.311252437002256,2002-06-29,100/300,1.4188258923848136,-0.5670926576975766,-0.48054771093571935,-0.9019267788874382,-1.0326186377817657,2015-02-26,Fire,-0.8238649762007128,0.009759465477002306,1.3621065745757797,-0.12182276195892291,-0.11570911182348373,0.5271574682419762,0.4818013027492934,0,0.9971218684273209,-0.9285458485845719,1.0119672581156953,0.5457165052879057,0.8595723265323993,-1.3569835982093803,-0.7525478016127732,-1.0702878146273995,0.5885544318738691,0.3743247189079271,-0.4966602910963925,-0.5342117343357785
0.0042754656837296155,1999-04-09,500/1000,1.4188258923848136,-0.10264995869003027,-0.48054771093571935,-0.9019267788874382,-0.17466332564128056,2015-01-08,Police,-0.8238649762007128,-1.2101737191482849,-1.3386995878348875,-0.39035801943623033,-0.38736568820393424,-0.2515759099600274,-1.347613378038538,0,0.9971218684273209,-0.9285458485845719,0.2918125783627955,-1.5215003504028333,-0.703459734131903,-1.360764497328115,-0.09343897477909328,0.36704713820288415,0.5885544318738691,0.846356037103883,-0.4966602910963925,-0.6299623058706817
-0.6534884856592632,2009-04-19,500/1000,1.4188258923848136,-1.0318225055209724,-0.48054771093571935,1.1836314992918322,-0.7905399604973135,2015-02-15,Ambulance,2.1220169410843153,1.2296926501022896,1.3621065745757797,0.8416243450207297,-0.33759654443957693,0.1303742707771458,-0.5160612504077055,0,-1.4147801864822238,-0.9285458485845719,1.0119672581156953,-1.5215003504028333,0.6889613292451924,-0.4323437137277715,-0.09343897477909328,-1.0702878146273995,0.3406724586011453,0.846356037103883,-0.3588522192050495,-0.6299623058706817
1.2101760431458832,1991-08-22,100/300,1.4188258923848136,-0.6072524706571585,-0.48054771093571935,1.5533604195198267,-1.4242164980948502,2015-01-14,Other,-0.8238649762007128,1.2296926501022896,0.461837853772224,1.8829671755434179,1.9123834965740785,1.9527163258893174,-0.5160612504077055,0,-1.4147801864822238,-0.9285458485845719,-1.3385668981870218,0.5457165052879057,1.0750375053644652,2.11865766535986,-0.3109737959160864,0.36704713820288415,0.5885544318738691,0.08671477239350854,-1.2086686625349987,-0.6299623058706817
-0.9823704613307597,1991-11-28,100/300,-1.038724729528836,0.5553720634597712,1.6978190657447854,-0.9019267788874382,-1.3850567120635418,2015-01-12,Fire,-0.8238649762007128,1.2296926501022896,-1.3386995878348875,0.7022319976279289,-0.40810283143908316,0.0042936285920595,0.8144221538016264,0,-1.4147801864822238,-0.9285458485845719,-1.3385668981870218,0.5457165052879057,-1.23638377514092,2.11865766535986,-0.7525478016127732,-0.18525772913946104,0.5885544318738691,0.846356037103883,0.8830942100667314,-0.6299623058706817
1.6486853440412117,2012-04-27,100/300,1.4188258923848136,0.25009185095189607,-0.48054771093571935,0.34366482615250465,-1.9297337359535593,2015-01-18,Ambulance,1.1400563019893057,0.009759465477002306,0.461837853772224,-0.42110633136111286,-0.4184714030566576,-0.869265106547467,0.8144221538016264,1,0.9971218684273209,1.0769527444706675,1.0119672581156953,0.5457165052879057,-1.23638377514092,0.877629967425337,-0.47991642324066014,0.7570369184318504,0.3406724586011453,0.3743247189079271,0.8830942100667314,1.6152057698578444
0.33315744135522607,2007-03-04,250/500,-0.2195411888909527,1.3586913864296328,-0.48054771093571935,-0.9019267788874382,-0.9614190268157503,2015-01-15,Other,1.1400563019893057,0.009759465477002306,-0.4384308670313317,1.9444637993931828,0.2202326085859284,1.1278946457120933,0.3154908772231269,0,0.298041334358157,1.0769527444706675,0.2918125783627955,0.7578206403856677,0.6889613292451924,-0.18218099784304848,-0.8986003257406907,1.4777448606394794,0.3406724586011453,0.846356037103883,-1.2086686625349987,-0.5342117343357785
-0.434233835211599,2012-12-31,250/500,-1.038724729528836,-1.4643916859691775,2.133492421080886,-0.9019267788874382,-0.8225797854320204,2015-02-24,Other,-0.8238649762007128,0.009759465477002306,1.3621065745757797,-0.09517422495735806,-0.08875082561779016,0.9446009390060435,0.4818013027492934,0,-1.4147801864822238,1.0769527444706675,-1.3385668981870218,0.7578206403856677,0.8595723265323993,0.877629967425337,-0.8986003257406907,-1.0702878146273995,0.5885544318738691,0.3743247189079271,0.8830942100667314,-0.5342117343357785
-0.6534884856592632,2013-12-21,100/300,-0.2195411888909527,2.0003459260759886,0.8264723550725834,-0.9019267788874382,0.9538505081700629,2015-02-07,Ambulance,1.1400563019893057,-1.2101737191482849,-0.4384308670313317,-0.7777867496897501,-0.02446568158882858,-0.6594838699706007,-1.1813029525123715,0,0.298041334358157,1.0769527444706675,-1.3385668981870218,0.5457165052879057,0.6889613292451924,-0.6148153417848631,-0.47991642324066014,-0.18525772913946104,0.3406724586011453,0.846356037103883,-1.2086686625349987,-0.5342117343357785
0.0042754656837296155,2005-04-28,250/500,-0.2195411888909527,0.014588800695552104,-0.48054771093571935,-0.9019267788874382,-1.0005788128470587,2015-02-22,Police,1.1400563019893057,-1.2101737191482849,0.461837853772224,-0.5625485662155725,-0.561557691379185,-0.5185702110578572,0.8144221538016264,0,-1.4147801864822238,-0.9285458485845719,-1.3385668981870218,0.7578206403856677,0.6889613292451924,-1.3569835982093803,-0.10897717628887865,-1.0702878146273995,0.3406724586011453,0.08671477239350854,0.8830942100667314,-0.6299623058706817
-0.6534884856592632,1994-09-17,500/1000,1.4188258923848136,-0.9675421920299971,-0.48054771093571935,1.5928460323597096,-0.7442602133694034,2015-01-19,Ambulance,1.1400563019893057,1.2296926501022896,1.3621065745757797,1.423792384131839,1.4478714881067432,0.6569463646089768,1.4796638559062922,0,0.9971218684273209,-0.9285458485845719,-1.3385668981870218,-1.5215003504028333,-1.305159096390018,-1.360764497328115,-0.10897717628887865,0.7570369184318504,0.3406724586011453,0.08671477239350854,-0.4966602910963925,1.6152057698578444
1.6486853440412117,2003-08-16,250/500,1.4188258923848136,0.11521395002124628,-0.48054771093571935,0.8210817813983617,-1.8798940082773485,2015-02-28,Other,-0.8238649762007128,-1.2101737191482849,0.461837853772224,0.01961947289553672,1.5888840621057556,0.3841248069395674,1.3133534303801258,1,-1.4147801864822238,1.0769527444706675,-1.3385668981870218,0.7578206403856677,0.6889613292451924,0.9577113773675267,0.20499583030558555,0.36704713820288415,0.5885544318738691,0.846356037103883,-0.4966602910963925,1.6152057698578444
-0.7631158108830954,2014-09-02,100/300,-1.038724729528836,1.1488676445621533,0.8264723550725834,-0.9019267788874382,0.9538505081700629,2015-02-04,Other,-0.8238649762007128,0.009759465477002306,-1.3386995878348875,0.4193475279190096,-0.5511891197616106,-0.2515759099600274,-0.1834403993553725,1,0.298041334358157,1.0769527444706675,-1.3385668981870218,0.5457165052879057,0.6889613292451924,0.6116045429450133,3.3337478190965757,0.7570369184318504,0.5885544318738691,0.08671477239350854,3.415890619557508,-0.5342117343357785
0.11390279090756175,2011-12-12,100/300,-0.2195411888909527,-0.9622914708258844,-0.48054771093571935,0.8928738047436034,-1.071778423813074,2015-02-17,Other,-0.8238649762007128,-1.2101737191482849,0.461837853772224,-0.06647580049413436,1.4146920589305048,0.6272803311536624,0.4818013027492934,0,0.9971218684273209,1.0769527444706675,0.2918125783627955,0.5457165052879057,1.0750375053644652,-1.360764497328115,-0.12958907625083857,-1.2987279697173422,0.5885544318738691,0.3743247189079271,0.8830942100667314,-0.5342117343357785
0.7716667422505546,1991-08-17,100/300,1.4188258923848136,1.2382529688102935,-0.48054771093571935,0.9323594175834863,-1.719694883603814,2015-02-17,Police,-0.8238649762007128,1.2296926501022896,0.461837853772224,1.321298011048897,-0.09497196858833483,0.5642400100611192,1.1470430048539593,0,0.298041334358157,1.0769527444706675,1.0119672581156953,0.5457165052879057,0.9491431001081818,-1.360764497328115,-0.7525478016127732,0.7570369184318504,0.5885544318738691,0.3743247189079271,-0.4966602910963925,-0.6299623058706817
0.0042754656837296155,2004-02-29,500/1000,-1.038724729528836,2.054617052271623,-0.48054771093571935,1.6610484545376893,0.9538505081700629,2015-01-17,Other,1.1400563019893057,1.2296926501022896,-0.4384308670313317,-0.4990020549041486,0.5395846144072214,0.10971399747790897,-1.5139238035647045,1,0.9971218684273209,1.0769527444706675,0.2918125783627955,-1.5215003504028333,-1.23638377514092,0.779381941338854,0.20499583030558555,0.36704713820288415,0.3406724586011453,0.846356037103883,0.8830942100667314,1.6152057698578444
1.4294306935935475,2015-02-22,250/500,-0.2195411888909527,-1.162967471845573,-0.48054771093571935,0.9072322094126517,0.9538505081700629,2015-02-02,Police,0.15809566289429652,0.009759465477002306,1.3621065745757797,0.08726575913027829,0.09580974917503503,-0.13556052912585134,-0.349750824881539,0,-1.4147801864822238,1.0769527444706675,0.2918125783627955,0.7578206403856677,1.0750375053644652,-0.18218099784304848,0.17037985085513224,0.36704713820288415,0.3406724586011453,0.846356037103883,-1.2086686625349987,-0.5342117343357785
-0.5438611604354311,2013-12-25,500/1000,-1.038724729528836,0.7129347208425638,-0.48054771093571935,-0.9019267788874382,0.9538505081700629,2015-02-12,Fire,-0.8238649762007128,1.2296926501022896,1.3621065745757797,-0.207918035348594,2.459844077982009,0.031310909060292276,0.3154908772231269,1,0.298041334358157,1.0769527444706675,1.0119672581156953,-1.5215003504028333,1.0750375053644652,-0.18218099784304848,-0.8986003257406907,-0.18525772913946104,0.5885544318738691,0.08671477239350854,-0.4966602910963925,1.6152057698578444
0.6620394170267224,1990-10-13,500/1000,-1.038724729528836,-0.26554537979575077,-0.48054771093571935,-0.9019267788874382,-0.47726167224684585,2015-01-04,Other,-0.8238649762007128,1.2296926501022896,-1.3386995878348875,0.9851164673368481,1.0040966228745567,0.2601631671441464,0.14918045169696045,0,-1.4147801864822238,1.0769527444706675,-1.3385668981870218,-1.5215003504028333,-1.23638377514092,0.5115267965346528,0.10538658331550528,-1.0702878146273995,0.5885544318738691,0.3743247189079271,1.1294749572214562,-0.5342117343357785
-0.8727431361069276,2014-07-05,250/500,-1.038724729528836,-0.38220984154963383,-0.48054771093571935,0.45135286117036716,0.9538505081700629,2015-02-21,Other,2.1220169410843153,1.2296926501022896,-1.3386995878348875,-0.10542366226565222,1.335890914636939,0.9234109151093903,-1.014992526986205,0,0.9971218684273209,1.0769527444706675,0.2918125783627955,0.7578206403856677,-0.703459734131903,-0.4323437137277715,-0.47991642324066014,-1.2987279697173422,0.3406724586011453,0.08671477239350854,1.1294749572214562,1.6152057698578444
-1.201625111778424,1991-11-25,500/1000,-0.2195411888909527,-1.0413394377034273,-0.48054771093571935,-0.9019267788874382,-0.41674200292573277,2015-01-23,Ambulance,0.15809566289429652,1.2296926501022896,-0.4384308670313317,1.1573070141161903,1.1782886260498073,1.1088236242051055,0.8144221538016264,0,0.298041334358157,-0.9285458485845719,0.2918125783627955,-1.5215003504028333,0.6889613292451924,0.9577113773675267,-0.47991642324066014,1.4777448606394794,0.3406724586011453,0.3743247189079271,0.8830942100667314,-0.6299623058706817
0.2235301161313939,1990-10-02,250/500,1.4188258923848136,-0.4244207174795723,2.133492421080886,-0.9019267788874382,-1.075338404361375,2015-02-12,Fire,1.1400563019893057,-1.2101737191482849,-0.4384308670313317,1.0138148918000718,1.033128623403765,0.28612094641754654,0.6481117282754599,0,0.9971218684273209,1.0769527444706675,-1.3385668981870218,0.7578206403856677,-1.305159096390018,-0.4323437137277715,0.17037985085513224,-0.18525772913946104,0.3406724586011453,0.846356037103883,-0.4966602910963925,-0.6299623058706817
-1.311252437002256,2009-02-17,100/300,-0.2195411888909527,1.5345905467674135,-0.48054771093571935,-0.9019267788874382,0.9538505081700629,2015-01-23,Police,-0.8238649762007128,0.009759465477002306,0.461837853772224,-1.3866033258024242,-1.3951908494321705,-1.7608353619991486,0.3154908772231269,0,0.298041334358157,-0.9285458485845719,1.0119672581156953,0.5457165052879057,-1.23638377514092,-1.360764497328115,-0.3109737959160864,0.7570369184318504,-2.061745637196139,-2.057009655154806,-1.2086686625349987,-0.8134538954280631
-0.434233835211599,2005-07-17,500/1000,-0.2195411888909527,-0.018556376905410087,-0.48054771093571935,-0.9019267788874382,-1.0326186377817657,2015-02-10,Police,-0.8238649762007128,0.009759465477002306,1.3621065745757797,-1.314857264644365,-1.428370278608409,-1.8201674289097776,-0.8486821014600384,0,0.298041334358157,1.0769527444706675,1.0119672581156953,-1.5215003504028333,0.9491431001081818,-0.18218099784304848,0.31597797632307734,0.7570369184318504,-2.199388964623129,-2.057009655154806,3.415890619557508,-0.6299623058706817
-0.9823704613307597,1994-03-12,100/300,-0.2195411888909527,1.723944680190734,-0.48054771093571935,0.5375032891846572,0.9538505081700629,2015-01-10,Police,-0.8238649762007128,0.009759465477002306,1.3621065745757797,-1.4194015251889656,-1.428370278608409,-1.8201674289097776,1.3133534303801258,0,-1.4147801864822238,1.0769527444706675,0.2918125783627955,0.5457165052879057,0.8595723265323993,0.5115267965346528,0.31597797632307734,-1.0702878146273995,-2.199388964623129,-2.057009655154806,-1.2086686625349987,-0.8134538954280631
2.1968219701603724,1994-08-03,250/500,-0.2195411888909527,-1.1374112272349297,-0.48054771093571935,0.9538970245870588,0.9538505081700629,2015-02-12,Other,0.15809566289429652,0.009759465477002306,0.461837853772224,-0.0398272634925695,1.468608631341892,0.6754876355185483,-1.014992526986205,1,0.298041334358157,-0.9285458485845719,1.0119672581156953,0.7578206403856677,0.6889613292451924,2.11865766535986,0.31597797632307734,0.36704713820288415,0.3406724586011453,0.3743247189079271,0.8830942100667314,1.6152057698578444
2.7449585962795333,2012-08-25,250/500,-1.038724729528836,-1.0984000095387474,-0.48054771093571935,-0.9019267788874382,0.9538505081700629,2015-02-21,Fire,-0.8238649762007128,1.2296926501022896,1.3621065745757797,1.3827946348986622,-0.06386625373561149,0.6198638227898338,-0.5160612504077055,0,0.298041334358157,1.0769527444706675,-1.3385668981870218,0.7578206403856677,-1.305159096390018,-1.360764497328115,-0.12958907625083857,0.36704713820288415,0.5885544318738691,0.3743247189079271,-0.4966602910963925,1.6152057698578444
-1.5305070874499205,2011-12-02,500/1000,-0.2195411888909527,0.5449936848297661,-0.48054771093571935,-0.9019267788874382,0.9538505081700629,2015-01-18,Other,0.15809566289429652,1.2296926501022896,1.3621065745757797,-0.18946904819366447,-0.18414168449947507,0.7496527191568344,0.9807325793277929,0,-1.4147801864822238,-0.9285458485845719,1.0119672581156953,-1.5215003504028333,-0.703459734131903,-1.360764497328115,-0.09343897477909328,-1.2987279697173422,0.3406724586011453,0.08671477239350854,-1.2086686625349987,-0.5342117343357785
0.11390279090756175,2005-02-25,100/300,-1.038724729528836,-0.09497898318089706,-0.48054771093571935,-0.9019267788874382,0.9538505081700629,2015-02-28,Ambulance,1.1400563019893057,1.2296926501022896,-0.4384308670313317,-1.523945785733566,1.427134344871594,0.6384050936994053,-1.014992526986205,0,-1.4147801864822238,-0.9285458485845719,1.0119672581156953,0.5457165052879057,0.8595723265323993,-0.7554705550788714,3.3337478190965757,-1.2987279697173422,0.3406724586011453,0.08671477239350854,0.3577497546299348,-0.5342117343357785
0.4427847665790582,1997-11-07,500/1000,-1.038724729528836,0.26001899572842224,-0.48054771093571935,-0.9019267788874382,0.9538505081700629,2015-01-19,Ambulance,-0.8238649762007128,1.2296926501022896,-0.4384308670313317,-0.033677601107593,2.988641230478306,0.6866123980642912,-1.5139238035647045,1,0.9971218684273209,-0.9285458485845719,1.0119672581156953,-1.5215003504028333,-0.703459734131903,-0.010873920661118891,0.31597797632307734,0.36704713820288415,0.5885544318738691,0.846356037103883,-1.2086686625349987,1.6152057698578444
0.2235301161313939,2004-04-20,100/300,-0.2195411888909527,0.7305328411282233,-0.48054771093571935,0.4118672483304842,0.9538505081700629,2015-01-11,Police,-0.8238649762007128,1.2296926501022896,-1.3386995878348875,-0.23456657235015885,-0.22976339961680264,0.32320348823668954,-1.680234229090871,0,0.9971218684273209,-0.9285458485845719,-1.3385668981870218,0.5457165052879057,0.8595723265323993,-0.18218099784304848,-0.49673854432325054,0.36704713820288415,0.5885544318738691,0.846356037103883,0.8830942100667314,-0.5342117343357785
-0.9823704613307597,2009-11-17,500/1000,-1.038724729528836,0.7857064350308156,-0.48054771093571935,1.2015795051281426,0.9538505081700629,2015-02-11,Fire,-0.8238649762007128,0.009759465477002306,-0.4384308670313317,0.05241767228207808,0.0605566056752819,1.6571154925310059,-0.8486821014600384,1,0.9971218684273209,-0.9285458485845719,0.2918125783627955,-1.5215003504028333,0.6889613292451924,0.877629967425337,0.17037985085513224,0.7570369184318504,0.5885544318738691,0.08671477239350854,-0.3588522192050495,1.6152057698578444
-0.10535185954010252,2009-09-19,250/500,-1.038724729528836,1.954894370652886,-0.48054771093571935,-0.9019267788874382,-0.6054209719856735,2015-01-09,Fire,1.1400563019893057,1.2296926501022896,-0.4384308670313317,-0.002929289182710468,1.543262346988428,0.3491612675100897,-1.5139238035647045,0,-1.4147801864822238,1.0769527444706675,-1.3385668981870218,0.7578206403856677,-1.23638377514092,0.5115267965346528,-0.2986569288656468,0.7570369184318504,0.3406724586011453,0.08671477239350854,0.8830942100667314,1.6152057698578444
-0.3246065099877668,2009-11-08,100/300,-1.038724729528836,1.1324591407993005,-0.48054771093571935,-0.9019267788874382,-0.07142388974055829,2015-01-20,Police,-0.8238649762007128,0.009759465477002306,0.461837853772224,-1.523945785733566,-0.18621539882298996,0.7454147143775037,-0.6823716759338719,0,-1.4147801864822238,1.0769527444706675,0.2918125783627955,0.5457165052879057,0.6889613292451924,0.9577113773675267,-0.3109737959160864,-1.0702878146273995,0.5885544318738691,0.846356037103883,1.1294749572214562,1.6152057698578444
0.2235301161313939,2001-09-12,100/300,-1.038724729528836,-0.6162771477267276,-0.48054771093571935,0.7313417522168096,-1.2711373345179173,2015-02-26,Police,-0.8238649762007128,1.2296926501022896,-1.3386995878348875,-1.4214514126506244,-1.4304439929319237,-1.7973881532208753,-0.349750824881539,0,0.298041334358157,-0.9285458485845719,1.0119672581156953,0.5457165052879057,0.8595723265323993,-0.6148153417848631,-0.7939293501156832,1.4777448606394794,-2.061745637196139,-2.057009655154806,-1.2086686625349987,-0.8134538954280631
-1.0919977865545918,1992-11-27,100/300,-1.038724729528836,-1.0719002759617402,1.6978190657447854,-0.9019267788874382,0.9538505081700629,2015-02-02,Police,-0.8238649762007128,1.2296926501022896,-0.4384308670313317,-1.4214514126506244,-1.3267582767561792,-1.8238756830916918,0.4818013027492934,1,0.9971218684273209,-0.9285458485845719,1.0119672581156953,0.5457165052879057,0.6889613292451924,-1.360764497328115,3.3337478190965757,-0.18525772913946104,-2.061745637196139,-2.057009655154806,0.3577497546299348,-0.8134538954280631
0.2235301161313939,1998-12-07,250/500,-0.2195411888909527,0.17165920296545958,2.133492421080886,1.657458853370427,-1.5488158172853772,2015-01-04,Ambulance,1.1400563019893057,0.009759465477002306,1.3621065745757797,-0.2837638714299709,0.9750646223453482,-0.08629372356613275,0.3154908772231269,0,-1.4147801864822238,-0.9285458485845719,1.0119672581156953,0.7578206403856677,-1.23638377514092,0.5115267965346528,-0.8986003257406907,1.4777448606394794,0.3406724586011453,0.3743247189079271,-0.4966602910963925,1.6152057698578444
-0.10535185954010252,1990-08-25,250/500,-0.2195411888909527,0.08092017715688452,1.6978190657447854,-0.9019267788874382,0.9538505081700629,2015-02-19,Police,1.1400563019893057,0.009759465477002306,1.3621065745757797,-0.11362321211228757,-0.10741425452942416,0.5419904849696334,-0.349750824881539,0,0.9971218684273209,-0.9285458485845719,-1.3385668981870218,0.7578206403856677,-1.305159096390018,-0.7554705550788714,-0.49673854432325054,1.4777448606394794,0.3406724586011453,0.3743247189079271,-1.2086686625349987,1.6152057698578444
-1.0919977865545918,2011-10-22,250/500,1.4188258923848136,-0.22448309912921188,-0.48054771093571935,-0.9019267788874382,-1.2319775484866087,2015-01-12,Ambulance,-0.8238649762007128,0.009759465477002306,0.461837853772224,-0.6281449649886552,-0.6279165497316614,-0.15728030361992085,0.3154908772231269,1,0.298041334358157,1.0769527444706675,1.0119672581156953,0.7578206403856677,-1.23638377514092,2.11865766535986,2.854601800241727,1.4777448606394794,0.5885544318738691,0.08671477239350854,-0.3588522192050495,-0.6299623058706817
-0.8727431361069276,1990-02-01,100/300,-1.038724729528836,-2.400086613045854,-0.48054771093571935,-0.9019267788874382,0.01401564341866015,2015-01-24,Other,-0.8238649762007128,1.2296926501022896,-1.3386995878348875,-0.06442591303247552,-0.057645110765066815,0.6309885853355767,-1.347613378038538,0,0.9971218684273209,1.0769527444706675,1.0119672581156953,0.5457165052879057,-1.305159096390018,-0.18218099784304848,-0.49673854432325054,0.7570369184318504,0.5885544318738691,0.3743247189079271,1.1294749572214562,-0.6299623058706817
-0.434233835211599,1990-11-27,250/500,-0.2195411888909527,0.41442301613686583,-0.48054771093571935,1.226706713298977,-0.16398338399637824,2015-02-17,Other,-0.8238649762007128,1.2296926501022896,-0.4384308670313317,0.525941675925269,0.5395846144072214,-0.1551613012302555,0.4818013027492934,1,0.9971218684273209,1.0769527444706675,-1.3385668981870218,0.7578206403856677,0.6889613292451924,0.5115267965346528,3.3337478190965757,-1.0702878146273995,0.5885544318738691,0.846356037103883,0.8830942100667314,-0.5342117343357785
-1.311252437002256,2004-07-16,250/500,-0.2195411888909527,-1.018203447397805,1.2621457104086844,0.74928975805312,0.9538505081700629,2015-01-13,Police,-0.8238649762007128,1.2296926501022896,1.3621065745757797,-1.523945785733566,-1.4200754213143494,-1.8053344121821202,-0.8486821014600384,0,0.9971218684273209,-0.9285458485845719,-1.3385668981870218,0.7578206403856677,-1.305159096390018,-1.3569835982093803,-0.2705744719906447,-1.0702878146273995,-2.199388964623129,-2.057009655154806,-1.2086686625349987,-0.8134538954280631
-1.311252437002256,1993-12-10,100/300,-0.2195411888909527,-0.4754511641820445,-0.48054771093571935,-0.9019267788874382,0.9538505081700629,2015-02-28,Police,0.15809566289429652,-1.2101737191482849,-0.4384308670313317,-0.3001629711232416,0.94188519316911,0.8370615677305286,0.4818013027492934,0,-1.4147801864822238,1.0769527444706675,1.0119672581156953,0.5457165052879057,0.6889613292451924,-0.010873920661118891,-0.47991642324066014,1.4777448606394794,0.3406724586011453,0.08671477239350854,0.8830942100667314,-0.6299623058706817
0.5524120918028903,1995-03-08,100/300,-0.2195411888909527,0.5742828640464586,-0.48054771093571935,-0.9019267788874382,0.9538505081700629,2015-01-03,Other,-0.8238649762007128,0.009759465477002306,-1.3386995878348875,-0.11772298703560524,-0.11156168317645394,0.5345739766058049,-1.347613378038538,0,0.298041334358157,1.0769527444706675,-1.3385668981870218,0.5457165052879057,-1.23638377514092,-0.18218099784304848,0.14810943050938574,0.36704713820288415,0.5885544318738691,0.846356037103883,-0.4966602910963925,-0.6299623058706817
-1.311252437002256,2009-08-03,500/1000,-0.2195411888909527,1.6722578933377485,-0.48054771093571935,-0.9019267788874382,-1.4028566148050456,2015-02-05,Ambulance,-0.8238649762007128,-1.2101737191482849,1.3621065745757797,-0.34526049527973596,-0.3417439730866067,0.42756435592770636,0.8144221538016264,0,0.9971218684273209,-0.9285458485845719,1.0119672581156953,-1.5215003504028333,-0.703459734131903,-1.360764497328115,-0.7939293501156832,-1.0702878146273995,0.5885544318738691,0.08671477239350854,0.8830942100667314,-0.5342117343357785
0.0042754656837296155,1996-11-03,250/500,-0.2195411888909527,-0.4332402882521051,1.2621457104086844,-0.9019267788874382,-1.320977062194128,2015-01-01,Police,-0.8238649762007128,-1.2101737191482849,-1.3386995878348875,-1.3456055765692476,-1.1733034168160774,-1.6866702783608627,-0.349750824881539,0,0.9971218684273209,-0.9285458485845719,0.2918125783627955,0.7578206403856677,-1.305159096390018,2.11865766535986,0.14810943050938574,0.7570369184318504,-2.061745637196139,-2.057009655154806,-0.4966602910963925,-0.6299623058706817
0.7716667422505546,2004-08-09,100/300,1.4188258923848136,1.1855406504721293,-0.48054771093571935,-0.9019267788874382,0.9538505081700629,2015-01-06,Police,2.1220169410843153,1.2296926501022896,-0.4384308670313317,1.6369806801443576,0.06470403432231167,0.8497755820685206,-1.5139238035647045,0,0.9971218684273209,-0.9285458485845719,-1.3385668981870218,0.5457165052879057,0.9491431001081818,-1.3569835982093803,0.17037985085513224,0.7570369184318504,0.3406724586011453,0.3743247189079271,-0.3588522192050495,-0.5342117343357785
1.9775673197127082,1991-07-20,250/500,-1.038724729528836,-0.7930787757714652,-0.48054771093571935,-0.9019267788874382,0.9538505081700629,2015-02-03,Police,-0.8238649762007128,1.2296926501022896,-1.3386995878348875,-0.17102006103873496,-0.16547825558784107,0.43815936787603293,-1.680234229090871,0,-1.4147801864822238,1.0769527444706675,-1.3385668981870218,0.7578206403856677,-1.305159096390018,-1.360764497328115,-0.7525478016127732,0.7570369184318504,0.5885544318738691,0.3743247189079271,-0.4966602910963925,-0.6299623058706817
0.7716667422505546,2005-01-14,100/300,-0.2195411888909527,-2.247405485532509,-0.48054771093571935,-0.9019267788874382,0.9538505081700629,2015-02-12,Fire,1.1400563019893057,0.009759465477002306,-1.3386995878348875,0.5218419010019514,-0.4993462616737383,0.10547599269857834,0.14918045169696045,0,0.298041334358157,1.0769527444706675,-1.3385668981870218,0.5457165052879057,-1.305159096390018,-0.18218099784304848,-0.8889085687383753,-1.2987279697173422,0.3406724586011453,0.846356037103883,-0.4966602910963925,-0.6299623058706817
-0.9823704613307597,2011-12-16,250/500,-1.038724729528836,-0.8920220534614677,-0.48054771093571935,1.09389147011028,-1.1714578791654957,2015-02-16,Other,1.1400563019893057,1.2296926501022896,-0.4384308670313317,-0.1443715240371701,1.2570897703433732,0.8428888243021083,-0.017129973829206037,0,0.9971218684273209,1.0769527444706675,1.0119672581156953,0.7578206403856677,0.9491431001081818,2.11865766535986,-0.8889085687383753,-0.18525772913946104,0.3406724586011453,0.3743247189079271,-1.2086686625349987,-0.6299623058706817
0.33315744135522607,1996-07-07,250/500,-1.038724729528836,0.33795938860197267,-0.48054771093571935,-0.9019267788874382,0.9538505081700629,2015-02-25,Other,-0.8238649762007128,0.009759465477002306,0.461837853772224,0.7678283964010115,0.7842829045819784,0.06362569550268835,-1.1813029525123715,0,-1.4147801864822238,-0.9285458485845719,1.0119672581156953,0.7578206403856677,-0.703459734131903,-1.3569835982093803,3.3337478190965757,0.36704713820288415,0.5885544318738691,0.846356037103883,-0.4966602910963925,-0.5342117343357785
-1.311252437002256,1992-08-05,250/500,-0.2195411888909527,-0.2225550999370766,-0.48054771093571935,1.176452296957308,-2.253691965848929,2015-01-21,Police,1.1400563019893057,-1.2101737191482849,0.461837853772224,-0.16487039865375844,1.2156154838730755,1.151733422595828,-0.349750824881539,0,-1.4147801864822238,1.0769527444706675,-1.3385668981870218,0.7578206403856677,-1.23638377514092,-0.7554705550788714,0.20499583030558555,0.36704713820288415,0.3406724586011453,0.3743247189079271,0.8830942100667314,-0.6299623058706817
-0.6534884856592632,1990-10-09,100/300,1.4188258923848136,-0.7212915718089846,-0.48054771093571935,-0.9019267788874382,-1.3672568093220379,2015-01-28,Police,-0.8238649762007128,-1.2101737191482849,-0.4384308670313317,-1.4235013001122834,-1.4325177072554387,-1.801626158000206,0.8144221538016264,0,0.298041334358157,1.0769527444706675,1.0119672581156953,0.5457165052879057,0.9491431001081818,0.5115267965346528,0.31597797632307734,0.7570369184318504,-2.061745637196139,-2.057009655154806,-0.4966602910963925,-0.6299623058706817
-0.5438611604354311,1994-02-27,250/500,-1.038724729528836,-1.0895804387662142,-0.48054771093571935,0.7349313533840718,-1.2319775484866087,2015-02-27,Other,1.1400563019893057,0.009759465477002306,-1.3386995878348875,1.3745950850520268,1.3981023443423857,0.6124473144260052,-0.8486821014600384,0,0.298041334358157,1.0769527444706675,1.0119672581156953,0.7578206403856677,-1.23638377514092,0.6116045429450133,-0.10897717628887865,1.4777448606394794,0.3406724586011453,0.08671477239350854,-1.2086686625349987,-0.5342117343357785
0.4427847665790582,2007-05-06,500/1000,-1.038724729528836,-1.1198131069492705,-0.48054771093571935,1.818990905897221,0.9538505081700629,2015-02-10,Fire,0.15809566289429652,1.2296926501022896,0.461837853772224,0.007320148125583708,1.563999490223577,0.7607774817025773,0.3154908772231269,1,0.9971218684273209,-0.9285458485845719,1.0119672581156953,-1.5215003504028333,0.6889613292451924,0.779381941338854,0.20499583030558555,-0.18525772913946104,0.3406724586011453,0.08671477239350854,0.8830942100667314,1.6152057698578444
-1.4208797622260882,2014-04-21,100/300,-1.038724729528836,0.4012962131265835,-0.48054771093571935,1.477978795007323,0.9538505081700629,2015-01-18,Police,0.15809566289429652,1.2296926501022896,0.461837853772224,-0.6916914763000791,-0.692201693760623,-0.28865845177917043,0.8144221538016264,0,0.9971218684273209,1.0769527444706675,-1.3385668981870218,0.5457165052879057,0.9491431001081818,0.6116045429450133,-0.2986569288656468,-1.2987279697173422,0.3406724586011453,0.3743247189079271,-0.4966602910963925,-0.6299623058706817
-1.201625111778424,2010-02-11,100/300,-0.2195411888909527,-1.7503508852962935,-0.48054771093571935,-0.9019267788874382,-0.20670315057598745,2015-01-13,Ambulance,-0.8238649762007128,0.009759465477002306,-1.3386995878348875,0.5382410006952221,0.5520269003483107,-0.6769656396853396,0.14918045169696045,0,0.9971218684273209,1.0769527444706675,1.0119672581156953,0.5457165052879057,0.6889613292451924,0.9577113773675267,-0.2705744719906447,-1.2987279697173422,0.5885544318738691,0.846356037103883,0.8830942100667314,-0.5342117343357785
-0.3246065099877668,2000-06-04,100/300,1.4188258923848136,-1.1058658787508457,2.569165776416987,-0.9019267788874382,0.9538505081700629,2015-01-31,Ambulance,1.1400563019893057,-1.2101737191482849,1.3621065745757797,-0.6465939521435847,0.2409697518210773,-0.19542234663389652,0.14918045169696045,0,0.9971218684273209,-0.9285458485845719,-1.3385668981870218,0.5457165052879057,-0.703459734131903,-0.18218099784304848,-0.8889085687383753,-1.0702878146273995,0.3406724586011453,0.3743247189079271,-0.4966602910963925,-0.6299623058706817
1.9775673197127082,1991-10-05,500/1000,-1.038724729528836,-0.5649185309489987,-0.48054771093571935,-0.9019267788874382,0.9538505081700629,2015-01-15,Police,-0.8238649762007128,-1.2101737191482849,-1.3386995878348875,-0.6896415888384203,-0.6901279794371081,-0.2844204469998398,-0.8486821014600384,1,0.298041334358157,-0.9285458485845719,1.0119672581156953,-1.5215003504028333,0.9491431001081818,-0.18218099784304848,3.3337478190965757,-1.2987279697173422,0.5885544318738691,0.08671477239350854,0.8830942100667314,-0.6299623058706817
-1.311252437002256,2004-01-03,100/300,-1.038724729528836,-0.8557592601455626,-0.48054771093571935,-0.9019267788874382,0.9538505081700629,2015-02-13,Police,-0.8238649762007128,1.2296926501022896,-0.4384308670313317,-0.23251668488850002,-0.880909697200478,-0.674316886698258,-1.5139238035647045,0,-1.4147801864822238,-0.9285458485845719,1.0119672581156953,0.5457165052879057,-1.305159096390018,0.779381941338854,0.17037985085513224,-1.0702878146273995,0.5885544318738691,0.08671477239350854,-0.4966602910963925,-0.6299623058706817
-1.201625111778424,1992-07-23,500/1000,-0.2195411888909527,-0.7487758156117631,-0.48054771093571935,-0.9019267788874382,0.9538505081700629,2015-02-13,Police,-0.8238649762007128,1.2296926501022896,-1.3386995878348875,-1.4419502872672127,-1.4511811361670726,-1.882148248807488,1.1470430048539593,0,0.9971218684273209,1.0769527444706675,1.0119672581156953,-1.5215003504028333,0.9491431001081818,-0.4323437137277715,-0.8986003257406907,0.7570369184318504,-2.061745637196139,-2.057009655154806,-1.2086686625349987,-0.8134538954280631
0.33315744135522607,1993-10-10,500/1000,-0.2195411888909527,-0.10765455233770045,-0.48054771093571935,-0.9019267788874382,-1.687655058669107,2015-01-03,Fire,-0.8238649762007128,0.009759465477002306,-0.4384308670313317,-0.05212658826252251,1.4437240594597134,1.0335990393719867,-1.347613378038538,1,0.298041334358157,1.0769527444706675,1.0119672581156953,-1.5215003504028333,-1.23638377514092,-0.18218099784304848,0.31597797632307734,-0.18525772913946104,0.5885544318738691,0.846356037103883,-0.3588522192050495,1.6152057698578444
-0.8727431361069276,2002-07-09,500/1000,-1.038724729528836,-0.008136977015998761,-0.48054771093571935,1.1872211004590942,0.9538505081700629,2015-01-13,Police,-0.8238649762007128,0.009759465477002306,-1.3386995878348875,-1.4091520878806714,-1.3018737048740006,-1.7719601245448915,-1.5139238035647045,0,0.298041334358157,1.0769527444706675,0.2918125783627955,-1.5215003504028333,-0.703459734131903,0.5115267965346528,0.14810943050938574,0.36704713820288415,-2.061745637196139,-2.057009655154806,0.8830942100667314,-0.6299623058706817
2.3064492953842044,2010-11-14,100/300,-0.2195411888909527,1.2245518681683116,-0.48054771093571935,0.6631393300388301,-1.459816303577858,2015-02-14,Ambulance,-0.8238649762007128,0.009759465477002306,-0.4384308670313317,1.6533797798376284,0.07299889161637124,1.2751653117938326,-1.014992526986205,0,0.298041334358157,-0.9285458485845719,0.2918125783627955,0.5457165052879057,0.9491431001081818,-0.18218099784304848,-0.09343897477909328,-1.0702878146273995,0.5885544318738691,0.3743247189079271,1.1294749572214562,1.6152057698578444
1.2101760431458832,1997-03-03,100/300,1.4188258923848136,-1.7265585548401567,1.6978190657447854,-0.9019267788874382,0.9538505081700629,2015-01-20,Fire,2.1220169410843153,0.009759465477002306,0.461837853772224,0.9646175927202597,-0.27538511473413024,0.8847391214979983,0.8144221538016264,0,0.298041334358157,1.0769527444706675,0.2918125783627955,0.5457165052879057,-1.305159096390018,0.5115267965346528,-0.8986003257406907,0.36704713820288415,0.3406724586011453,0.08671477239350854,0.8830942100667314,1.6152057698578444
0.11390279090756175,1997-03-01,100/300,-1.038724729528836,0.795715622326156,-0.48054771093571935,0.6667289312060921,0.9538505081700629,2015-01-18,Police,-0.8238649762007128,-1.2101737191482849,0.461837853772224,-1.2984581649510942,-1.3060211335210303,-1.8053344121821202,0.8144221538016264,0,0.298041334358157,1.0769527444706675,1.0119672581156953,0.5457165052879057,-0.703459734131903,2.11865766535986,0.10538658331550528,-1.2987279697173422,-2.061745637196139,-2.057009655154806,-1.2086686625349987,-0.8134538954280631
0.0042754656837296155,1990-08-18,250/500,1.4188258923848136,-2.592230192108859,-0.48054771093571935,0.6846769370424026,-0.36334229470122126,2015-01-03,Fire,-0.8238649762007128,1.2296926501022896,1.3621065745757797,1.7517743779972523,0.12276803538072859,1.376877426497768,1.4796638559062922,1,-1.4147801864822238,-0.9285458485845719,-1.3385668981870218,0.7578206403856677,0.6889613292451924,-0.4323437137277715,-0.09343897477909328,0.7570369184318504,0.5885544318738691,0.3743247189079271,0.8830942100667314,1.6152057698578444
0.8812940674743868,2014-05-28,100/300,1.4188258923848136,-0.5075708102978284,-0.48054771093571935,-0.9019267788874382,-1.0539785210715702,2015-03-01,Other,0.15809566289429652,-1.2101737191482849,0.461837853772224,0.7309304220911526,-0.39358683117447896,0.32161423644444054,-1.014992526986205,1,-1.4147801864822238,-0.9285458485845719,1.0119672581156953,0.5457165052879057,-1.23638377514092,0.877629967425337,3.3337478190965757,0.7570369184318504,0.3406724586011453,0.08671477239350854,-0.4966602910963925,-0.5342117343357785
-0.434233835211599,2004-07-22,500/1000,-1.038724729528836,0.4495782354487775,-0.48054771093571935,-0.9019267788874382,0.9538505081700629,2015-01-01,Fire,1.1400563019893057,1.2296926501022896,-0.4384308670313317,1.7640737027672053,1.7921080658102149,0.964731461707864,0.4818013027492934,0,0.298041334358157,-0.9285458485845719,1.0119672581156953,-1.5215003504028333,0.9491431001081818,-0.18218099784304848,-0.8889085687383753,1.4777448606394794,0.3406724586011453,0.3743247189079271,-0.4966602910963925,-0.6299623058706817
-0.21497918476393468,2009-08-02,500/1000,-0.2195411888909527,0.7502640669030544,2.133492421080886,-0.9019267788874382,-0.7691800772075088,2015-01-29,Other,0.15809566289429652,0.009759465477002306,0.461837853772224,0.47674437684545695,-0.522157119232402,0.05885794012594139,-0.1834403993553725,0,0.298041334358157,-0.9285458485845719,-1.3385668981870218,-1.5215003504028333,-0.703459734131903,-0.6148153417848631,-0.2705744719906447,-1.2987279697173422,0.3406724586011453,0.846356037103883,0.8830942100667314,-0.5342117343357785
0.6620394170267224,2007-07-05,500/1000,-0.2195411888909527,-0.10794170115355012,-0.48054771093571935,-0.9019267788874382,-0.9898988712021565,2015-01-10,Fire,-0.8238649762007128,-1.2101737191482849,0.461837853772224,-0.42110633136111286,-0.4184714030566576,0.27075817909247296,0.14918045169696045,0,0.298041334358157,1.0769527444706675,-1.3385668981870218,-1.5215003504028333,-1.305159096390018,0.779381941338854,-0.7939293501156832,0.36704713820288415,0.5885544318738691,0.3743247189079271,-0.3588522192050495,-0.6299623058706817
-1.0919977865545918,2010-01-24,100/300,1.4188258923848136,0.2078809750219576,-0.48054771093571935,-0.9019267788874382,-0.7727400577558096,2015-01-29,Police,-0.8238649762007128,0.009759465477002306,0.461837853772224,-0.5953467656021139,0.3446554679968218,0.1505047934789663,-1.680234229090871,1,0.298041334358157,-0.9285458485845719,0.2918125783627955,0.5457165052879057,0.9491431001081818,0.877629967425337,-0.7525478016127732,-1.2987279697173422,0.5885544318738691,0.846356037103883,-0.4966602910963925,1.6152057698578444
-0.434233835211599,2000-05-15,500/1000,1.4188258923848136,-0.5427670508691471,-0.48054771093571935,-0.9019267788874382,0.9538505081700629,2015-02-20,Police,-0.8238649762007128,-1.2101737191482849,1.3621065745757797,0.501343026385363,-0.5097148332913127,0.08428596880192518,-0.6823716759338719,0,-1.4147801864822238,-0.9285458485845719,0.2918125783627955,-1.5215003504028333,-1.305159096390018,-0.7554705550788714,-0.49673854432325054,-1.2987279697173422,0.5885544318738691,0.08671477239350854,-1.2086686625349987,1.6152057698578444
-0.434233835211599,2008-03-21,100/300,-0.2195411888909527,1.0820440129879358,-0.48054771093571935,-0.9019267788874382,-0.5733811470509665,2015-01-21,Police,-0.8238649762007128,-1.2101737191482849,0.461837853772224,-1.4173516377273068,-1.4802131366962812,-1.8991002679248106,-1.347613378038538,1,-1.4147801864822238,-0.9285458485845719,1.0119672581156953,0.5457165052879057,-1.23638377514092,0.877629967425337,3.3337478190965757,0.7570369184318504,-2.061745637196139,-2.057009655154806,0.8830942100667314,-0.8134538954280631
-1.201625111778424,1990-05-07,100/300,1.4188258923848136,1.4443847973311306,-0.48054771093571935,-0.9019267788874382,0.9538505081700629,2015-01-18,Police,-0.8238649762007128,1.2296926501022896,-0.4384308670313317,-1.523945785733566,-1.2811365616388517,-1.7830848870906344,-1.014992526986205,0,-1.4147801864822238,1.0769527444706675,0.2918125783627955,0.5457165052879057,-1.23638377514092,0.877629967425337,0.17037985085513224,-1.0702878146273995,-2.199388964623129,-2.057009655154806,-1.2086686625349987,-0.6299623058706817
0.6620394170267224,1991-02-05,500/1000,-0.2195411888909527,0.4180328869646939,-0.48054771093571935,-0.9019267788874382,0.9538505081700629,2015-01-09,Police,-0.8238649762007128,-1.2101737191482849,0.461837853772224,-1.3866033258024242,-1.256251989756673,-1.7253420719722545,-1.347613378038538,0,0.9971218684273209,1.0769527444706675,-1.3385668981870218,-1.5215003504028333,-1.305159096390018,0.877629967425337,-0.7525478016127732,-0.18525772913946104,-2.199388964623129,-2.057009655154806,-1.2086686625349987,-0.8134538954280631
-0.5438611604354311,1992-03-19,500/1000,-1.038724729528836,0.15943486766213424,-0.48054771093571935,-0.9019267788874382,0.9538505081700629,2015-01-13,Ambulance,1.1400563019893057,0.009759465477002306,-1.3386995878348875,-0.4826029552108779,-0.48068283276210433,0.14361803571255402,-1.347613378038538,1,0.298041334358157,-0.9285458485845719,1.0119672581156953,-1.5215003504028333,1.0750375053644652,-1.360764497328115,3.3337478190965757,-1.2987279697173422,0.3406724586011453,0.08671477239350854,1.1294749572214562,1.6152057698578444
0.9909213926982189,2013-04-24,250/500,-1.038724729528836,-0.39369579418363054,1.6978190657447854,0.7241625498822855,0.9538505081700629,2015-02-13,Fire,0.15809566289429652,0.009759465477002306,-0.4384308670313317,-0.46005419313263074,-0.45787197520344053,-0.3596450318329585,1.4796638559062922,0,0.9971218684273209,1.0769527444706675,1.0119672581156953,0.7578206403856677,-0.703459734131903,-1.3569835982093803,-0.2705744719906447,0.36704713820288415,0.3406724586011453,0.08671477239350854,-0.3588522192050495,-0.6299623058706817
-0.10535185954010252,2009-04-10,500/1000,1.4188258923848136,0.755022532994281,-0.48054771093571935,1.0292786490995625,-1.8336142611494386,2015-01-08,Police,-0.8238649762007128,1.2296926501022896,1.3621065745757797,0.1467124955183845,1.846024638221602,1.444685502967058,-0.017129973829206037,0,-1.4147801864822238,-0.9285458485845719,1.0119672581156953,-1.5215003504028333,-1.305159096390018,-0.010873920661118891,-0.47991642324066014,-1.2987279697173422,0.5885544318738691,0.08671477239350854,-0.4966602910963925,-0.5342117343357785
1.758312669265044,2008-12-01,100/300,-0.2195411888909527,-0.6522938134861892,-0.48054771093571935,0.6918561393769267,-1.5915355838649863,2015-02-17,Police,1.1400563019893057,-1.2101737191482849,1.3621065745757797,-1.523945785733566,-1.5341297091076682,0.09329172895800276,-1.1813029525123715,0,0.298041334358157,-0.9285458485845719,-1.3385668981870218,0.5457165052879057,0.6889613292451924,-1.360764497328115,0.10538658331550528,-0.18525772913946104,0.3406724586011453,0.846356037103883,-0.4966602910963925,-0.5342117343357785
-0.7631158108830954,2000-07-05,500/1000,-0.2195411888909527,0.8508481949693414,-0.48054771093571935,1.9661645537549663,0.9538505081700629,2015-01-15,Ambulance,-0.8238649762007128,1.2296926501022896,-1.3386995878348875,-0.36370948243466544,-0.36040740199824073,0.6892611510513729,-1.680234229090871,0,0.298041334358157,-0.9285458485845719,1.0119672581156953,-1.5215003504028333,-1.23638377514092,2.11865766535986,-0.7939293501156832,-1.2987279697173422,0.5885544318738691,0.846356037103883,0.8830942100667314,1.6152057698578444
-0.10535185954010252,2014-06-11,250/500,-1.038724729528836,1.175982697030268,-0.48054771093571935,-0.17682734310049744,0.9538505081700629,2015-01-24,Police,-0.8238649762007128,-1.2101737191482849,-0.4384308670313317,0.41114797807237424,-0.5553365484086403,-0.008950136343348724,-0.6823716759338719,1,-1.4147801864822238,-0.9285458485845719,-1.3385668981870218,0.7578206403856677,-1.305159096390018,-0.6148153417848631,-0.10897717628887865,0.36704713820288415,0.5885544318738691,0.08671477239350854,1.1294749572214562,1.6152057698578444
0.11390279090756175,1995-04-23,250/500,-1.038724729528836,0.5492188745487014,1.6978190657447854,-0.9019267788874382,-1.6947750197657085,2015-02-28,Other,-0.8238649762007128,1.2296926501022896,0.461837853772224,0.4685448269988216,-0.5263045478794319,0.050381930567280124,0.6481117282754599,0,0.9971218684273209,1.0769527444706675,1.0119672581156953,0.7578206403856677,0.8595723265323993,-0.010873920661118891,-0.49673854432325054,0.7570369184318504,0.5885544318738691,0.3743247189079271,-0.4966602910963925,-0.6299623058706817
0.4427847665790582,1990-09-16,100/300,1.4188258923848136,-0.4447672621455098,-0.48054771093571935,-0.9019267788874382,-1.5808556422200841,2015-02-16,Fire,1.1400563019893057,1.2296926501022896,-0.4384308670313317,-0.3534600451263713,-0.35003883038066624,0.41061233681038384,1.4796638559062922,0,-1.4147801864822238,-0.9285458485845719,0.2918125783627955,0.5457165052879057,0.9491431001081818,-1.3569835982093803,-0.7939293501156832,0.36704713820288415,0.3406724586011453,0.846356037103883,0.8830942100667314,-0.5342117343357785
-0.3246065099877668,1998-12-11,250/500,-1.038724729528836,1.4737149978072301,-0.48054771093571935,0.918001012914438,-1.0966982876511795,2015-02-09,Ambulance,1.1400563019893057,1.2296926501022896,1.3621065745757797,1.3622957602820738,-0.07423482535318593,0.9742669724613578,-0.1834403993553725,0,0.9971218684273209,1.0769527444706675,-1.3385668981870218,0.7578206403856677,-1.23638377514092,2.11865766535986,0.31597797632307734,-0.18525772913946104,0.3406724586011453,0.3743247189079271,-0.4966602910963925,-0.5342117343357785
0.11390279090756175,1995-10-09,500/1000,-1.038724729528836,0.5822409883714423,-0.48054771093571935,-0.9019267788874382,0.9538505081700629,2015-01-24,Ambulance,-0.8238649762007128,0.009759465477002306,0.461837853772224,-0.12387264942058175,1.298564056813671,0.523449214060062,-0.349750824881539,0,0.298041334358157,1.0769527444706675,-1.3385668981870218,-1.5215003504028333,0.8595723265323993,0.877629967425337,-0.49673854432325054,-1.2987279697173422,0.5885544318738691,0.08671477239350854,-0.4966602910963925,-0.6299623058706817
-0.7631158108830954,1999-12-21,500/1000,-0.2195411888909527,-0.07418120466148058,-0.48054771093571935,1.1728626957900459,-0.9578590462674496,2015-02-11,Police,-0.8238649762007128,-1.2101737191482849,0.461837853772224,-1.4296509624972598,-1.3433479913442985,-1.814340172338198,1.1470430048539593,0,0.9971218684273209,1.0769527444706675,1.0119672581156953,-1.5215003504028333,-0.703459734131903,-1.360764497328115,0.10538658331550528,1.4777448606394794,-2.061745637196139,-2.057009655154806,-0.4966602910963925,-0.8134538954280631
-0.7631158108830954,2002-07-28,100/300,-0.2195411888909527,-1.1836421865867672,-0.48054771093571935,0.9215906140817001,-1.4028566148050456,2015-01-27,Ambulance,1.1400563019893057,-1.2101737191482849,0.461837853772224,-0.17102006103873496,1.2031731979319862,0.08852397358125581,-1.680234229090871,1,0.9971218684273209,1.0769527444706675,1.0119672581156953,0.5457165052879057,0.9491431001081818,0.6116045429450133,3.3337478190965757,0.36704713820288415,0.3406724586011453,0.08671477239350854,-1.2086686625349987,-0.5342117343357785
-0.8727431361069276,1993-08-03,100/300,-1.038724729528836,-0.8691732119716955,-0.48054771093571935,-0.9019267788874382,-0.05362398699905444,2015-01-19,Ambulance,1.1400563019893057,-1.2101737191482849,0.461837853772224,-1.523945785733566,1.6884223496344704,0.8720251071600064,1.3133534303801258,1,0.9971218684273209,-0.9285458485845719,-1.3385668981870218,0.5457165052879057,-1.23638377514092,0.779381941338854,2.854601800241727,1.4777448606394794,0.3406724586011453,0.08671477239350854,-0.4966602910963925,1.6152057698578444
-1.311252437002256,2007-12-16,100/300,-0.2195411888909527,1.1499341973067387,-0.48054771093571935,-0.9019267788874382,-1.7090149419589118,2015-02-20,Police,1.1400563019893057,0.009759465477002306,-0.4384308670313317,0.06881677197534876,1.6884223496344704,0.8720251071600064,0.4818013027492934,0,0.298041334358157,-0.9285458485845719,0.2918125783627955,0.5457165052879057,0.8595723265323993,-0.7554705550788714,0.20499583030558555,-1.2987279697173422,0.3406724586011453,0.3743247189079271,-0.4966602910963925,-0.6299623058706817
1.6486853440412117,2008-02-10,500/1000,-1.038724729528836,-1.4140175794172198,-0.48054771093571935,1.1979899039608806,-0.612540933082275,2015-01-10,Other,1.1400563019893057,1.2296926501022896,-0.4384308670313317,1.0384135413399778,1.0580131952859437,0.30837047150903235,0.3154908772231269,1,0.9971218684273209,1.0769527444706675,-1.3385668981870218,-1.5215003504028333,0.8595723265323993,-0.6148153417848631,0.31597797632307734,0.7570369184318504,0.3406724586011453,0.3743247189079271,0.8830942100667314,1.6152057698578444
-1.0919977865545918,2006-10-01,100/300,1.4188258923848136,-1.0243976575682818,2.133492421080886,-0.9019267788874382,0.9538505081700629,2015-02-21,Police,1.1400563019893057,0.009759465477002306,1.3621065745757797,1.8706678507734646,1.899941210632989,1.0611460704376359,-1.680234229090871,0,-1.4147801864822238,-0.9285458485845719,-1.3385668981870218,0.5457165052879057,-1.23638377514092,-1.3569835982093803,-0.47991642324066014,-1.2987279697173422,0.3406724586011453,0.08671477239350854,-0.4966602910963925,-0.6299623058706817
-2.078643713569081,2003-03-09,500/1000,-0.2195411888909527,-0.27493924819998383,1.2621457104086844,-0.9019267788874382,-0.9934588517504572,2015-02-01,Other,-0.8238649762007128,0.009759465477002306,1.3621065745757797,-0.6978411386850556,0.1372840356453328,-0.08788297535838174,-0.8486821014600384,0,-1.4147801864822238,-0.9285458485845719,-1.3385668981870218,-1.5215003504028333,-1.23638377514092,0.877629967425337,-0.7939293501156832,1.4777448606394794,0.5885544318738691,0.08671477239350854,-1.2086686625349987,-0.6299623058706817
-0.5438611604354311,2003-05-29,250/500,-0.2195411888909527,1.3102452790698105,-0.48054771093571935,-0.9019267788874382,-1.0076987739436603,2015-02-25,Other,-0.8238649762007128,0.009759465477002306,-0.4384308670313317,0.42344730284232723,0.43589889823147693,2.0168161481766935,-0.6823716759338719,0,-1.4147801864822238,1.0769527444706675,0.2918125783627955,0.7578206403856677,-0.703459734131903,-0.7554705550788714,-0.8889085687383753,1.4777448606394794,0.5885544318738691,0.08671477239350854,-1.2086686625349987,1.6152057698578444
-0.7631158108830954,2002-05-06,100/300,-1.038724729528836,-0.3453317293426223,1.2621457104086844,2.045135779434732,0.9538505081700629,2015-02-24,Police,-0.8238649762007128,0.009759465477002306,1.3621065745757797,-1.364054563724177,-1.4532548504905876,-1.8646664790927492,0.8144221538016264,0,0.298041334358157,1.0769527444706675,1.0119672581156953,0.5457165052879057,-0.703459734131903,-0.18218099784304848,0.31597797632307734,1.4777448606394794,-2.199388964623129,-2.057009655154806,0.8830942100667314,-0.8134538954280631
0.0042754656837296155,2004-02-28,500/1000,-1.038724729528836,0.2265046267927953,3.440512487089189,-0.9019267788874382,-0.23162301441409283,2015-02-21,Other,1.1400563019893057,-1.2101737191482849,1.3621065745757797,0.91132051871713,-0.3023434009398238,0.19341459186968896,0.8144221538016264,1,0.298041334358157,1.0769527444706675,1.0119672581156953,-1.5215003504028333,-1.23638377514092,0.779381941338854,2.854601800241727,1.4777448606394794,0.3406724586011453,0.3743247189079271,1.1294749572214562,-0.6299623058706817
0.4427847665790582,1999-01-14,500/1000,-0.2195411888909527,-2.403819547651903,2.569165776416987,0.6380121218679955,-1.2355375290349095,2015-01-08,Fire,-0.8238649762007128,1.2296926501022896,-1.3386995878348875,-0.15257107388380545,-0.14681482667620707,0.47153365551326165,1.3133534303801258,0,0.9971218684273209,-0.9285458485845719,1.0119672581156953,-1.5215003504028333,-0.703459734131903,-0.18218099784304848,-0.8986003257406907,1.4777448606394794,0.5885544318738691,0.846356037103883,1.1294749572214562,-0.6299623058706817
-0.7631158108830954,2002-01-23,250/500,-1.038724729528836,-1.4844100605598578,-0.48054771093571935,0.9862034350924176,-0.12838357851337057,2015-01-10,Ambulance,-0.8238649762007128,-1.2101737191482849,1.3621065745757797,0.26355608083293813,-0.6299902640551763,-0.3924895688727709,0.8144221538016264,0,-1.4147801864822238,1.0769527444706675,1.0119672581156953,0.7578206403856677,0.6889613292451924,0.5115267965346528,-0.2705744719906447,1.4777448606394794,0.5885544318738691,0.3743247189079271,0.8830942100667314,-0.6299623058706817
1.9775673197127082,1992-12-09,100/300,1.4188258923848136,0.47669328791689214,-0.48054771093571935,0.6308329195334713,-1.3565768676771357,2015-02-14,Police,1.1400563019893057,-1.2101737191482849,-1.3386995878348875,-0.23661645981181767,1.0704554812270333,0.31949523405477526,1.1470430048539593,0,0.298041334358157,1.0769527444706675,-1.3385668981870218,0.5457165052879057,0.8595723265323993,-1.3569835982093803,-0.2986569288656468,-0.18525772913946104,0.3406724586011453,0.3743247189079271,0.8830942100667314,-0.5342117343357785
0.9909213926982189,1998-06-24,250/500,-0.2195411888909527,1.5122339603905275,-0.48054771093571935,-0.9019267788874382,0.9538505081700629,2015-02-26,Ambulance,-0.8238649762007128,0.009759465477002306,1.3621065745757797,0.9154202936404477,-0.30026968661630893,0.19712284605160324,0.14918045169696045,0,0.9971218684273209,1.0769527444706675,0.2918125783627955,0.7578206403856677,0.8595723265323993,0.9577113773675267,-0.12958907625083857,-1.2987279697173422,0.5885544318738691,0.08671477239350854,-0.3588522192050495,1.6152057698578444
-0.21497918476393468,2011-01-06,250/500,1.4188258923848136,0.158450357436364,1.2621457104086844,0.6128849136971609,-0.24942291715559667,2015-01-30,Police,1.1400563019893057,0.009759465477002306,-1.3386995878348875,-0.3063126335082181,-0.3023434009398238,0.19341459186968896,0.6481117282754599,0,0.9971218684273209,-0.9285458485845719,0.2918125783627955,0.7578206403856677,1.0750375053644652,-0.010873920661118891,-0.12958907625083857,0.36704713820288415,0.3406724586011453,0.3743247189079271,-1.2086686625349987,-0.5342117343357785
-0.6534884856592632,2012-02-24,100/300,-0.2195411888909527,0.8325527132737605,2.133492421080886,0.5805785031918022,-0.5413413221162596,2015-01-07,Ambulance,1.1400563019893057,-1.2101737191482849,-0.4384308670313317,0.029868910203830895,0.037745748116618114,-0.6038600572418862,-1.014992526986205,0,0.298041334358157,-0.9285458485845719,-1.3385668981870218,0.5457165052879057,-1.23638377514092,-1.3569835982093803,0.14810943050938574,0.7570369184318504,0.3406724586011453,0.08671477239350854,-0.4966602910963925,-0.5342117343357785
0.7716667422505546,2011-06-25,100/300,-1.038724729528836,-0.1520395550162168,2.569165776416987,-0.9019267788874382,-0.8617395714633288,2015-02-27,Ambulance,-0.8238649762007128,-1.2101737191482849,-0.4384308670313317,-0.23046679742684117,1.0828977671681226,0.33061999660051816,-0.8486821014600384,0,-1.4147801864822238,-0.9285458485845719,1.0119672581156953,0.5457165052879057,-1.305159096390018,-0.6148153417848631,-0.10897717628887865,0.7570369184318504,0.5885544318738691,0.08671477239350854,-0.4966602910963925,-0.6299623058706817
2.3064492953842044,2006-11-21,500/1000,-1.038724729528836,-0.7897150325000807,1.6978190657447854,1.736430079050193,-0.5876210692441697,2015-02-13,Ambulance,-0.8238649762007128,1.2296926501022896,-0.4384308670313317,-0.44980475582433654,0.6391229019359361,0.4890154252280005,0.3154908772231269,1,0.9971218684273209,1.0769527444706675,-1.3385668981870218,-1.5215003504028333,-0.703459734131903,-1.360764497328115,3.3337478190965757,1.4777448606394794,0.5885544318738691,0.3743247189079271,-1.2086686625349987,-0.5342117343357785
1.3198033683697152,2008-06-27,100/300,-0.2195411888909527,-1.219043533455122,-0.48054771093571935,-0.9019267788874382,-0.42386196402233434,2015-02-02,Fire,1.1400563019893057,1.2296926501022896,0.461837853772224,2.042858397552807,0.8713789061696038,0.4487543798243595,0.14918045169696045,1,-1.4147801864822238,-0.9285458485845719,1.0119672581156953,0.5457165052879057,-1.305159096390018,0.5115267965346528,-0.10897717628887865,0.36704713820288415,0.3406724586011453,0.08671477239350854,-0.4966602910963925,1.6152057698578444
0.11390279090756175,1993-08-30,250/500,1.4188258923848136,2.092151504629149,-0.48054771093571935,-0.9019267788874382,-0.8012199021422157,2015-02-27,Ambulance,-0.8238649762007128,0.009759465477002306,-0.4384308670313317,-0.6629930518368554,0.20779032264483907,-0.2293263848685416,-1.347613378038538,0,0.298041334358157,1.0769527444706675,0.2918125783627955,0.7578206403856677,0.6889613292451924,-0.18218099784304848,-0.09343897477909328,-1.2987279697173422,0.5885544318738691,0.846356037103883,0.8830942100667314,-0.5342117343357785
0.8812940674743868,2008-04-21,500/1000,-1.038724729528836,0.11488577994598953,-0.48054771093571935,-0.9019267788874382,-0.46302175005364277,2015-02-02,Ambulance,-0.8238649762007128,1.2296926501022896,0.461837853772224,-0.3247616206631476,-0.3210068298514578,0.4699444037210127,0.8144221538016264,0,-1.4147801864822238,1.0769527444706675,-1.3385668981870218,-1.5215003504028333,-1.305159096390018,-0.18218099784304848,-0.2986569288656468,0.36704713820288415,0.5885544318738691,0.846356037103883,-0.3588522192050495,1.6152057698578444
1.9775673197127082,2000-06-23,500/1000,1.4188258923848136,0.6807330322079658,-0.48054771093571935,-0.9019267788874382,0.9538505081700629,2015-01-17,Other,1.1400563019893057,0.009759465477002306,1.3621065745757797,0.7391299719377878,0.75525090405277,0.33009024600310183,-0.349750824881539,0,0.298041334358157,1.0769527444706675,-1.3385668981870218,-1.5215003504028333,0.6889613292451924,0.779381941338854,-0.49673854432325054,-1.2987279697173422,0.3406724586011453,0.846356037103883,0.8830942100667314,1.6152057698578444
-0.3246065099877668,2010-01-11,100/300,1.4188258923848136,-0.13788722052075614,-0.48054771093571935,-0.9019267788874382,0.9538505081700629,2015-01-12,Ambulance,1.1400563019893057,0.009759465477002306,1.3621065745757797,0.152862157903361,0.1621686075275115,0.5907275399319357,1.4796638559062922,0,0.9971218684273209,-0.9285458485845719,1.0119672581156953,0.5457165052879057,0.9491431001081818,0.877629967425337,-0.8986003257406907,0.7570369184318504,0.3406724586011453,0.846356037103883,0.3577497546299348,-0.5342117343357785
0.4427847665790582,1990-03-28,500/1000,1.4188258923848136,1.1570308751841727,-0.48054771093571935,0.45494246233762925,0.9538505081700629,2015-01-20,Fire,-0.8238649762007128,-1.2101737191482849,1.3621065745757797,0.6694337982413875,0.6847446170532637,0.2580441647544811,-0.5160612504077055,0,0.9971218684273209,1.0769527444706675,-1.3385668981870218,-1.5215003504028333,-1.305159096390018,0.5115267965346528,-0.3109737959160864,1.4777448606394794,0.5885544318738691,0.3743247189079271,0.8830942100667314,-0.6299623058706817
-1.5305070874499205,1998-01-29,100/300,1.4188258923848136,-1.1032405181487892,-0.48054771093571935,-0.9019267788874382,0.9538505081700629,2015-02-05,Ambulance,1.1400563019893057,0.009759465477002306,-1.3386995878348875,-0.6957912512233968,-0.6963491224076528,-0.7251729440502255,-0.8486821014600384,0,0.298041334358157,-0.9285458485845719,0.2918125783627955,0.5457165052879057,-1.305159096390018,-1.360764497328115,-0.7525478016127732,0.36704713820288415,0.3406724586011453,0.846356037103883,-1.2086686625349987,-0.6299623058706817
-1.201625111778424,2014-12-05,500/1000,-0.2195411888909527,1.9836502734972854,-0.48054771093571935,-0.9019267788874382,0.29169412618612006,2015-01-20,Police,-0.8238649762007128,-1.2101737191482849,-0.4384308670313317,-0.7613876499964795,-0.7627079807601292,-0.6298178365152863,0.9807325793277929,0,0.9971218684273209,-0.9285458485845719,1.0119672581156953,-1.5215003504028333,0.8595723265323993,0.9577113773675267,-0.7939293501156832,0.7570369184318504,0.5885544318738691,0.846356037103883,0.8830942100667314,1.6152057698578444
-0.10535185954010252,1995-12-07,250/500,-0.2195411888909527,1.1646198081744925,2.569165776416987,0.5662200985227538,0.9538505081700629,2015-02-24,Police,-0.8238649762007128,0.009759465477002306,-0.4384308670313317,-1.4255511875739422,-1.3350531340502387,-1.8567202201315043,-1.680234229090871,0,-1.4147801864822238,1.0769527444706675,-1.3385668981870218,0.7578206403856677,0.8595723265323993,-1.3569835982093803,0.17037985085513224,0.7570369184318504,-2.199388964623129,-2.057009655154806,-0.3588522192050495,-0.8134538954280631
-1.0919977865545918,2002-05-27,250/500,-1.038724729528836,0.5122587198228757,1.6978190657447854,-0.9019267788874382,-1.8158143584079347,2015-02-21,Police,-0.8238649762007128,-1.2101737191482849,0.461837853772224,-1.351755238954224,-1.4470337075200428,-1.8535417165470063,0.4818013027492934,0,0.9971218684273209,1.0769527444706675,-1.3385668981870218,0.7578206403856677,-1.23638377514092,0.6116045429450133,-0.3109737959160864,1.4777448606394794,-2.199388964623129,-2.057009655154806,0.8830942100667314,-0.8134538954280631
-1.0919977865545918,2002-08-09,100/300,-1.038724729528836,0.7793071185633034,-0.48054771093571935,-0.9019267788874382,-0.673060602403388,2015-02-11,Ambulance,1.1400563019893057,1.2296926501022896,-1.3386995878348875,0.6366355988548461,-0.4412822606153214,0.22414012651983603,0.14918045169696045,0,0.298041334358157,1.0769527444706675,0.2918125783627955,0.5457165052879057,0.9491431001081818,-1.3569835982093803,-0.2986569288656468,-1.0702878146273995,0.3406724586011453,0.3743247189079271,-0.4966602910963925,-0.6299623058706817
-0.8727431361069276,2012-12-02,500/1000,-1.038724729528836,-0.14826559915076132,-0.48054771093571935,1.086712267775756,-0.48438163334344736,2015-01-24,Police,-0.8238649762007128,0.009759465477002306,0.461837853772224,-1.523945785733566,-1.3350531340502387,-1.8312921914555205,-0.349750824881539,0,0.9971218684273209,1.0769527444706675,0.2918125783627955,-1.5215003504028333,0.6889613292451924,-1.360764497328115,-0.10897717628887865,-1.2987279697173422,-2.061745637196139,-2.057009655154806,-0.4966602910963925,-0.8134538954280631
0.6620394170267224,2000-03-22,500/1000,-1.038724729528836,-1.2671614707396877,-0.48054771093571935,0.6954457405441888,-1.2319775484866087,2015-01-06,Fire,1.1400563019893057,-1.2101737191482849,0.461837853772224,1.3171982361255794,-0.09704568291184971,0.5605317558792049,0.8144221538016264,0,0.9971218684273209,-0.9285458485845719,1.0119672581156953,-1.5215003504028333,-1.23638377514092,-0.18218099784304848,0.14810943050938574,0.7570369184318504,0.3406724586011453,0.3743247189079271,0.8830942100667314,-0.6299623058706817
-0.9823704613307597,2002-04-13,100/300,-1.038724729528836,0.8788246938850051,-0.48054771093571935,1.1620938922882595,-2.378291285039456,2015-01-15,Police,1.1400563019893057,1.2296926501022896,0.461837853772224,-0.6916914763000791,-0.692201693760623,-0.7188159368812296,-1.347613378038538,0,0.298041334358157,-0.9285458485845719,-1.3385668981870218,0.5457165052879057,-1.305159096390018,0.9577113773675267,-0.8986003257406907,-1.0702878146273995,0.3406724586011453,0.08671477239350854,1.1294749572214562,-0.6299623058706817
-0.10535185954010252,2008-06-17,100/300,1.4188258923848136,-0.40624829956221264,-0.48054771093571935,-0.9019267788874382,-1.3423369454839327,2015-02-22,Police,-0.8238649762007128,1.2296926501022896,0.461837853772224,-0.14642141149882892,-0.1405936837056624,0.48265841805900456,-0.6823716759338719,0,-1.4147801864822238,1.0769527444706675,1.0119672581156953,0.5457165052879057,0.9491431001081818,-0.18218099784304848,-0.09343897477909328,0.36704713820288415,0.5885544318738691,0.3743247189079271,-0.4966602910963925,-0.5342117343357785
-0.10535185954010252,1994-04-07,250/500,1.4188258923848136,-2.834132558832715,1.6978190657447854,-0.9019267788874382,0.9538505081700629,2015-01-21,Police,-0.8238649762007128,-1.2101737191482849,-1.3386995878348875,-1.4337507374205773,-1.442886278873013,-1.916052287042133,1.6459742814324587,0,0.298041334358157,1.0769527444706675,0.2918125783627955,0.7578206403856677,-0.703459734131903,-0.010873920661118891,0.17037985085513224,-0.18525772913946104,-2.061745637196139,-2.057009655154806,1.1294749572214562,-0.8134538954280631
-1.311252437002256,1992-02-29,500/1000,-1.038724729528836,-0.8045237071460549,-0.48054771093571935,-0.9019267788874382,-1.413536556449948,2015-02-03,Police,-0.8238649762007128,-1.2101737191482849,1.3621065745757797,-1.4112019753423302,-1.3060211335210303,-1.7761981293242222,0.6481117282754599,0,0.298041334358157,1.0769527444706675,-1.3385668981870218,-1.5215003504028333,0.6889613292451924,-1.360764497328115,-0.12958907625083857,1.4777448606394794,-2.061745637196139,-2.057009655154806,0.8830942100667314,-0.8134538954280631
0.4427847665790582,1996-05-11,250/500,-0.2195411888909527,1.0970988151903533,1.2621457104086844,-0.9019267788874382,-0.6410207774686811,2015-02-16,Ambulance,2.1220169410843153,-1.2101737191482849,-1.3386995878348875,-0.6486438396052435,-0.6486536929668104,-0.19966035141322716,-1.680234229090871,1,0.298041334358157,1.0769527444706675,-1.3385668981870218,0.7578206403856677,-1.23638377514092,-0.7554705550788714,3.3337478190965757,0.7570369184318504,0.3406724586011453,0.846356037103883,1.1294749572214562,-0.5342117343357785
0.8812940674743868,2013-04-03,250/500,-0.2195411888909527,1.2272182500297757,-0.48054771093571935,1.391828366993033,-0.9436191240742464,2015-02-07,Ambulance,-0.8238649762007128,0.009759465477002306,1.3621065745757797,-0.7736869747664326,-0.01617082429476902,-0.4581786429523957,-1.5139238035647045,1,0.298041334358157,1.0769527444706675,0.2918125783627955,0.7578206403856677,0.8595723265323993,-0.6148153417848631,0.14810943050938574,0.7570369184318504,0.5885544318738691,0.3743247189079271,0.8830942100667314,1.6152057698578444
1.2101760431458832,2009-11-12,500/1000,-1.038724729528836,-0.16721742099685574,-0.48054771093571935,0.05649673277153798,-0.7264603106278996,2015-01-14,Fire,-0.8238649762007128,1.2296926501022896,-1.3386995878348875,-0.4990020549041486,0.5395846144072214,-0.1551613012302555,0.4818013027492934,0,0.9971218684273209,1.0769527444706675,-1.3385668981870218,-1.5215003504028333,-1.305159096390018,-1.360764497328115,0.17037985085513224,0.7570369184318504,0.5885544318738691,0.846356037103883,-0.4966602910963925,1.6152057698578444
-0.434233835211599,2008-11-05,250/500,-1.038724729528836,0.9341213515658188,1.6978190657447854,-0.9019267788874382,0.9538505081700629,2015-02-02,Police,-0.8238649762007128,-1.2101737191482849,-0.4384308670313317,-1.3927529881874008,-1.4677708507551919,-1.8567202201315043,-1.1813029525123715,0,0.298041334358157,-0.9285458485845719,-1.3385668981870218,0.7578206403856677,-1.23638377514092,0.6116045429450133,-0.7939293501156832,-1.2987279697173422,-2.061745637196139,-2.057009655154806,-0.4966602910963925,-0.8134538954280631
0.2235301161313939,1993-02-15,250/500,-1.038724729528836,-0.21820684643992083,-0.48054771093571935,0.9826138339251554,-0.8724195131082311,2015-02-06,Police,1.1400563019893057,-1.2101737191482849,0.461837853772224,1.284400036739038,2.72735322571543,1.2566240408842613,-1.014992526986205,0,0.9971218684273209,1.0769527444706675,1.0119672581156953,0.7578206403856677,0.6889613292451924,0.779381941338854,-0.2705744719906447,0.36704713820288415,0.3406724586011453,0.846356037103883,-1.2086686625349987,-0.6299623058706817
0.8812940674743868,2008-07-21,250/500,-0.2195411888909527,0.5592690831034479,-0.48054771093571935,-0.9019267788874382,-1.2319775484866087,2015-01-15,Ambulance,1.1400563019893057,0.009759465477002306,1.3621065745757797,-0.24481600965845302,1.053865766638914,-0.02590215546067125,-0.5160612504077055,0,-1.4147801864822238,1.0769527444706675,0.2918125783627955,0.7578206403856677,-1.23638377514092,2.11865766535986,-0.49673854432325054,1.4777448606394794,0.3406724586011453,0.08671477239350854,-1.2086686625349987,-0.6299623058706817
0.33315744135522607,2010-09-11,100/300,-0.2195411888909527,0.9331368413400476,-0.48054771093571935,0.918001012914438,-0.3384224308631159,2015-02-24,Police,-0.8238649762007128,1.2296926501022896,1.3621065745757797,-0.3493602702030536,0.8423469056403953,0.4190883463690451,-1.5139238035647045,0,0.9971218684273209,1.0769527444706675,-1.3385668981870218,0.5457165052879057,1.0750375053644652,-0.010873920661118891,-0.2986569288656468,0.36704713820288415,0.5885544318738691,0.08671477239350854,0.8830942100667314,1.6152057698578444
0.2235301161313939,1995-12-22,250/500,-1.038724729528836,1.330181611141676,1.6978190657447854,0.6128849136971609,-0.7549401550143058,2015-01-07,Police,-0.8238649762007128,1.2296926501022896,0.461837853772224,-0.34116072035641826,0.8589366202285145,0.4360403654863676,-1.014992526986205,0,0.298041334358157,-0.9285458485845719,0.2918125783627955,0.7578206403856677,1.0750375053644652,-0.7554705550788714,-0.12958907625083857,-1.0702878146273995,0.5885544318738691,0.3743247189079271,-0.4966602910963925,-0.6299623058706817
-0.10535185954010252,1991-09-26,250/500,-0.2195411888909527,0.09946178640890802,-0.48054771093571935,-0.9019267788874382,-0.9364991629776449,2015-02-04,Police,-0.8238649762007128,-1.2101737191482849,0.461837853772224,0.13236328328677266,-0.6963491224076528,-0.29713446133783167,0.3154908772231269,1,0.298041334358157,-0.9285458485845719,1.0119672581156953,0.7578206403856677,-1.23638377514092,0.6116045429450133,-0.47991642324066014,1.4777448606394794,0.5885544318738691,0.3743247189079271,-1.2086686625349987,1.6152057698578444
-0.434233835211599,2010-03-11,250/500,-1.038724729528836,1.6852616325698087,-0.48054771093571935,0.8390297872346721,-1.445576381384655,2015-02-04,Police,-0.8238649762007128,0.009759465477002306,-0.4384308670313317,-1.277959290334506,-1.2852839902858815,-1.7867931412725488,-0.017129973829206037,0,0.298041334358157,1.0769527444706675,0.2918125783627955,0.7578206403856677,0.6889613292451924,-0.6148153417848631,-0.10897717628887865,-1.2987279697173422,-2.061745637196139,-2.057009655154806,-1.2086686625349987,-0.6299623058706817
-0.3246065099877668,1990-07-15,250/500,-0.2195411888909527,0.9861773297534692,-0.48054771093571935,-0.3957930143034845,-0.6303408358237789,2015-01-25,Ambulance,1.1400563019893057,1.2296926501022896,-1.3386995878348875,0.45419561476720977,0.46700461308420027,1.0579675668531379,-1.5139238035647045,0,-1.4147801864822238,1.0769527444706675,-1.3385668981870218,0.7578206403856677,1.0750375053644652,-0.18218099784304848,-0.8889085687383753,-1.2987279697173422,0.3406724586011453,0.08671477239350854,-1.2086686625349987,-0.6299623058706817
-0.9823704613307597,2009-05-10,100/300,-1.038724729528836,-1.8609031793985134,-0.48054771093571935,-0.9019267788874382,0.9538505081700629,2015-02-25,Other,1.1400563019893057,-1.2101737191482849,-1.3386995878348875,-1.523945785733566,0.829904619699306,0.4063743320310532,1.3133534303801258,0,-1.4147801864822238,-0.9285458485845719,1.0119672581156953,0.5457165052879057,-1.23638377514092,-0.4323437137277715,0.14810943050938574,-1.2987279697173422,0.3406724586011453,0.846356037103883,-1.2086686625349987,-0.5342117343357785
0.6620394170267224,1999-10-28,250/500,1.4188258923848136,-0.14600942988336832,-0.48054771093571935,0.7744169662239546,-1.627135389347994,2015-02-27,Police,-0.8238649762007128,1.2296926501022896,-0.4384308670313317,-1.4624491618838011,-1.4719182794022216,-1.898040766729978,0.14918045169696045,0,0.298041334358157,-0.9285458485845719,-1.3385668981870218,0.7578206403856677,-1.305159096390018,0.9577113773675267,-0.47991642324066014,0.7570369184318504,-2.199388964623129,-2.057009655154806,-1.2086686625349987,-0.8134538954280631
-0.3246065099877668,1995-03-30,250/500,-1.038724729528836,2.497482568831018,1.6978190657447854,0.2754624039745251,-0.8474996492701257,2015-02-11,Police,-0.8238649762007128,1.2296926501022896,-0.4384308670313317,-0.642494177220267,0.24926460911513687,-0.18694633707523525,0.14918045169696045,0,-1.4147801864822238,1.0769527444706675,1.0119672581156953,0.7578206403856677,0.8595723265323993,0.779381941338854,-0.8889085687383753,-0.18525772913946104,0.5885544318738691,0.846356037103883,-1.2086686625349987,-0.5342117343357785
-0.21497918476393468,1991-12-14,250/500,1.4188258923848136,0.7271690978568387,-0.48054771093571935,-0.9019267788874382,-0.32418250866991283,2015-01-04,Other,-0.8238649762007128,1.2296926501022896,1.3621065745757797,-0.49695216744248977,0.5437320430542512,0.1139520022572396,-0.5160612504077055,0,0.9971218684273209,-0.9285458485845719,1.0119672581156953,0.7578206403856677,-0.703459734131903,0.6116045429450133,-0.2986569288656468,-0.18525772913946104,0.5885544318738691,0.846356037103883,-0.3588522192050495,1.6152057698578444
-0.8727431361069276,2011-01-31,500/1000,-1.038724729528836,-0.5838293315356861,-0.48054771093571935,0.6954457405441888,-1.0361786183300663,2015-01-26,Police,-0.8238649762007128,0.009759465477002306,-1.3386995878348875,-1.4255511875739422,-1.4345914215789535,-1.8312921914555205,-0.5160612504077055,0,0.298041334358157,-0.9285458485845719,0.2918125783627955,-1.5215003504028333,-0.703459734131903,-1.360764497328115,0.14810943050938574,-1.2987279697173422,-2.199388964623129,-2.057009655154806,0.8830942100667314,-0.8134538954280631
-0.10535185954010252,2006-04-21,250/500,1.4188258923848136,-0.15770048881440143,-0.48054771093571935,0.5087864798465604,-1.1928177624553002,2015-03-01,Police,1.1400563019893057,1.2296926501022896,0.461837853772224,0.825225245327459,-0.34589140173363647,0.7226354386886016,-1.1813029525123715,1,0.9971218684273209,-0.9285458485845719,0.2918125783627955,0.7578206403856677,-1.305159096390018,0.779381941338854,-0.2705744719906447,-1.2987279697173422,0.3406724586011453,0.3743247189079271,-0.3588522192050495,-0.5342117343357785
-0.8727431361069276,2004-03-10,250/500,1.4188258923848136,-0.0915331973906974,3.440512487089189,-0.9019267788874382,0.9538505081700629,2015-02-06,Other,0.15809566289429652,1.2296926501022896,-0.4384308670313317,1.5262867572147807,0.008713747587409656,0.7496527191568344,-0.349750824881539,1,0.9971218684273209,-0.9285458485845719,-1.3385668981870218,0.7578206403856677,0.9491431001081818,0.6116045429450133,-0.10897717628887865,-1.2987279697173422,0.3406724586011453,0.3743247189079271,-1.2086686625349987,1.6152057698578444
-0.6534884856592632,1991-01-05,250/500,-1.038724729528836,-1.1981637124168922,-0.48054771093571935,0.7385209545513338,0.9538505081700629,2015-02-09,Fire,2.1220169410843153,1.2296926501022896,-0.4384308670313317,-0.8003355117679973,-0.8021085529069122,-0.5132727050836939,-1.5139238035647045,1,0.298041334358157,-0.9285458485845719,-1.3385668981870218,0.7578206403856677,-0.703459734131903,2.11865766535986,0.10538658331550528,1.4777448606394794,0.3406724586011453,0.846356037103883,-0.4966602910963925,1.6152057698578444
1.9775673197127082,1996-10-15,500/1000,-1.038724729528836,0.38853860145096586,-0.48054771093571935,-0.9019267788874382,-0.8047798826905165,2015-02-05,Police,-0.8238649762007128,0.009759465477002306,1.3621065745757797,-1.4255511875739422,-1.4345914215789535,-1.9202902918214637,-0.8486821014600384,0,0.9971218684273209,1.0769527444706675,0.2918125783627955,-1.5215003504028333,-1.23638377514092,0.6116045429450133,-0.8986003257406907,0.7570369184318504,-2.061745637196139,-2.057009655154806,-0.4966602910963925,-0.6299623058706817
0.2235301161313939,1994-06-21,250/500,-0.2195411888909527,-1.803801586303786,-0.48054771093571935,1.3308051471495776,0.9538505081700629,2015-01-03,Ambulance,1.1400563019893057,0.009759465477002306,-0.4384308670313317,-0.5748478909855255,0.38612975446711956,0.4434568738501962,1.4796638559062922,1,0.298041334358157,1.0769527444706675,1.0119672581156953,0.7578206403856677,-1.23638377514092,0.5115267965346528,2.854601800241727,-0.18525772913946104,0.3406724586011453,0.846356037103883,0.8830942100667314,-0.5342117343357785
0.0042754656837296155,1994-06-13,500/1000,-0.2195411888909527,0.5438861108257735,-0.48054771093571935,-0.9019267788874382,-0.5627012054060643,2015-02-24,Fire,1.1400563019893057,0.009759465477002306,1.3621065745757797,-0.7490883252265265,0.033598319469588335,-0.4073225856004281,1.6459742814324587,1,0.298041334358157,-0.9285458485845719,0.2918125783627955,-1.5215003504028333,-1.305159096390018,-0.18218099784304848,-0.3109737959160864,-1.0702878146273995,0.3406724586011453,0.846356037103883,-0.4966602910963925,1.6152057698578444
0.6620394170267224,2003-05-27,250/500,-0.2195411888909527,0.3959634494036565,-0.48054771093571935,1.0615850596049212,-0.7513801744660049,2015-01-14,Ambulance,-0.8238649762007128,-1.2101737191482849,-1.3386995878348875,0.874422544407271,-1.5341297091076682,0.4699444037210127,-1.680234229090871,1,0.298041334358157,-0.9285458485845719,0.2918125783627955,0.7578206403856677,0.6889613292451924,0.6116045429450133,2.854601800241727,-0.18525772913946104,0.5885544318738691,0.08671477239350854,-0.4966602910963925,-0.6299623058706817
0.4427847665790582,1996-07-06,500/1000,-0.2195411888909527,0.15192797719062942,-0.48054771093571935,-0.9019267788874382,0.9538505081700629,2015-01-08,Fire,-0.8238649762007128,1.2296926501022896,1.3621065745757797,1.1860054385794139,-0.1634045412643262,1.1421979118423342,-1.347613378038538,0,-1.4147801864822238,-0.9285458485845719,0.2918125783627955,-1.5215003504028333,-1.305159096390018,-0.7554705550788714,-0.47991642324066014,0.36704713820288415,0.5885544318738691,0.846356037103883,0.8830942100667314,-0.6299623058706817
-0.6534884856592632,2005-05-08,100/300,-0.2195411888909527,-1.707278562918805,-0.48054771093571935,-0.9019267788874382,0.9538505081700629,2015-02-14,Ambulance,-0.8238649762007128,-1.2101737191482849,0.461837853772224,0.015519697972219049,0.023229747852013885,1.5712958957495606,-0.5160612504077055,1,0.9971218684273209,-0.9285458485845719,0.2918125783627955,0.5457165052879057,-1.23638377514092,0.9577113773675267,3.3337478190965757,-1.2987279697173422,0.5885544318738691,0.846356037103883,-0.4966602910963925,-0.6299623058706817
0.2235301161313939,2010-11-02,100/300,1.4188258923848136,-1.0616859823693643,-0.48054771093571935,0.6667289312060921,-1.4064165953533465,2015-01-23,Ambulance,1.1400563019893057,0.009759465477002306,1.3621065745757797,1.161406789039508,2.54071893659909,0.4196180969664614,-0.1834403993553725,1,0.9971218684273209,-0.9285458485845719,-1.3385668981870218,0.5457165052879057,0.9491431001081818,-1.360764497328115,-0.2705744719906447,-1.2987279697173422,0.3406724586011453,0.846356037103883,0.8830942100667314,-0.5342117343357785
0.7716667422505546,2012-07-29,100/300,1.4188258923848136,-0.6837571194514596,-0.48054771093571935,-0.9019267788874382,-1.5523757978336779,2015-01-05,Ambulance,-0.8238649762007128,0.009759465477002306,0.461837853772224,-0.3534600451263713,-0.35003883038066624,0.10812474568565998,0.3154908772231269,1,0.9971218684273209,1.0769527444706675,-1.3385668981870218,0.5457165052879057,0.8595723265323993,-0.7554705550788714,3.3337478190965757,-1.2987279697173422,0.5885544318738691,0.3743247189079271,0.8830942100667314,-0.6299623058706817
0.5524120918028903,2002-06-06,500/1000,-1.038724729528836,2.1481455237198843,-0.48054771093571935,-0.9019267788874382,0.9538505081700629,2015-02-19,Ambulance,-0.8238649762007128,0.009759465477002306,-1.3386995878348875,-0.08492478764906387,-0.07838225400021571,0.9657909629026966,1.1470430048539593,1,0.298041334358157,1.0769527444706675,-1.3385668981870218,-1.5215003504028333,-0.703459734131903,-1.360764497328115,-0.3109737959160864,1.4777448606394794,0.5885544318738691,0.08671477239350854,1.1294749572214562,1.6152057698578444
-0.9823704613307597,1991-09-19,250/500,1.4188258923848136,1.7393276524684087,-0.48054771093571935,-0.9019267788874382,-0.8652995520116296,2015-02-07,Police,-0.8238649762007128,1.2296926501022896,-0.4384308670313317,-1.4235013001122834,-1.2292937035509794,-1.8535417165470063,1.6459742814324587,0,0.298041334358157,1.0769527444706675,-1.3385668981870218,0.7578206403856677,0.6889613292451924,-0.4323437137277715,0.10538658331550528,-1.0702878146273995,-2.061745637196139,-2.057009655154806,0.8830942100667314,-0.6299623058706817
2.525703945831869,2009-06-24,250/500,-0.2195411888909527,0.5692372491393812,-0.48054771093571935,2.0630837852710426,-0.8083398632388172,2015-02-07,Other,1.1400563019893057,0.009759465477002306,1.3621065745757797,-0.3883081319745715,0.7635457613468295,0.6320480865304093,1.1470430048539593,1,0.298041334358157,-0.9285458485845719,1.0119672581156953,0.7578206403856677,0.9491431001081818,-0.4323437137277715,3.3337478190965757,-1.0702878146273995,0.3406724586011453,0.08671477239350854,0.3577497546299348,1.6152057698578444
-1.7497617378975847,1992-05-29,500/1000,1.4188258923848136,0.8796451190731478,1.6978190657447854,1.1620938922882595,0.9538505081700629,2015-01-20,Fire,-0.8238649762007128,1.2296926501022896,-0.4384308670313317,-0.5850973282938197,0.3653926112319707,-0.06828220325397757,0.3154908772231269,1,0.298041334358157,1.0769527444706675,-1.3385668981870218,-1.5215003504028333,-1.23638377514092,0.779381941338854,0.14810943050938574,-1.0702878146273995,0.5885544318738691,0.846356037103883,1.1294749572214562,1.6152057698578444
2.416076620608037,2004-08-12,500/1000,-1.038724729528836,0.03575577054963244,-0.48054771093571935,-0.9019267788874382,-1.164337918068894,2015-02-18,Fire,-0.8238649762007128,-1.2101737191482849,0.461837853772224,0.5054428013086807,0.5188474711720725,0.35075051930233864,-1.1813029525123715,0,0.9971218684273209,-0.9285458485845719,0.2918125783627955,-1.5215003504028333,-1.305159096390018,-0.7554705550788714,-0.10897717628887865,0.7570369184318504,0.5885544318738691,0.3743247189079271,0.8830942100667314,1.6152057698578444
-1.0919977865545918,2006-12-24,250/500,-0.2195411888909527,0.07259286149723687,1.6978190657447854,0.8031337755620513,-1.135858073682488,2015-01-11,Ambulance,1.1400563019893057,1.2296926501022896,1.3621065745757797,-0.3883081319745715,0.7635457613468295,0.04508442459311683,-0.1834403993553725,1,-1.4147801864822238,1.0769527444706675,0.2918125783627955,0.7578206403856677,0.8595723265323993,-0.6148153417848631,-0.09343897477909328,1.4777448606394794,0.3406724586011453,0.846356037103883,1.1294749572214562,1.6152057698578444
-1.201625111778424,2007-07-24,100/300,-1.038724729528836,0.30104025513555405,-0.48054771093571935,-0.9019267788874382,0.9538505081700629,2015-01-22,Other,-0.8238649762007128,1.2296926501022896,0.461837853772224,-0.5010519423658074,0.5354371857601916,-0.15886955541216982,-1.1813029525123715,0,-1.4147801864822238,1.0769527444706675,-1.3385668981870218,0.5457165052879057,0.9491431001081818,-0.6148153417848631,-0.4060310286818311,0.7570369184318504,0.5885544318738691,0.3743247189079271,-0.4966602910963925,-0.5342117343357785
-1.201625111778424,1994-08-17,500/1000,-1.038724729528836,-0.5499047500059882,1.2621457104086844,1.8979621315769868,0.9538505081700629,2015-02-23,Ambulance,1.1400563019893057,-1.2101737191482849,1.3621065745757797,1.0343137664166602,1.053865766638914,0.6352265901149073,-0.8486821014600384,0,-1.4147801864822238,1.0769527444706675,-1.3385668981870218,-1.5215003504028333,-1.305159096390018,-1.360764497328115,-0.7939293501156832,1.4777448606394794,0.3406724586011453,0.08671477239350854,-1.2086686625349987,-0.6299623058706817
0.5524120918028903,1996-04-10,250/500,1.4188258923848136,1.635872036243622,-0.48054771093571935,-0.9019267788874382,0.9538505081700629,2015-01-15,Other,-0.8238649762007128,-1.2101737191482849,-1.3386995878348875,1.8132710018470173,1.8418772095745721,1.871664484484619,-0.5160612504077055,0,-1.4147801864822238,-0.9285458485845719,0.2918125783627955,0.7578206403856677,-1.305159096390018,2.11865766535986,-0.3109737959160864,-1.2987279697173422,0.5885544318738691,0.3743247189079271,-0.4966602910963925,-0.6299623058706817
0.4427847665790582,1992-12-11,250/500,-0.2195411888909527,-1.3177406835886813,-0.48054771093571935,-0.9019267788874382,-0.3277424892182136,2015-02-20,Police,-0.8238649762007128,0.009759465477002306,-1.3386995878348875,-1.2574604157179177,-1.3993382780792005,-1.7338180815309159,-0.349750824881539,0,-1.4147801864822238,1.0769527444706675,-1.3385668981870218,0.7578206403856677,-0.703459734131903,-0.6148153417848631,-0.7939293501156832,-1.0702878146273995,-2.199388964623129,-2.057009655154806,0.3577497546299348,-0.8134538954280631
2.0871946449365404,2010-08-01,500/1000,1.4188258923848136,-0.26648886876211486,-0.48054771093571935,1.4707995926727988,-0.16398338399637824,2015-01-19,Ambulance,-0.8238649762007128,-1.2101737191482849,-1.3386995878348875,0.7637286214776939,0.7801354759349486,-0.23568339203753752,-0.1834403993553725,0,0.298041334358157,1.0769527444706675,0.2918125783627955,-1.5215003504028333,-0.703459734131903,0.877629967425337,-0.7525478016127732,-1.0702878146273995,0.5885544318738691,0.3743247189079271,0.8830942100667314,-0.5342117343357785
-0.5438611604354311,2009-03-23,100/300,-1.038724729528836,-1.094831159970327,-0.48054771093571935,-0.9019267788874382,-0.5128614777298535,2015-01-10,Police,-0.8238649762007128,0.009759465477002306,1.3621065745757797,-1.3066577147977296,-1.3143159908150899,-1.8127509205459489,1.6459742814324587,0,-1.4147801864822238,1.0769527444706675,1.0119672581156953,0.5457165052879057,-1.305159096390018,0.5115267965346528,-0.8889085687383753,1.4777448606394794,-2.061745637196139,-2.057009655154806,-0.4966602910963925,-0.8134538954280631
0.2235301161313939,1996-07-29,100/300,1.4188258923848136,0.677697459011838,-0.48054771093571935,-0.9019267788874382,-0.6979804662414935,2015-01-16,Ambulance,-0.8238649762007128,1.2296926501022896,-0.4384308670313317,1.9977608733963126,2.028511498690912,0.7210461868963526,-0.017129973829206037,1,0.298041334358157,-0.9285458485845719,0.2918125783627955,0.5457165052879057,-0.703459734131903,-0.7554705550788714,0.17037985085513224,-0.18525772913946104,0.5885544318738691,0.08671477239350854,-1.2086686625349987,1.6152057698578444
-1.0919977865545918,1994-08-23,500/1000,-1.038724729528836,-1.4035571582684008,-0.48054771093571935,1.6861756627085238,0.9538505081700629,2015-02-12,Police,-0.8238649762007128,1.2296926501022896,1.3621065745757797,-1.3620046762625182,-1.2064828459923156,-1.758186609012067,-0.017129973829206037,0,0.298041334358157,1.0769527444706675,-1.3385668981870218,-1.5215003504028333,-0.703459734131903,-0.6148153417848631,0.10538658331550528,1.4777448606394794,-2.061745637196139,-2.057009655154806,3.415890619557508,-0.6299623058706817
0.4427847665790582,1992-01-05,250/500,-1.038724729528836,-0.5462538579187539,-0.48054771093571935,0.8282609837328859,0.9538505081700629,2015-01-23,Fire,1.1400563019893057,-1.2101737191482849,-1.3386995878348875,-0.14642141149882892,-0.8373616964066654,-0.5853187863323147,0.3154908772231269,0,-1.4147801864822238,1.0769527444706675,-1.3385668981870218,0.7578206403856677,1.0750375053644652,-0.6148153417848631,-0.8889085687383753,1.4777448606394794,0.3406724586011453,0.08671477239350854,-1.2086686625349987,-0.5342117343357785
0.0042754656837296155,1997-09-11,250/500,1.4188258923848136,-1.7187234942933947,-0.48054771093571935,-0.9019267788874382,0.9538505081700629,2015-02-13,Police,1.1400563019893057,1.2296926501022896,-1.3386995878348875,-0.20381826042527632,-0.1986576847640793,0.7199866857015199,-1.347613378038538,0,-1.4147801864822238,-0.9285458485845719,1.0119672581156953,0.7578206403856677,0.8595723265323993,0.6116045429450133,-0.47991642324066014,-1.0702878146273995,0.3406724586011453,0.846356037103883,-0.3588522192050495,-0.6299623058706817
0.4427847665790582,2002-02-10,250/500,-1.038724729528836,0.17916609343696535,-0.48054771093571935,0.8569777930709825,0.9538505081700629,2015-01-27,Police,-0.8238649762007128,0.009759465477002306,1.3621065745757797,-1.4255511875739422,-1.5341297091076682,-1.9330043061594555,0.9807325793277929,0,-1.4147801864822238,1.0769527444706675,-1.3385668981870218,0.7578206403856677,1.0750375053644652,-1.3569835982093803,-0.2986569288656468,-0.18525772913946104,-2.061745637196139,-2.057009655154806,1.1294749572214562,-0.6299623058706817
-1.8593890631214167,1993-01-28,500/1000,-1.038724729528836,-0.34373190022574374,-0.48054771093571935,-0.9019267788874382,0.9538505081700629,2015-02-14,Police,-0.8238649762007128,-1.2101737191482849,-0.4384308670313317,1.6861779792241696,0.08958860620449036,1.3090693500284778,0.6481117282754599,1,-1.4147801864822238,1.0769527444706675,0.2918125783627955,-1.5215003504028333,0.6889613292451924,0.9577113773675267,0.17037985085513224,0.36704713820288415,0.5885544318738691,0.846356037103883,0.8830942100667314,1.6152057698578444
-0.7631158108830954,1996-10-23,250/500,-0.2195411888909527,-1.1118139613648794,1.6978190657447854,-0.9019267788874382,0.9538505081700629,2015-02-01,Fire,-0.8238649762007128,1.2296926501022896,1.3621065745757797,1.5385860819847337,0.014934890557954326,1.1565011779725751,-1.680234229090871,1,0.9971218684273209,-0.9285458485845719,1.0119672581156953,0.7578206403856677,0.8595723265323993,-0.4323437137277715,2.854601800241727,1.4777448606394794,0.5885544318738691,0.08671477239350854,-0.3588522192050495,1.6152057698578444
0.2235301161313939,1997-04-21,100/300,-0.2195411888909527,-0.5241433990983094,-0.48054771093571935,-0.2809257769510978,-1.1963777430036011,2015-02-23,Fire,-0.8238649762007128,0.009759465477002306,-1.3386995878348875,0.5382410006952221,-0.49105140437967876,-0.1440365386845126,-1.014992526986205,1,-1.4147801864822238,-0.9285458485845719,1.0119672581156953,0.5457165052879057,0.8595723265323993,0.9577113773675267,-0.8986003257406907,-1.0702878146273995,0.5885544318738691,0.3743247189079271,-1.2086686625349987,1.6152057698578444
-0.8727431361069276,2008-11-09,250/500,-1.038724729528836,-0.25504393738752523,-0.48054771093571935,0.12469915494951757,0.9538505081700629,2015-01-20,Police,-0.8238649762007128,-1.2101737191482849,-1.3386995878348875,-0.617895527680361,0.2990337528794942,-0.3702400437812851,-1.347613378038538,0,0.298041334358157,-0.9285458485845719,-1.3385668981870218,0.7578206403856677,0.9491431001081818,-0.6148153417848631,-0.8986003257406907,-1.2987279697173422,0.5885544318738691,0.08671477239350854,0.8830942100667314,1.6152057698578444
0.4427847665790582,2002-06-20,100/300,-0.2195411888909527,-0.5854291606525646,-0.48054771093571935,0.9395386199180105,0.9538505081700629,2015-01-08,Ambulance,-0.8238649762007128,1.2296926501022896,0.461837853772224,-0.28171398396831204,-0.27745882905764513,0.8799713661212513,0.14918045169696045,0,-1.4147801864822238,-0.9285458485845719,1.0119672581156953,0.5457165052879057,-1.23638377514092,0.779381941338854,0.17037985085513224,1.4777448606394794,0.5885544318738691,0.08671477239350854,-0.3588522192050495,1.6152057698578444
-1.4208797622260882,2005-10-21,250/500,1.4188258923848136,1.033885054443963,-0.48054771093571935,-0.5429666621612299,0.9538505081700629,2015-02-23,Ambulance,-0.8238649762007128,1.2296926501022896,1.3621065745757797,-0.06442591303247552,1.4188394875775345,1.008171010696003,0.3154908772231269,0,0.298041334358157,-0.9285458485845719,0.2918125783627955,0.7578206403856677,-0.703459734131903,-0.6148153417848631,-0.49673854432325054,-1.2987279697173422,0.5885544318738691,0.3743247189079271,0.8830942100667314,-0.5342117343357785
-0.5438611604354311,2005-08-28,250/500,-1.038724729528836,-2.4290476221872885,-0.48054771093571935,-0.9019267788874382,-1.182137820810398,2015-02-04,Fire,-0.8238649762007128,-1.2101737191482849,-0.4384308670313317,1.7886723523071113,1.8169926376923935,1.8430579522241375,-1.014992526986205,0,0.298041334358157,-0.9285458485845719,1.0119672581156953,0.7578206403856677,1.0750375053644652,0.877629967425337,-0.12958907625083857,0.7570369184318504,0.5885544318738691,0.846356037103883,-1.2086686625349987,-0.5342117343357785
0.4427847665790582,2013-01-16,250/500,-0.2195411888909527,0.042647342130030845,2.133492421080886,-0.9019267788874382,0.9538505081700629,2015-02-09,Fire,-0.8238649762007128,1.2296926501022896,-0.4384308670313317,-0.4846528426725367,-0.4827565470856192,0.1393800309332234,0.14918045169696045,0,0.9971218684273209,1.0769527444706675,-1.3385668981870218,0.7578206403856677,0.6889613292451924,-1.3569835982093803,-0.4060310286818311,-1.2987279697173422,0.5885544318738691,0.08671477239350854,-0.4966602910963925,-0.6299623058706817
0.6620394170267224,1992-04-28,100/300,-0.2195411888909527,-0.5651646585054413,-0.48054771093571935,0.9467178222525346,0.9538505081700629,2015-02-18,Fire,1.1400563019893057,0.009759465477002306,-0.4384308670313317,0.8088261456341883,-0.354186259027696,-0.20071985260805983,1.6459742814324587,0,0.298041334358157,-0.9285458485845719,-1.3385668981870218,0.5457165052879057,0.9491431001081818,2.11865766535986,-0.3109737959160864,-0.18525772913946104,0.3406724586011453,0.3743247189079271,-1.2086686625349987,-0.5342117343357785
0.9909213926982189,2005-10-10,100/300,-1.038724729528836,1.8111148564308892,-0.48054771093571935,-0.9019267788874382,0.9538505081700629,2015-02-10,Fire,1.1400563019893057,1.2296926501022896,-0.4384308670313317,0.24715698113966744,0.2575594664091964,-0.178470327516574,-0.6823716759338719,0,0.9971218684273209,1.0769527444706675,-1.3385668981870218,0.5457165052879057,0.6889613292451924,-1.360764497328115,-0.7525478016127732,-0.18525772913946104,0.3406724586011453,0.846356037103883,0.8830942100667314,-0.5342117343357785
-0.6534884856592632,2009-02-08,500/1000,-0.2195411888909527,0.6800356707980442,-0.48054771093571935,1.309267540146005,0.9538505081700629,2015-01-20,Ambulance,1.1400563019893057,1.2296926501022896,1.3621065745757797,-0.4416052059777012,-0.4392085462918065,0.22837813129916665,0.14918045169696045,0,-1.4147801864822238,-0.9285458485845719,1.0119672581156953,-1.5215003504028333,-1.23638377514092,2.11865766535986,-0.3109737959160864,-1.2987279697173422,0.3406724586011453,0.3743247189079271,1.1294749572214562,-0.5342117343357785
0.33315744135522607,2005-03-06,500/1000,-1.038724729528836,-0.18153384052994478,-0.48054771093571935,-0.9019267788874382,-0.8759794936565318,2015-01-27,Fire,-0.8238649762007128,-1.2101737191482849,-1.3386995878348875,0.3619506789925622,1.3275960573428796,-0.3034914685068276,-1.1813029525123715,0,-1.4147801864822238,-0.9285458485845719,1.0119672581156953,-1.5215003504028333,0.8595723265323993,-0.6148153417848631,-0.8889085687383753,-1.0702878146273995,0.5885544318738691,0.3743247189079271,-1.2086686625349987,-0.6299623058706817
-0.5438611604354311,1994-05-17,100/300,-0.2195411888909527,0.6823328613248434,-0.48054771093571935,1.0831226666084939,-0.3953821196359282,2015-01-21,Police,-0.8238649762007128,-1.2101737191482849,1.3621065745757797,-1.2369615411013293,-1.2438097038155838,-1.6755455158151198,-0.349750824881539,0,0.298041334358157,1.0769527444706675,0.2918125783627955,0.5457165052879057,-0.703459734131903,0.5115267965346528,-0.8986003257406907,0.36704713820288415,-2.199388964623129,-2.057009655154806,-1.2086686625349987,-0.6299623058706817
1.3198033683697152,1990-07-20,250/500,-0.2195411888909527,-1.1511943703957261,-0.48054771093571935,-0.9019267788874382,-1.2177376262934057,2015-02-18,Other,1.1400563019893057,0.009759465477002306,1.3621065745757797,1.247502062429179,-0.13229882641160284,0.4974914347866618,0.3154908772231269,0,0.9971218684273209,-0.9285458485845719,1.0119672581156953,0.7578206403856677,0.9491431001081818,0.877629967425337,0.14810943050938574,-1.2987279697173422,0.3406724586011453,0.846356037103883,-1.2086686625349987,-0.6299623058706817
-0.6534884856592632,2005-04-17,250/500,-1.038724729528836,-0.543177263463219,2.133492421080886,1.513874806679944,0.9538505081700629,2015-02-26,Other,-0.8238649762007128,0.009759465477002306,0.461837853772224,-0.13002231180555826,-0.12400396911754329,-0.5683667672149921,-0.1834403993553725,0,0.298041334358157,1.0769527444706675,-1.3385668981870218,0.7578206403856677,0.8595723265323993,-1.3569835982093803,-0.7939293501156832,0.36704713820288415,0.5885544318738691,0.846356037103883,1.1294749572214562,-0.6299623058706817
1.2101760431458832,1994-02-10,250/500,-0.2195411888909527,1.2812022274095605,-0.48054771093571935,1.95539575025318,0.9538505081700629,2015-01-29,Other,1.1400563019893057,1.2296926501022896,-0.4384308670313317,1.1409079144229195,1.1616989114616882,1.0897526026981177,0.9807325793277929,1,-1.4147801864822238,1.0769527444706675,-1.3385668981870218,0.7578206403856677,1.0750375053644652,-0.18218099784304848,0.20499583030558555,0.36704713820288415,0.3406724586011453,0.08671477239350854,-1.2086686625349987,1.6152057698578444
0.0042754656837296155,1995-03-29,500/1000,-1.038724729528836,0.41987884363801403,1.6978190657447854,-0.9019267788874382,-0.598301010889072,2015-02-08,Other,1.1400563019893057,1.2296926501022896,0.461837853772224,1.1450076893462373,-0.18414168449947507,0.7496527191568344,1.1470430048539593,1,-1.4147801864822238,1.0769527444706675,0.2918125783627955,-1.5215003504028333,1.0750375053644652,2.11865766535986,-0.09343897477909328,-1.2987279697173422,0.3406724586011453,0.3743247189079271,0.8830942100667314,1.6152057698578444
1.758312669265044,2007-04-30,250/500,-1.038724729528836,1.4372060769348827,-0.48054771093571935,-0.9019267788874382,0.9538505081700629,2015-01-19,Other,2.1220169410843153,-1.2101737191482849,0.461837853772224,-0.28171398396831204,0.9792120509923781,0.23791364205266058,0.3154908772231269,1,0.298041334358157,1.0769527444706675,1.0119672581156953,0.7578206403856677,0.9491431001081818,0.5115267965346528,0.31597797632307734,-1.0702878146273995,0.3406724586011453,0.846356037103883,0.8830942100667314,1.6152057698578444
0.2235301161313939,2001-02-15,100/300,-1.038724729528836,-0.8809463134215418,-0.48054771093571935,-0.9019267788874382,-0.6267808552754781,2015-02-08,Fire,1.1400563019893057,1.2296926501022896,1.3621065745757797,-0.13617197419053476,2.6775840819510726,0.8598408434194308,0.4818013027492934,1,0.298041334358157,1.0769527444706675,-1.3385668981870218,0.5457165052879057,-1.305159096390018,2.11865766535986,0.14810943050938574,-0.18525772913946104,0.3406724586011453,0.846356037103883,1.1294749572214562,1.6152057698578444
0.0042754656837296155,2001-07-09,250/500,-1.038724729528836,0.8078989363700743,-0.48054771093571935,0.46930086700667756,0.9538505081700629,2015-01-07,Fire,1.1400563019893057,-1.2101737191482849,1.3621065745757797,-0.9233287594675275,-0.3189331155279429,-0.9227699168865162,0.8144221538016264,0,0.298041334358157,-0.9285458485845719,0.2918125783627955,0.7578206403856677,1.0750375053644652,-0.010873920661118891,-0.49673854432325054,0.36704713820288415,0.3406724586011453,0.08671477239350854,-1.2086686625349987,-0.5342117343357785
-0.8727431361069276,2008-09-06,500/1000,-1.038724729528836,2.923283241477047,-0.48054771093571935,-0.9019267788874382,0.9538505081700629,2015-02-13,Fire,1.1400563019893057,0.009759465477002306,-0.4384308670313317,-0.09927399988067573,1.3483332005780284,0.9361249294473822,-1.680234229090871,0,-1.4147801864822238,-0.9285458485845719,-1.3385668981870218,-1.5215003504028333,0.9491431001081818,0.5115267965346528,-0.12958907625083857,-1.0702878146273995,0.3406724586011453,0.08671477239350854,-1.2086686625349987,-0.5342117343357785
0.5524120918028903,2004-12-19,100/300,-0.2195411888909527,-0.413550083736682,-0.48054771093571935,0.8892842035763413,-1.2782572956145188,2015-02-15,Fire,1.1400563019893057,-1.2101737191482849,1.3621065745757797,0.501343026385363,-0.5097148332913127,-0.17741082632174135,0.8144221538016264,0,0.9971218684273209,-0.9285458485845719,0.2918125783627955,0.5457165052879057,0.8595723265323993,-0.18218099784304848,2.854601800241727,-1.2987279697173422,0.3406724586011453,0.08671477239350854,-0.4966602910963925,1.6152057698578444
-0.10535185954010252,2000-11-15,100/300,1.4188258923848136,-0.5436695185761041,-0.48054771093571935,-0.9019267788874382,-0.6517007191135835,2015-02-14,Ambulance,-0.8238649762007128,-1.2101737191482849,-0.4384308670313317,1.8501689761568765,1.87920406739784,1.0426047995280643,-0.349750824881539,0,0.9971218684273209,-0.9285458485845719,-1.3385668981870218,0.5457165052879057,0.9491431001081818,0.6116045429450133,-0.8889085687383753,0.7570369184318504,0.5885544318738691,0.08671477239350854,0.8830942100667314,-0.5342117343357785
-0.8727431361069276,2007-03-14,500/1000,-1.038724729528836,0.9701380173252804,1.6978190657447854,0.530324086850133,-0.612540933082275,2015-01-31,Police,-0.8238649762007128,1.2296926501022896,-0.4384308670313317,-1.2246622163313763,-1.3827485634910812,-1.699914043296271,-1.680234229090871,0,0.298041334358157,-0.9285458485845719,-1.3385668981870218,-1.5215003504028333,-0.703459734131903,-1.360764497328115,-0.47991642324066014,0.36704713820288415,-2.199388964623129,-2.057009655154806,-1.2086686625349987,-0.6299623058706817
0.11390279090756175,2004-12-28,100/300,-1.038724729528836,-0.4168728057486594,-0.48054771093571935,0.32571682031619426,-0.19602320893108516,2015-01-28,Fire,-0.8238649762007128,-1.2101737191482849,-1.3386995878348875,-0.21406769773357048,-0.20902625638165376,0.6987966618048668,-0.6823716759338719,0,-1.4147801864822238,-0.9285458485845719,-1.3385668981870218,0.5457165052879057,1.0750375053644652,-0.7554705550788714,-0.47991642324066014,0.36704713820288415,0.5885544318738691,0.08671477239350854,-0.4966602910963925,-0.6299623058706817
1.758312669265044,1999-07-05,250/500,-1.038724729528836,-1.553941095254946,-0.48054771093571935,1.1477354876192114,0.9538505081700629,2015-03-01,Fire,2.1220169410843153,-1.2101737191482849,0.461837853772224,-0.5338501417523488,-0.5325256908499766,-0.47407116087488554,-1.347613378038538,0,0.298041334358157,1.0769527444706675,0.2918125783627955,0.7578206403856677,1.0750375053644652,-0.18218099784304848,-0.7939293501156832,-0.18525772913946104,0.3406724586011453,0.846356037103883,1.1294749572214562,-0.6299623058706817
2.0871946449365404,1997-11-15,100/300,1.4188258923848136,-0.45596606596365685,-0.48054771093571935,-0.9019267788874382,-0.4701417111502443,2015-01-10,Other,1.1400563019893057,0.009759465477002306,-0.4384308670313317,0.36605045391587987,-0.5781474059673041,-0.543998239733841,-0.1834403993553725,0,-1.4147801864822238,1.0769527444706675,1.0119672581156953,0.5457165052879057,0.6889613292451924,0.5115267965346528,-0.47991642324066014,0.36704713820288415,0.3406724586011453,0.846356037103883,-0.4966602910963925,-0.5342117343357785
-0.434233835211599,2010-09-27,100/300,-1.038724729528836,0.017542331372865705,-0.48054771093571935,1.5569500206870888,-0.5449013026645604,2015-02-25,Fire,1.1400563019893057,1.2296926501022896,-1.3386995878348875,1.423792384131839,-0.043129110500462586,1.0378370441513174,1.1470430048539593,0,0.9971218684273209,-0.9285458485845719,0.2918125783627955,0.5457165052879057,0.9491431001081818,-0.4323437137277715,-0.09343897477909328,-0.18525772913946104,0.3406724586011453,0.08671477239350854,-0.3588522192050495,-0.6299623058706817
-0.434233835211599,1993-08-30,100/300,-1.038724729528836,0.6992336202005821,-0.48054771093571935,-0.9019267788874382,0.9538505081700629,2015-01-30,Police,1.1400563019893057,-1.2101737191482849,-1.3386995878348875,2.079756371862666,0.28866518126191976,1.2502670337152653,-1.680234229090871,0,0.9971218684273209,1.0769527444706675,1.0119672581156953,0.5457165052879057,-1.23638377514092,-0.18218099784304848,2.854601800241727,0.7570369184318504,0.3406724586011453,0.08671477239350854,-1.2086686625349987,1.6152057698578444
-0.7631158108830954,1998-01-29,500/1000,-1.038724729528836,1.3758792941212212,-0.48054771093571935,1.212348308629929,-0.08210383138546058,2015-02-06,Ambulance,-0.8238649762007128,1.2296926501022896,1.3621065745757797,-0.4293058812077482,-0.4267662603507172,0.25380615997515044,-1.5139238035647045,0,-1.4147801864822238,1.0769527444706675,1.0119672581156953,-1.5215003504028333,-1.305159096390018,-0.6148153417848631,0.31597797632307734,-1.2987279697173422,0.5885544318738691,0.846356037103883,-1.2086686625349987,-0.5342117343357785
-0.3246065099877668,2007-08-18,250/500,-0.2195411888909527,0.0723057126813872,-0.48054771093571935,0.9287698164162242,0.9538505081700629,2015-02-08,Fire,-0.8238649762007128,1.2296926501022896,1.3621065745757797,0.41524775299569194,0.4276040409374174,-0.2552841641419417,-1.680234229090871,0,0.298041334358157,1.0769527444706675,0.2918125783627955,0.7578206403856677,0.8595723265323993,-0.18218099784304848,-0.4060310286818311,-0.18525772913946104,0.5885544318738691,0.846356037103883,0.8830942100667314,-0.5342117343357785
2.3064492953842044,1992-04-14,250/500,-1.038724729528836,0.43198011516311813,-0.48054771093571935,1.52464361018173,-1.3708167898703387,2015-01-13,Ambulance,-0.8238649762007128,-1.2101737191482849,0.461837853772224,1.5344863070614159,0.012861176234439437,1.1522631731932444,-0.017129973829206037,0,0.298041334358157,1.0769527444706675,-1.3385668981870218,0.7578206403856677,-1.23638377514092,-0.6148153417848631,-0.49673854432325054,0.7570369184318504,0.5885544318738691,0.3743247189079271,-0.3588522192050495,-0.6299623058706817
-0.434233835211599,1993-08-09,250/500,-0.2195411888909527,-1.3850155490163774,-0.48054771093571935,2.0989797969436634,0.9538505081700629,2015-01-18,Ambulance,-0.8238649762007128,-1.2101737191482849,1.3621065745757797,0.128263508363455,0.1372840356453328,-0.30137246611716234,-1.347613378038538,0,0.9971218684273209,-0.9285458485845719,1.0119672581156953,0.7578206403856677,-0.703459734131903,-0.4323437137277715,-0.09343897477909328,0.36704713820288415,0.5885544318738691,0.3743247189079271,-0.4966602910963925,-0.6299623058706817
-0.8727431361069276,1991-04-02,250/500,-0.2195411888909527,0.49318383419855905,-0.48054771093571935,1.7041236685448342,0.9538505081700629,2015-03-01,Other,1.1400563019893057,1.2296926501022896,-0.4384308670313317,-0.33296117050978297,0.8755263348166336,-0.16257780959408413,-1.347613378038538,0,0.9971218684273209,-0.9285458485845719,1.0119672581156953,0.7578206403856677,-1.305159096390018,-0.010873920661118891,-0.8889085687383753,-0.18525772913946104,0.3406724586011453,0.08671477239350854,-0.4966602910963925,-0.6299623058706817
1.9775673197127082,2007-03-15,100/300,-0.2195411888909527,-1.0725155948528475,1.6978190657447854,0.9467178222525346,-0.9008993574946372,2015-02-02,Police,1.1400563019893057,-1.2101737191482849,1.3621065745757797,1.0179146667233894,1.0372760520507949,0.2898292005994608,0.3154908772231269,1,0.9971218684273209,1.0769527444706675,0.2918125783627955,0.5457165052879057,0.8595723265323993,-0.4323437137277715,-0.10897717628887865,0.7570369184318504,0.3406724586011453,0.846356037103883,0.8830942100667314,1.6152057698578444
0.4427847665790582,2010-05-01,100/300,-1.038724729528836,1.0301110985785067,2.133492421080886,-0.9019267788874382,0.9538505081700629,2015-01-20,Other,1.1400563019893057,1.2296926501022896,-0.4384308670313317,1.2434022875058615,-0.13437254073511773,0.13620152734872543,1.6459742814324587,1,0.298041334358157,1.0769527444706675,1.0119672581156953,0.5457165052879057,1.0750375053644652,0.877629967425337,-0.4060310286818311,0.7570369184318504,0.3406724586011453,0.846356037103883,-0.4966602910963925,1.6152057698578444
-0.9823704613307597,2003-06-24,500/1000,-1.038724729528836,-3.1682096954443963,-0.48054771093571935,-0.14452093259513868,-1.2106176651968041,2015-01-24,Fire,1.1400563019893057,-1.2101737191482849,0.461837853772224,0.9195200685637653,0.9377377645220802,0.20083110023351755,1.6459742814324587,1,-1.4147801864822238,-0.9285458485845719,1.0119672581156953,-1.5215003504028333,0.8595723265323993,-1.3569835982093803,-0.10897717628887865,0.7570369184318504,0.3406724586011453,0.3743247189079271,0.8830942100667314,1.6152057698578444
1.2101760431458832,1990-07-08,500/1000,-0.2195411888909527,1.2487133899591127,-0.48054771093571935,-0.14093133142787662,0.9538505081700629,2015-01-04,Police,1.1400563019893057,0.009759465477002306,1.3621065745757797,1.0958103902664251,1.1160771963443608,0.3602860300558326,1.1470430048539593,0,0.298041334358157,-0.9285458485845719,0.2918125783627955,-1.5215003504028333,-1.23638377514092,-0.7554705550788714,-0.4060310286818311,-1.2987279697173422,0.3406724586011453,0.846356037103883,-0.4966602910963925,-0.6299623058706817
-0.21497918476393468,1994-09-24,100/300,-1.038724729528836,0.8212718669367992,-0.48054771093571935,0.7600585615549064,0.9538505081700629,2015-01-17,Ambulance,-0.8238649762007128,1.2296926501022896,-1.3386995878348875,-0.4990020549041486,-0.4972725473502234,-0.1551613012302555,-0.349750824881539,0,-1.4147801864822238,-0.9285458485845719,1.0119672581156953,0.5457165052879057,0.6889613292451924,-1.3569835982093803,-0.09343897477909328,-1.0702878146273995,0.5885544318738691,0.846356037103883,0.8830942100667314,-0.5342117343357785
0.0042754656837296155,2012-06-20,500/1000,-0.2195411888909527,-0.5262765045874802,-0.48054771093571935,-0.9019267788874382,-0.7229003300795989,2015-02-04,Fire,1.1400563019893057,1.2296926501022896,-0.4384308670313317,1.0097151168767542,-0.25257425717546644,0.2824126922356322,0.3154908772231269,0,0.9971218684273209,-0.9285458485845719,0.2918125783627955,-1.5215003504028333,0.6889613292451924,-0.6148153417848631,-0.2986569288656468,1.4777448606394794,0.3406724586011453,0.846356037103883,-0.3588522192050495,-0.5342117343357785
0.7716667422505546,2006-04-19,100/300,-1.038724729528836,0.4151203775467874,-0.48054771093571935,0.9969722385942038,0.9538505081700629,2015-02-14,Ambulance,1.1400563019893057,-1.2101737191482849,-1.3386995878348875,-0.3206618457398299,0.9004109066988122,0.47842041327967394,-0.6823716759338719,0,0.298041334358157,-0.9285458485845719,0.2918125783627955,0.5457165052879057,0.9491431001081818,0.779381941338854,-0.47991642324066014,-1.2987279697173422,0.3406724586011453,0.3743247189079271,-0.4966602910963925,1.6152057698578444
2.416076620608037,1999-04-07,100/300,-0.2195411888909527,-0.09932723667805282,-0.48054771093571935,0.8892842035763413,-1.256897412324714,2015-01-07,Other,-0.8238649762007128,1.2296926501022896,-1.3386995878348875,-0.07877512526408736,1.3898074870483261,0.6050308060621765,0.3154908772231269,0,-1.4147801864822238,-0.9285458485845719,0.2918125783627955,0.5457165052879057,-1.23638377514092,-1.3569835982093803,0.14810943050938574,-0.18525772913946104,0.5885544318738691,0.846356037103883,-0.3588522192050495,-0.6299623058706817
-0.21497918476393468,2001-12-07,100/300,-0.2195411888909527,-1.3160177906935815,-0.48054771093571935,1.6323316451995926,-0.7727400577558096,2015-02-02,Police,1.1400563019893057,1.2296926501022896,-0.4384308670313317,2.0367087351678306,-0.33344911579254716,-0.1689348167630801,-0.017129973829206037,0,-1.4147801864822238,1.0769527444706675,1.0119672581156953,0.5457165052879057,0.6889613292451924,-0.010873920661118891,-0.47991642324066014,1.4777448606394794,0.3406724586011453,0.08671477239350854,0.8830942100667314,-0.5342117343357785
0.7716667422505546,2006-11-25,250/500,-1.038724729528836,0.18597562249854863,-0.48054771093571935,-0.9019267788874382,-0.918699260236141,2015-01-12,Fire,1.1400563019893057,0.009759465477002306,-1.3386995878348875,-0.4457049809010189,0.6474177592299957,0.21990212174050539,0.9807325793277929,0,0.298041334358157,-0.9285458485845719,-1.3385668981870218,0.7578206403856677,0.6889613292451924,-0.6148153417848631,-0.2705744719906447,-1.0702878146273995,0.3406724586011453,0.3743247189079271,-1.2086686625349987,-0.6299623058706817
0.0042754656837296155,1996-12-06,100/300,-1.038724729528836,0.03276121861291175,-0.48054771093571935,1.5318228125162543,0.9538505081700629,2015-01-01,Fire,-0.8238649762007128,0.009759465477002306,-0.4384308670313317,0.1979596820598554,-0.6631696932314146,-0.674316886698258,-1.680234229090871,0,0.298041334358157,1.0769527444706675,1.0119672581156953,0.5457165052879057,1.0750375053644652,0.779381941338854,0.17037985085513224,-1.2987279697173422,0.5885544318738691,0.08671477239350854,-0.3588522192050495,-0.6299623058706817
-0.21497918476393468,2012-07-10,500/1000,-1.038724729528836,0.8645492956113231,-0.48054771093571935,0.48724887284298796,-0.22450305331749132,2015-02-22,Ambulance,-0.8238649762007128,0.009759465477002306,1.3621065745757797,-0.2263670225035235,-0.2214685423227431,0.673368633128883,-0.8486821014600384,0,-1.4147801864822238,-0.9285458485845719,1.0119672581156953,-1.5215003504028333,0.9491431001081818,0.6116045429450133,-0.09343897477909328,-1.0702878146273995,0.5885544318738691,0.3743247189079271,-0.4966602910963925,-0.5342117343357785
-0.6534884856592632,2014-04-07,250/500,1.4188258923848136,-0.5438336036137326,-0.48054771093571935,-0.9019267788874382,0.9538505081700629,2015-01-16,Ambulance,1.1400563019893057,-1.2101737191482849,-0.4384308670313317,0.2881547303728441,-0.617547978114087,-0.3702400437812851,-1.680234229090871,0,-1.4147801864822238,-0.9285458485845719,0.2918125783627955,0.7578206403856677,0.8595723265323993,0.9577113773675267,-0.10897717628887865,-1.0702878146273995,0.3406724586011453,0.846356037103883,-1.2086686625349987,-0.5342117343357785
-1.201625111778424,2003-10-11,250/500,-0.2195411888909527,0.25763976268280797,-0.48054771093571935,1.5102852055126816,-1.1607779375205933,2015-01-28,Police,2.1220169410843153,0.009759465477002306,-1.3386995878348875,-0.8023853992296562,-0.8041822672304271,-0.7039829201535723,0.14918045169696045,0,-1.4147801864822238,1.0769527444706675,-1.3385668981870218,0.7578206403856677,-1.23638377514092,-0.18218099784304848,0.31597797632307734,-1.2987279697173422,0.3406724586011453,0.08671477239350854,-1.2086686625349987,-0.6299623058706817
-0.7631158108830954,2015-01-17,100/300,1.4188258923848136,0.9251376957556566,-0.48054771093571935,0.8605673942382447,-0.6517007191135835,2015-01-23,Police,-0.8238649762007128,0.009759465477002306,0.461837853772224,-1.5218958982719073,-1.5299822804606384,-2.0055801380054925,-0.5160612504077055,0,0.9971218684273209,-0.9285458485845719,0.2918125783627955,0.5457165052879057,0.9491431001081818,0.6116045429450133,-0.8889085687383753,0.36704713820288415,-2.061745637196139,-2.057009655154806,-1.2086686625349987,-0.8134538954280631
2.416076620608037,1992-12-07,100/300,-0.2195411888909527,0.2919745568065778,-0.48054771093571935,1.000561839761466,0.9538505081700629,2015-02-25,Fire,-0.8238649762007128,1.2296926501022896,-0.4384308670313317,-0.24071623473513534,-0.23598454258734733,0.31207872569094663,-0.349750824881539,0,0.298041334358157,-0.9285458485845719,-1.3385668981870218,0.5457165052879057,-1.23638377514092,-0.4323437137277715,-0.49673854432325054,1.4777448606394794,0.5885544318738691,0.3743247189079271,-1.2086686625349987,-0.6299623058706817
0.11390279090756175,2004-11-29,100/300,-1.038724729528836,0.8489201957772061,-0.48054771093571935,-0.9019267788874382,0.9538505081700629,2015-02-11,Police,1.1400563019893057,-1.2101737191482849,-1.3386995878348875,-0.22431713504186468,-0.21939482799922821,1.0134685166701662,-0.349750824881539,0,-1.4147801864822238,-0.9285458485845719,1.0119672581156953,0.5457165052879057,0.6889613292451924,0.5115267965346528,-0.12958907625083857,-1.0702878146273995,0.3406724586011453,0.846356037103883,1.1294749572214562,-0.5342117343357785
-0.10535185954010252,2004-01-02,100/300,1.4188258923848136,-0.505191577252215,-0.48054771093571935,1.2590131238043358,0.9538505081700629,2015-01-03,Police,1.1400563019893057,1.2296926501022896,0.461837853772224,-0.49080250505751327,1.601326348046845,0.1266660165952315,-0.349750824881539,0,-1.4147801864822238,1.0769527444706675,0.2918125783627955,0.5457165052879057,1.0750375053644652,-1.360764497328115,-0.3109737959160864,0.36704713820288415,0.3406724586011453,0.3743247189079271,-1.2086686625349987,-0.5342117343357785
2.416076620608037,2006-01-25,500/1000,-0.2195411888909527,-0.9011697943092581,-0.48054771093571935,-0.9019267788874382,0.3949335620868423,2015-01-30,Police,1.1400563019893057,1.2296926501022896,-0.4384308670313317,-0.14232163657551125,1.261237198990403,1.2041787317400447,-0.017129973829206037,0,0.298041334358157,-0.9285458485845719,1.0119672581156953,-1.5215003504028333,-1.23638377514092,0.6116045429450133,-0.12958907625083857,0.7570369184318504,0.3406724586011453,0.846356037103883,1.1294749572214562,-0.6299623058706817
2.416076620608037,1993-04-18,250/500,-0.2195411888909527,1.2544153450167035,-0.48054771093571935,0.6344225207007334,-1.474056225771061,2015-01-18,Fire,-0.8238649762007128,0.009759465477002306,0.461837853772224,0.31685315483606785,-0.6030319778494828,-0.10642424626795326,0.6481117282754599,0,-1.4147801864822238,-0.9285458485845719,1.0119672581156953,0.7578206403856677,-1.305159096390018,-0.7554705550788714,-0.7525478016127732,0.36704713820288415,0.5885544318738691,0.3743247189079271,-1.2086686625349987,-0.5342117343357785
-1.0919977865545918,2006-12-09,100/300,-0.2195411888909527,0.6923830698795909,-0.48054771093571935,1.3379843494841017,-0.9080193185912387,2015-01-04,Ambulance,-0.8238649762007128,-1.2101737191482849,1.3621065745757797,0.8457241199440473,0.8630840488755442,0.44027837026569827,0.6481117282754599,0,0.9971218684273209,-0.9285458485845719,-1.3385668981870218,0.5457165052879057,0.9491431001081818,-0.010873920661118891,-0.2705744719906447,1.4777448606394794,0.5885544318738691,0.3743247189079271,1.1294749572214562,-0.6299623058706817
0.2235301161313939,1997-08-30,500/1000,1.4188258923848136,1.469120616753632,-0.48054771093571935,1.5066956043454196,0.9538505081700629,2015-01-20,Police,-0.8238649762007128,-1.2101737191482849,-0.4384308670313317,-1.3845534383407654,-1.3931171351086558,-1.8832077500023208,0.9807325793277929,0,0.9971218684273209,-0.9285458485845719,-1.3385668981870218,-1.5215003504028333,-0.703459734131903,0.6116045429450133,0.20499583030558555,1.4777448606394794,-2.199388964623129,-2.057009655154806,-0.4966602910963925,-0.6299623058706817
-0.6534884856592632,1991-06-03,250/500,-1.038724729528836,-0.08410834943800677,-0.48054771093571935,-0.9019267788874382,-0.7798600188524111,2015-02-12,Police,-0.8238649762007128,-1.2101737191482849,-0.4384308670313317,-1.4296509624972598,-1.3433479913442985,-1.814340172338198,-0.349750824881539,0,0.298041334358157,1.0769527444706675,-1.3385668981870218,0.7578206403856677,1.0750375053644652,-1.360764497328115,-0.49673854432325054,-1.2987279697173422,-2.061745637196139,-2.057009655154806,-0.4966602910963925,-0.8134538954280631
0.9909213926982189,1995-09-06,500/1000,1.4188258923848136,-0.9805459312620578,-0.48054771093571935,1.2482443203025497,-0.28502272263860434,2015-02-19,Police,1.1400563019893057,-1.2101737191482849,-1.3386995878348875,-0.8556824732327859,-0.1820679701759602,-0.627698834125621,-0.017129973829206037,1,-1.4147801864822238,-0.9285458485845719,-1.3385668981870218,-1.5215003504028333,0.9491431001081818,-0.18218099784304848,3.3337478190965757,0.7570369184318504,0.3406724586011453,0.3743247189079271,-1.2086686625349987,-0.5342117343357785
0.11390279090756175,2000-02-09,100/300,1.4188258923848136,0.20098940344155922,-0.48054771093571935,0.7528793592203822,-0.7157803689829972,2015-02-21,Ambulance,1.1400563019893057,1.2296926501022896,-0.4384308670313317,0.05446755974373692,-0.7357496945544357,0.03025140786545962,0.4818013027492934,1,0.9971218684273209,1.0769527444706675,0.2918125783627955,0.5457165052879057,-0.703459734131903,-0.18218099784304848,2.854601800241727,-1.2987279697173422,0.3406724586011453,0.3743247189079271,-0.4966602910963925,1.6152057698578444
-1.311252437002256,1996-07-23,500/1000,1.4188258923848136,-0.33991692310088023,-0.48054771093571935,0.9072322094126517,-1.2355375290349095,2015-02-02,Fire,2.1220169410843153,-1.2101737191482849,-1.3386995878348875,0.6776333480880228,-0.42054511738017253,0.26652017431314234,1.1470430048539593,0,0.298041334358157,1.0769527444706675,0.2918125783627955,-1.5215003504028333,0.8595723265323993,-1.360764497328115,-0.7525478016127732,-0.18525772913946104,0.3406724586011453,0.846356037103883,-0.4966602910963925,-0.6299623058706817
-0.9823704613307597,2005-09-21,500/1000,-0.2195411888909527,-0.10662902085252217,-0.48054771093571935,-0.9019267788874382,-0.17466332564128056,2015-02-01,Fire,1.1400563019893057,0.009759465477002306,0.461837853772224,-0.8761813478493743,-0.8788359828769631,-0.8374800707024872,0.3154908772231269,0,0.9971218684273209,1.0769527444706675,-1.3385668981870218,-1.5215003504028333,0.8595723265323993,-1.3569835982093803,0.20499583030558555,-1.2987279697173422,0.3406724586011453,0.3743247189079271,0.8830942100667314,-0.6299623058706817
-0.5438611604354311,2011-12-30,250/500,-1.038724729528836,0.17301290452589557,-0.48054771093571935,1.1477354876192114,0.9538505081700629,2015-01-08,Fire,-0.8238649762007128,1.2296926501022896,-0.4384308670313317,0.17336103251994936,0.18290575076266039,-0.47407116087488554,-1.1813029525123715,1,-1.4147801864822238,-0.9285458485845719,0.2918125783627955,0.7578206403856677,0.8595723265323993,0.6116045429450133,-0.09343897477909328,0.7570369184318504,0.5885544318738691,0.3743247189079271,3.415890619557508,1.6152057698578444
-0.5438611604354311,1996-07-21,100/300,-1.038724729528836,0.8727125262333424,-0.48054771093571935,-0.9019267788874382,-1.0966982876511795,2015-01-16,Fire,-0.8238649762007128,-1.2101737191482849,-1.3386995878348875,0.06266710959037226,-0.731602265907406,-0.5741940237865717,1.1470430048539593,0,-1.4147801864822238,-0.9285458485845719,1.0119672581156953,0.5457165052879057,0.6889613292451924,0.5115267965346528,0.14810943050938574,0.36704713820288415,0.5885544318738691,0.846356037103883,-0.3588522192050495,-0.6299623058706817
0.0042754656837296155,1996-04-08,250/500,-1.038724729528836,0.5485215131387798,-0.48054771093571935,2.1097486004454495,-0.9008993574946372,2015-02-20,Police,-0.8238649762007128,1.2296926501022896,-0.4384308670313317,-1.3066577147977296,-1.4242228499613792,-1.7846741388828835,0.9807325793277929,0,-1.4147801864822238,1.0769527444706675,0.2918125783627955,0.7578206403856677,-1.305159096390018,0.6116045429450133,-0.10897717628887865,1.4777448606394794,-2.061745637196139,-2.057009655154806,0.8830942100667314,-0.8134538954280631
-0.7631158108830954,2001-03-04,500/1000,-1.038724729528836,1.7929834597729366,2.569165776416987,-0.9019267788874382,0.9538505081700629,2015-01-30,Other,-0.8238649762007128,-1.2101737191482849,0.461837853772224,-0.5461494665223018,0.44419375552553647,0.26493092252089334,-1.680234229090871,1,0.9971218684273209,-0.9285458485845719,0.2918125783627955,-1.5215003504028333,-0.703459734131903,-0.6148153417848631,2.854601800241727,-1.2987279697173422,0.5885544318738691,0.846356037103883,-0.4966602910963925,-0.5342117343357785
0.0042754656837296155,2001-10-19,100/300,1.4188258923848136,-0.47934818382572125,-0.48054771093571935,-0.9019267788874382,-0.35622233360461975,2015-01-19,Police,1.1400563019893057,-1.2101737191482849,1.3621065745757797,-0.6629930518368554,0.20779032264483907,-0.2293263848685416,1.6459742814324587,0,0.298041334358157,1.0769527444706675,0.2918125783627955,0.5457165052879057,-1.23638377514092,-0.010873920661118891,-0.3109737959160864,-1.2987279697173422,0.3406724586011453,0.846356037103883,-0.3588522192050495,-0.5342117343357785
-0.7631158108830954,2006-08-18,100/300,-0.2195411888909527,0.22031041662231843,-0.48054771093571935,0.14982636312035216,0.9538505081700629,2015-02-25,Ambulance,-0.8238649762007128,-1.2101737191482849,-0.4384308670313317,-0.34116072035641826,-0.33759654443957693,0.4360403654863676,-0.349750824881539,0,0.298041334358157,-0.9285458485845719,0.2918125783627955,0.5457165052879057,-1.305159096390018,0.9577113773675267,-0.8889085687383753,0.7570369184318504,0.5885544318738691,0.08671477239350854,-0.4966602910963925,-0.5342117343357785
0.9909213926982189,2013-04-28,250/500,1.4188258923848136,1.9423008440148968,2.569165776416987,0.7600585615549064,-0.5306613804713574,2015-01-24,Fire,1.1400563019893057,1.2296926501022896,-1.3386995878348875,-0.5645984536772313,0.40686689770226847,0.22202112413017072,-1.680234229090871,0,0.298041334358157,1.0769527444706675,-1.3385668981870218,0.7578206403856677,0.8595723265323993,0.779381941338854,-0.09343897477909328,0.36704713820288415,0.3406724586011453,0.3743247189079271,-1.2086686625349987,-0.6299623058706817
0.8812940674743868,2009-11-29,250/500,-1.038724729528836,1.4753148269241088,2.569165776416987,-0.9019267788874382,-1.164337918068894,2015-01-16,Fire,1.1400563019893057,-1.2101737191482849,1.3621065745757797,-0.38625824451291263,-0.3832182595569045,-0.24521890279103145,-1.014992526986205,0,-1.4147801864822238,1.0769527444706675,1.0119672581156953,0.7578206403856677,0.9491431001081818,-1.3569835982093803,-0.47991642324066014,-0.18525772913946104,0.3406724586011453,0.08671477239350854,-1.2086686625349987,-0.5342117343357785
1.867939994488876,1990-02-15,100/300,-1.038724729528836,2.784713427199755,1.2621457104086844,0.8749257989072929,-1.93329371650186,2015-01-12,Ambulance,-0.8238649762007128,1.2296926501022896,1.3621065745757797,1.9321644746232298,0.21401146561538373,1.5633496367883157,-0.1834403993553725,1,0.9971218684273209,1.0769527444706675,1.0119672581156953,0.5457165052879057,-1.305159096390018,-0.18218099784304848,0.14810943050938574,-1.0702878146273995,0.5885544318738691,0.846356037103883,-0.4966602910963925,1.6152057698578444
-0.6534884856592632,2002-04-12,250/500,-0.2195411888909527,-1.648495098188385,-0.48054771093571935,0.45853206350489134,0.9538505081700629,2015-01-04,Fire,-0.8238649762007128,-1.2101737191482849,-0.4384308670313317,-0.8946303350043038,-0.260869114469526,-0.870854358339716,1.6459742814324587,0,-1.4147801864822238,-0.9285458485845719,0.2918125783627955,0.7578206403856677,1.0750375053644652,0.877629967425337,-0.10897717628887865,0.36704713820288415,0.5885544318738691,0.08671477239350854,1.1294749572214562,-0.6299623058706817
-1.6401344126737525,1999-02-21,250/500,1.4188258923848136,1.2776743991005475,1.2621457104086844,0.7780065673912168,0.9538505081700629,2015-02-02,Fire,-0.8238649762007128,1.2296926501022896,-1.3386995878348875,0.7965268208642353,-0.36040740199824073,0.08958347477608847,-1.014992526986205,0,0.9971218684273209,-0.9285458485845719,-1.3385668981870218,0.7578206403856677,-1.23638377514092,-0.010873920661118891,0.31597797632307734,-0.18525772913946104,0.5885544318738691,0.08671477239350854,-0.4966602910963925,1.6152057698578444
-1.6401344126737525,2011-06-18,500/1000,1.4188258923848136,1.204082259724153,-0.48054771093571935,-0.9019267788874382,-0.032264103709249835,2015-02-01,Police,-0.8238649762007128,-1.2101737191482849,-0.4384308670313317,-1.388653213264083,-1.3972645637556855,-1.869434234469496,-1.1813029525123715,0,0.9971218684273209,-0.9285458485845719,0.2918125783627955,-1.5215003504028333,0.9491431001081818,-0.010873920661118891,-0.7525478016127732,-1.0702878146273995,-2.061745637196139,-2.057009655154806,-0.3588522192050495,-0.8134538954280631
-0.9823704613307597,1995-03-26,250/500,1.4188258923848136,0.46729941951265913,-0.48054771093571935,0.8533881919037205,0.9538505081700629,2015-02-14,Police,-0.8238649762007128,-1.2101737191482849,1.3621065745757797,-0.8105849490762915,-0.09082453994130504,-0.7188159368812296,-1.014992526986205,0,0.9971218684273209,1.0769527444706675,0.2918125783627955,0.7578206403856677,0.8595723265323993,0.779381941338854,-0.2705744719906447,-0.18525772913946104,0.5885544318738691,0.846356037103883,0.8830942100667314,-0.6299623058706817
-0.3246065099877668,1991-05-03,250/500,-1.038724729528836,0.43723083636723087,-0.48054771093571935,0.6487809253697817,0.9538505081700629,2015-02-08,Other,1.1400563019893057,1.2296926501022896,-1.3386995878348875,0.1057147462852078,0.11447317808666903,1.3599254073804454,-0.8486821014600384,0,-1.4147801864822238,-0.9285458485845719,1.0119672581156953,0.7578206403856677,0.6889613292451924,-0.010873920661118891,-0.8889085687383753,0.36704713820288415,0.3406724586011453,0.846356037103883,-0.4966602910963925,-0.6299623058706817
-0.5438611604354311,2001-12-19,250/500,-0.2195411888909527,-1.7581039033242412,0.8264723550725834,-0.9019267788874382,0.9538505081700629,2015-01-22,Police,-0.8238649762007128,1.2296926501022896,0.461837853772224,-0.3760088072046185,-0.37284968793933004,0.3639942842377469,0.6481117282754599,0,0.298041334358157,-0.9285458485845719,1.0119672581156953,0.7578206403856677,0.8595723265323993,-0.6148153417848631,-0.4060310286818311,1.4777448606394794,0.5885544318738691,0.3743247189079271,-0.4966602910963925,-0.5342117343357785
-1.0919977865545918,2012-08-05,250/500,-1.038724729528836,-0.19433247346496946,-0.48054771093571935,1.4241347774983917,-0.6196608941788766,2015-01-14,Ambulance,-0.8238649762007128,0.009759465477002306,-1.3386995878348875,1.8132710018470173,-1.5341297091076682,1.0092305118908356,1.4796638559062922,1,-1.4147801864822238,-0.9285458485845719,0.2918125783627955,0.7578206403856677,-1.305159096390018,-0.18218099784304848,3.3337478190965757,0.36704713820288415,0.5885544318738691,0.846356037103883,1.1294749572214562,-0.6299623058706817
0.7716667422505546,2004-08-09,250/500,1.4188258923848136,-0.5982277935875893,-0.48054771093571935,0.3544336296542909,0.9538505081700629,2015-02-03,Police,-0.8238649762007128,1.2296926501022896,1.3621065745757797,-1.339455914184271,-1.4408125645494982,-1.8185781771175284,-1.680234229090871,0,-1.4147801864822238,1.0769527444706675,0.2918125783627955,0.7578206403856677,0.9491431001081818,0.877629967425337,0.10538658331550528,-0.18525772913946104,-2.061745637196139,-2.057009655154806,-1.2086686625349987,-0.8134538954280631
0.33315744135522607,2014-01-20,500/1000,-1.038724729528836,-1.095405457602027,-0.48054771093571935,0.2646936004727388,0.9538505081700629,2015-01-20,Ambulance,-0.8238649762007128,-1.2101737191482849,-0.4384308670313317,-0.5399998041373253,0.45663604146662584,-0.2293263848685416,1.3133534303801258,0,0.298041334358157,1.0769527444706675,-1.3385668981870218,-1.5215003504028333,-1.305159096390018,-0.18218099784304848,-0.8889085687383753,-1.0702878146273995,0.5885544318738691,0.846356037103883,-1.2086686625349987,-0.6299623058706817
-0.21497918476393468,2011-12-19,250/500,-0.2195411888909527,-0.5856752882090072,-0.48054771093571935,-0.9019267788874382,0.9538505081700629,2015-01-01,Fire,-0.8238649762007128,-1.2101737191482849,-0.4384308670313317,0.6161367242382577,-0.45165083223289587,-0.07357970922814086,-0.017129973829206037,0,-1.4147801864822238,1.0769527444706675,0.2918125783627955,0.7578206403856677,0.8595723265323993,-0.6148153417848631,-0.7525478016127732,0.7570369184318504,0.5885544318738691,0.08671477239350854,0.8830942100667314,1.6152057698578444
-0.10535185954010252,2008-07-28,250/500,1.4188258923848136,0.37044822605242045,-0.48054771093571935,2.002060565427587,-3.0012878809920904,2015-02-02,Ambulance,1.1400563019893057,1.2296926501022896,1.3621065745757797,0.9974157921068011,1.016538908815646,0.5970845471009316,-1.680234229090871,0,0.9971218684273209,-0.9285458485845719,-1.3385668981870218,0.7578206403856677,0.6889613292451924,-0.4323437137277715,-0.7525478016127732,-0.18525772913946104,0.3406724586011453,0.846356037103883,-0.4966602910963925,-0.6299623058706817
-0.5438611604354311,1998-05-05,250/500,1.4188258923848136,1.7660735136018584,-0.48054771093571935,-0.9019267788874382,-1.5238959534472718,2015-01-23,Fire,-0.8238649762007128,0.009759465477002306,0.461837853772224,1.682078204300852,0.08751489188097547,0.8905663780695778,0.6481117282754599,0,0.298041334358157,-0.9285458485845719,1.0119672581156953,0.7578206403856677,0.6889613292451924,-0.4323437137277715,0.10538658331550528,1.4777448606394794,0.5885544318738691,0.08671477239350854,1.1294749572214562,-0.5342117343357785
-0.6534884856592632,1995-04-16,250/500,-0.2195411888909527,-0.30160306681461946,-0.48054771093571935,-0.9019267788874382,0.9538505081700629,2015-01-26,Ambulance,-0.8238649762007128,1.2296926501022896,1.3621065745757797,1.3048989113556264,0.37368746852603024,-0.3034914685068276,1.6459742814324587,1,0.298041334358157,1.0769527444706675,1.0119672581156953,0.7578206403856677,-0.703459734131903,-1.360764497328115,-0.49673854432325054,-1.2987279697173422,0.5885544318738691,0.846356037103883,-0.3588522192050495,1.6152057698578444
0.4427847665790582,1992-02-14,500/1000,1.4188258923848136,1.1491137721185969,-0.48054771093571935,-0.9019267788874382,-1.121618151489285,2015-01-02,Other,1.1400563019893057,-1.2101737191482849,0.461837853772224,-0.22431713504186468,-0.21939482799922821,0.34174475914626107,1.1470430048539593,0,-1.4147801864822238,-0.9285458485845719,-1.3385668981870218,-1.5215003504028333,1.0750375053644652,-0.7554705550788714,-0.8889085687383753,-1.0702878146273995,0.3406724586011453,0.08671477239350854,-0.4966602910963925,-0.5342117343357785
-0.9823704613307597,2007-07-11,250/500,-0.2195411888909527,-0.34356781518811536,-0.48054771093571935,-0.9019267788874382,-0.2814627420903036,2015-02-25,Police,-0.8238649762007128,-1.2101737191482849,1.3621065745757797,-1.4173516377273068,-1.426296564284894,-1.8164591747278631,1.3133534303801258,0,-1.4147801864822238,-0.9285458485845719,-1.3385668981870218,0.7578206403856677,-1.305159096390018,-0.4323437137277715,-0.7525478016127732,-1.2987279697173422,-2.199388964623129,-2.057009655154806,-1.2086686625349987,-0.6299623058706817
1.867939994488876,2010-04-07,250/500,-0.2195411888909527,0.4272626703312985,1.2621457104086844,-0.9019267788874382,-1.3138571010975264,2015-01-15,Ambulance,-0.8238649762007128,1.2296926501022896,-1.3386995878348875,-0.4354555435927247,-0.43298740332126184,0.24109214563715856,-0.017129973829206037,1,-1.4147801864822238,-0.9285458485845719,-1.3385668981870218,0.7578206403856677,-1.305159096390018,0.779381941338854,2.854601800241727,0.36704713820288415,0.5885544318738691,0.3743247189079271,-0.3588522192050495,-0.6299623058706817
0.9909213926982189,1991-03-10,500/1000,1.4188258923848136,0.6791332030910872,2.569165776416987,0.06367593510606215,-1.0148187350402618,2015-02-09,Police,-0.8238649762007128,0.009759465477002306,0.461837853772224,-1.3927529881874008,-1.4677708507551919,-1.8736722392488268,1.3133534303801258,0,0.298041334358157,-0.9285458485845719,1.0119672581156953,-1.5215003504028333,0.9491431001081818,-0.6148153417848631,-0.2705744719906447,-1.2987279697173422,-2.199388964623129,-2.057009655154806,-1.2086686625349987,-0.6299623058706817
-1.5305070874499205,1996-01-20,500/1000,1.4188258923848136,-0.4674109973382465,-0.48054771093571935,1.3631115576549364,-0.9720989684606526,2015-01-16,Ambulance,1.1400563019893057,-1.2101737191482849,-0.4384308670313317,1.4647901333650155,1.4893457745770409,0.307840720911616,0.8144221538016264,0,-1.4147801864822238,-0.9285458485845719,-1.3385668981870218,-1.5215003504028333,-1.305159096390018,0.6116045429450133,-0.7525478016127732,-1.0702878146273995,0.3406724586011453,0.3743247189079271,-0.3588522192050495,-0.5342117343357785
-0.10535185954010252,2010-03-01,250/500,-1.038724729528836,0.6100123809900705,-0.48054771093571935,-0.9019267788874382,0.9538505081700629,2015-02-01,Police,-0.8238649762007128,-1.2101737191482849,-0.4384308670313317,-0.0746753503407697,1.3981023443423857,0.6124473144260052,0.4818013027492934,0,0.298041334358157,-0.9285458485845719,1.0119672581156953,0.7578206403856677,1.0750375053644652,0.877629967425337,-0.8986003257406907,-0.18525772913946104,0.5885544318738691,0.846356037103883,0.8830942100667314,-0.5342117343357785
-0.9823704613307597,2014-06-15,100/300,-1.038724729528836,0.39871187378393463,-0.48054771093571935,2.7056223942109554,0.9538505081700629,2015-02-10,Other,2.1220169410843153,-1.2101737191482849,-1.3386995878348875,-0.4026573442061833,0.734513760817621,0.3089002221064487,0.14918045169696045,0,0.9971218684273209,-0.9285458485845719,1.0119672581156953,0.5457165052879057,0.8595723265323993,-1.3569835982093803,-0.49673854432325054,0.7570369184318504,0.3406724586011453,0.08671477239350854,0.8830942100667314,-0.6299623058706817
0.33315744135522607,2004-11-25,100/300,-1.038724729528836,-0.8261829321130213,-0.48054771093571935,1.5928460323597096,-0.4950615749883497,2015-01-03,Other,-0.8238649762007128,0.009759465477002306,-0.4384308670313317,1.2639011621224496,-0.12400396911754329,0.8725548577574227,0.6481117282754599,1,0.9971218684273209,1.0769527444706675,1.0119672581156953,0.5457165052879057,-1.23638377514092,2.11865766535986,-0.10897717628887865,-1.2987279697173422,0.5885544318738691,0.846356037103883,0.8830942100667314,1.6152057698578444
0.2235301161313939,2000-08-26,250/500,-0.2195411888909527,-1.0565993462028804,-0.48054771093571935,0.02419032226617923,0.9538505081700629,2015-01-01,Police,-0.8238649762007128,1.2296926501022896,-1.3386995878348875,-1.3558550138775418,-1.4491074218435578,-1.8572499707289205,0.6481117282754599,0,0.9971218684273209,1.0769527444706675,0.2918125783627955,0.7578206403856677,0.8595723265323993,-0.6148153417848631,-0.10897717628887865,0.7570369184318504,-2.199388964623129,-2.057009655154806,-1.2086686625349987,-0.8134538954280631
0.8812940674743868,2005-08-23,250/500,1.4188258923848136,-0.414452551443639,-0.48054771093571935,-0.9019267788874382,0.9538505081700629,2015-02-23,Other,-0.8238649762007128,-1.2101737191482849,1.3621065745757797,-0.37805869466627734,0.7842829045819784,0.35975627945841626,0.6481117282754599,0,0.9971218684273209,1.0769527444706675,0.2918125783627955,0.7578206403856677,-1.23638377514092,-0.6148153417848631,-0.8986003257406907,-1.2987279697173422,0.5885544318738691,0.08671477239350854,0.8830942100667314,-0.6299623058706817
-1.0919977865545918,1990-08-09,250/500,-0.2195411888909527,1.927615233147144,-0.48054771093571935,-0.9019267788874382,0.9538505081700629,2015-01-28,Police,-0.8238649762007128,-1.2101737191482849,-1.3386995878348875,-1.37635388849413,-1.2355148465215242,-1.7422940910895772,-1.014992526986205,0,0.9971218684273209,1.0769527444706675,1.0119672581156953,0.7578206403856677,-1.23638377514092,-1.360764497328115,-0.4060310286818311,-1.0702878146273995,-2.199388964623129,-2.057009655154806,-0.3588522192050495,-0.8134538954280631
-0.5438611604354311,2003-03-28,500/1000,-1.038724729528836,-0.10022970438500983,-0.48054771093571935,1.2338859156335014,0.9538505081700629,2015-02-22,Fire,1.1400563019893057,-1.2101737191482849,-1.3386995878348875,0.15696193282667867,-0.6839068364665635,-0.2717064326618479,0.9807325793277929,0,0.9971218684273209,-0.9285458485845719,1.0119672581156953,-1.5215003504028333,1.0750375053644652,-0.18218099784304848,0.17037985085513224,0.36704713820288415,0.3406724586011453,0.08671477239350854,-0.4966602910963925,-0.6299623058706817
1.5390580188173797,2007-10-23,250/500,-1.038724729528836,-0.7316289291795818,-0.48054771093571935,0.4190464506650084,0.9538505081700629,2015-01-03,Police,-0.8238649762007128,1.2296926501022896,1.3621065745757797,0.9605178177969421,-0.27745882905764513,0.5589425040869559,0.14918045169696045,0,-1.4147801864822238,1.0769527444706675,1.0119672581156953,0.7578206403856677,0.6889613292451924,0.877629967425337,-0.8986003257406907,0.36704713820288415,0.5885544318738691,0.3743247189079271,-1.2086686625349987,-0.6299623058706817
0.2235301161313939,1996-06-27,500/1000,-0.2195411888909527,0.2780273286081526,-0.48054771093571935,-0.9019267788874382,-1.3423369454839327,2015-01-10,Police,-0.8238649762007128,1.2296926501022896,0.461837853772224,1.608282255681134,0.05018803405770745,0.8238178027951204,-1.347613378038538,1,-1.4147801864822238,-0.9285458485845719,-1.3385668981870218,-1.5215003504028333,1.0750375053644652,-0.6148153417848631,-0.4060310286818311,0.36704713820288415,0.5885544318738691,0.3743247189079271,1.1294749572214562,1.6152057698578444
-0.21497918476393468,1994-12-11,250/500,-1.038724729528836,1.0728552508807383,-0.48054771093571935,-0.9019267788874382,0.9538505081700629,2015-01-25,Ambulance,-0.8238649762007128,0.009759465477002306,-0.4384308670313317,0.6489349236247991,0.6640074738181148,-0.043913675772826434,-0.6823716759338719,0,0.298041334358157,-0.9285458485845719,0.2918125783627955,0.7578206403856677,0.9491431001081818,0.877629967425337,-0.8889085687383753,0.36704713820288415,0.5885544318738691,0.846356037103883,0.3577497546299348,-0.5342117343357785
1.100548717922051,1995-12-05,100/300,1.4188258923848136,-0.07360690702978126,-0.48054771093571935,0.35084402848702884,0.9538505081700629,2015-01-10,Police,-0.8238649762007128,0.009759465477002306,-0.4384308670313317,-0.45595441820931304,0.6266806159948468,0.19871209784385224,-0.5160612504077055,0,0.9971218684273209,-0.9285458485845719,1.0119672581156953,0.5457165052879057,0.6889613292451924,0.779381941338854,-0.12958907625083857,-1.2987279697173422,0.5885544318738691,0.3743247189079271,0.8830942100667314,-0.5342117343357785
-0.7631158108830954,1996-12-15,500/1000,1.4188258923848136,-0.04234870736154634,-0.48054771093571935,-0.9019267788874382,0.9538505081700629,2015-01-28,Fire,-0.8238649762007128,-1.2101737191482849,-0.4384308670313317,-0.3145121833548534,-0.31063825823388336,0.17858157514203174,0.14918045169696045,0,0.9971218684273209,-0.9285458485845719,1.0119672581156953,-1.5215003504028333,1.0750375053644652,-1.360764497328115,-0.47991642324066014,-1.0702878146273995,0.5885544318738691,0.3743247189079271,-0.4966602910963925,-0.6299623058706817
-1.6401344126737525,2011-06-06,250/500,-0.2195411888909527,1.5000096250872021,-0.48054771093571935,-0.9019267788874382,0.9538505081700629,2015-02-18,Ambulance,1.1400563019893057,0.009759465477002306,-0.4384308670313317,1.5385860819847337,0.014934890557954326,0.7607774817025773,-1.347613378038538,0,0.9971218684273209,-0.9285458485845719,-1.3385668981870218,0.7578206403856677,0.9491431001081818,-1.360764497328115,-0.10897717628887865,-1.2987279697173422,0.3406724586011453,0.08671477239350854,-1.2086686625349987,-0.5342117343357785
-1.201625111778424,1995-12-13,250/500,-1.038724729528836,-0.7164100419395366,-0.48054771093571935,-0.9019267788874382,0.9538505081700629,2015-01-24,Fire,1.1400563019893057,1.2296926501022896,0.461837853772224,0.9564180428736244,-0.27953254338116,0.23420538787074627,-1.680234229090871,0,0.298041334358157,-0.9285458485845719,-1.3385668981870218,0.7578206403856677,-0.703459734131903,-0.6148153417848631,-0.7939293501156832,-1.0702878146273995,0.3406724586011453,0.846356037103883,0.8830942100667314,1.6152057698578444
-1.4208797622260882,1997-10-28,250/500,-0.2195411888909527,0.055569038843276804,-0.48054771093571935,-0.9019267788874382,-1.612895467154791,2015-01-20,Other,1.1400563019893057,1.2296926501022896,1.3621065745757797,0.05856733466705459,1.6676852063993213,1.2624512974558408,0.14918045169696045,1,0.298041334358157,1.0769527444706675,0.2918125783627955,0.7578206403856677,-1.305159096390018,-0.4323437137277715,3.3337478190965757,-0.18525772913946104,0.3406724586011453,0.08671477239350854,1.1294749572214562,-0.5342117343357785
-0.3246065099877668,1996-01-04,500/1000,-0.2195411888909527,-0.0848467321073354,1.6978190657447854,1.0759434642739696,0.9538505081700629,2015-01-10,Police,-0.8238649762007128,1.2296926501022896,-1.3386995878348875,-0.38625824451291263,0.7676931899938593,0.34280426034109374,0.6481117282754599,0,0.298041334358157,-0.9285458485845719,-1.3385668981870218,-1.5215003504028333,0.9491431001081818,-1.3569835982093803,-0.09343897477909328,-1.0702878146273995,0.5885544318738691,0.08671477239350854,0.3577497546299348,-0.5342117343357785
-1.4208797622260882,2008-05-09,250/500,1.4188258923848136,-1.9328544683986222,-0.48054771093571935,0.8821050012418171,0.9538505081700629,2015-01-07,Police,1.1400563019893057,1.2296926501022896,-1.3386995878348875,1.0507128661099308,-0.23183711394031753,0.6521786092322298,0.6481117282754599,1,0.9971218684273209,1.0769527444706675,0.2918125783627955,0.7578206403856677,0.6889613292451924,2.11865766535986,-0.47991642324066014,1.4777448606394794,0.3406724586011453,0.846356037103883,-0.4966602910963925,1.6152057698578444
0.7716667422505546,2009-12-05,250/500,-1.038724729528836,0.03624802566251758,-0.48054771093571935,0.9718450304233692,-0.6303408358237789,2015-01-16,Police,-0.8238649762007128,0.009759465477002306,1.3621065745757797,-1.3681543386474948,-1.4553285648141023,-1.8281136878710225,0.3154908772231269,0,-1.4147801864822238,-0.9285458485845719,0.2918125783627955,0.7578206403856677,0.6889613292451924,-0.6148153417848631,-0.10897717628887865,-1.0702878146273995,-2.199388964623129,-2.057009655154806,-0.3588522192050495,-0.6299623058706817
-1.201625111778424,1992-01-05,250/500,-1.038724729528836,1.0333107568122637,-0.48054771093571935,-0.9019267788874382,0.9538505081700629,2015-01-01,Police,2.1220169410843153,-1.2101737191482849,-0.4384308670313317,0.7924270459409176,0.8091674764641571,0.3851843081344,0.9807325793277929,0,0.9971218684273209,-0.9285458485845719,-1.3385668981870218,0.7578206403856677,0.6889613292451924,-0.18218099784304848,-0.12958907625083857,1.4777448606394794,0.3406724586011453,0.846356037103883,-1.2086686625349987,-0.5342117343357785
-0.7631158108830954,1997-11-15,250/500,1.4188258923848136,-0.6159899989108779,-0.48054771093571935,0.6451913242025197,-0.18178328673788208,2015-01-07,Police,-0.8238649762007128,0.009759465477002306,-0.4384308670313317,-1.2943583900277766,-1.4180017069908344,-1.801626158000206,-0.017129973829206037,0,-1.4147801864822238,1.0769527444706675,0.2918125783627955,0.7578206403856677,1.0750375053644652,-1.360764497328115,0.14810943050938574,0.7570369184318504,-2.199388964623129,-2.057009655154806,0.8830942100667314,-0.6299623058706817
1.758312669265044,2012-12-22,500/1000,1.4188258923848136,0.5419991328930462,2.569165776416987,-0.9019267788874382,-0.9400591435259457,2015-02-17,Police,-0.8238649762007128,-1.2101737191482849,0.461837853772224,-1.339455914184271,-1.160861130874988,-1.6755455158151198,1.6459742814324587,0,0.9971218684273209,1.0769527444706675,1.0119672581156953,-1.5215003504028333,0.6889613292451924,-1.360764497328115,-0.4060310286818311,0.7570369184318504,-2.199388964623129,-2.057009655154806,1.1294749572214562,-0.6299623058706817
0.4427847665790582,1992-05-19,100/300,-0.2195411888909527,-1.1574706230850171,-0.48054771093571935,0.9682554292561072,0.9538505081700629,2015-02-26,Police,-0.8238649762007128,-1.2101737191482849,-0.4384308670313317,2.8484641699847293,-0.0597188250885817,1.0039330059166722,0.14918045169696045,0,-1.4147801864822238,-0.9285458485845719,-1.3385668981870218,0.5457165052879057,0.6889613292451924,0.779381941338854,-0.8889085687383753,1.4777448606394794,0.5885544318738691,0.846356037103883,-0.3588522192050495,-0.5342117343357785
-1.6401344126737525,2002-05-25,100/300,1.4188258923848136,0.19467212949286106,-0.48054771093571935,0.9538970245870588,-0.23162301441409283,2015-01-31,Police,-0.8238649762007128,-1.2101737191482849,1.3621065745757797,-1.4132518628039892,-1.31016856216806,-1.7804361341035528,-0.6823716759338719,1,-1.4147801864822238,-0.9285458485845719,-1.3385668981870218,0.5457165052879057,1.0750375053644652,-0.18218099784304848,-0.7939293501156832,1.4777448606394794,-2.199388964623129,-2.057009655154806,1.1294749572214562,-0.8134538954280631
-0.5438611604354311,2010-04-21,250/500,-1.038724729528836,0.001461997685269743,-0.48054771093571935,-0.9019267788874382,0.9538505081700629,2015-02-27,Fire,1.1400563019893057,0.009759465477002306,-0.4384308670313317,0.3906491034557859,-0.5657051200262148,-0.030140160240001882,-0.8486821014600384,1,0.9971218684273209,-0.9285458485845719,0.2918125783627955,0.7578206403856677,1.0750375053644652,-0.010873920661118891,-0.47991642324066014,-1.2987279697173422,0.3406724586011453,0.08671477239350854,0.8830942100667314,1.6152057698578444
0.4427847665790582,1990-03-26,250/500,-1.038724729528836,0.00014931738424178663,-0.48054771093571935,-0.9019267788874382,-0.7834199994007118,2015-03-01,Police,-0.8238649762007128,1.2296926501022896,0.461837853772224,0.5915380746983517,-0.4640931181739852,-0.09582923431962667,0.9807325793277929,0,-1.4147801864822238,1.0769527444706675,-1.3385668981870218,0.7578206403856677,-0.703459734131903,-0.4323437137277715,0.14810943050938574,-1.0702878146273995,0.5885544318738691,0.846356037103883,0.8830942100667314,1.6152057698578444
0.5524120918028903,2007-05-12,100/300,1.4188258923848136,-2.2048254182679066,-0.48054771093571935,0.7421105557185959,0.9538505081700629,2015-02-13,Police,-0.8238649762007128,-1.2101737191482849,1.3621065745757797,-1.4009525380340362,-1.4097068496967748,-1.7867931412725488,-1.1813029525123715,0,0.9971218684273209,-0.9285458485845719,-1.3385668981870218,0.5457165052879057,-1.23638377514092,0.9577113773675267,-0.7939293501156832,-1.0702878146273995,-2.061745637196139,-2.057009655154806,0.8830942100667314,-0.8134538954280631
0.0042754656837296155,2001-01-02,500/1000,1.4188258923848136,1.095991241186361,-0.48054771093571935,-0.9019267788874382,0.9538505081700629,2015-01-08,Fire,1.1400563019893057,0.009759465477002306,-1.3386995878348875,-0.41085689405281867,-0.40810283143908316,0.0042936285920595,-1.014992526986205,0,-1.4147801864822238,1.0769527444706675,1.0119672581156953,-1.5215003504028333,0.6889613292451924,0.877629967425337,0.14810943050938574,-0.18525772913946104,0.3406724586011453,0.846356037103883,0.8830942100667314,-0.6299623058706817
0.5524120918028903,2006-08-10,500/1000,-1.038724729528836,0.5684578452106456,-0.48054771093571935,-0.9019267788874382,0.9538505081700629,2015-02-05,Police,-0.8238649762007128,1.2296926501022896,-0.4384308670313317,-1.3476554640309064,-1.3557902772853878,-1.8042749109872875,-0.8486821014600384,0,0.9971218684273209,-0.9285458485845719,-1.3385668981870218,-1.5215003504028333,0.6889613292451924,0.6116045429450133,0.14810943050938574,-1.2987279697173422,-2.199388964623129,-2.057009655154806,-1.2086686625349987,-0.6299623058706817
0.9909213926982189,2014-07-28,500/1000,-0.2195411888909527,-0.05465508518368588,-0.48054771093571935,-0.9019267788874382,-1.5879756033166856,2015-02-20,Other,1.1400563019893057,-1.2101737191482849,0.461837853772224,-0.1156730995739464,-1.5341297091076682,0.5382822307877191,-0.5160612504077055,1,0.9971218684273209,1.0769527444706675,1.0119672581156953,-1.5215003504028333,-1.305159096390018,-0.4323437137277715,-0.8986003257406907,0.7570369184318504,0.3406724586011453,0.3743247189079271,-0.4966602910963925,1.6152057698578444
0.8812940674743868,2011-09-27,500/1000,-0.2195411888909527,-0.2787952465842544,-0.48054771093571935,1.2374755168007634,0.9538505081700629,2015-01-24,Police,1.1400563019893057,0.009759465477002306,1.3621065745757797,0.10776463374686664,-0.7087914083487422,-0.5334032277855144,1.4796638559062922,0,0.9971218684273209,-0.9285458485845719,-1.3385668981870218,-1.5215003504028333,-0.703459734131903,-0.6148153417848631,-0.2705744719906447,-1.0702878146273995,0.3406724586011453,0.08671477239350854,-0.3588522192050495,-0.6299623058706817
-0.21497918476393468,2013-04-20,500/1000,1.4188258923848136,0.4852257098735753,-0.48054771093571935,-0.9019267788874382,0.9538505081700629,2015-01-31,Ambulance,1.1400563019893057,-1.2101737191482849,-0.4384308670313317,-0.24481600965845302,-0.2401319712343771,0.304662217327118,1.6459742814324587,1,0.9971218684273209,-0.9285458485845719,1.0119672581156953,-1.5215003504028333,-1.305159096390018,-0.010873920661118891,3.3337478190965757,-1.0702878146273995,0.3406724586011453,0.08671477239350854,0.8830942100667314,1.6152057698578444
0.33315744135522607,1991-03-20,100/300,-1.038724729528836,0.5419991328930462,-0.48054771093571935,1.3631115576549364,-1.872774047180747,2015-01-23,Fire,-0.8238649762007128,-1.2101737191482849,1.3621065745757797,-0.44365509343936005,0.6515651878770254,-0.05503843831856935,-0.017129973829206037,0,0.9971218684273209,1.0769527444706675,-1.3385668981870218,0.5457165052879057,-0.703459734131903,-1.360764497328115,-0.7939293501156832,0.36704713820288415,0.5885544318738691,0.08671477239350854,-0.3588522192050495,-0.5342117343357785
0.4427847665790582,2002-12-21,500/1000,-0.2195411888909527,0.5353536888690904,-0.48054771093571935,-0.9019267788874382,0.9538505081700629,2015-01-11,Fire,1.1400563019893057,0.009759465477002306,1.3621065745757797,0.038068460050466234,0.04604060541067767,0.8164012944312918,0.8144221538016264,0,0.9971218684273209,-0.9285458485845719,0.2918125783627955,-1.5215003504028333,-0.703459734131903,0.5115267965346528,0.10538658331550528,0.36704713820288415,0.3406724586011453,0.08671477239350854,-0.4966602910963925,-0.6299623058706817
2.3064492953842044,2005-12-03,100/300,-0.2195411888909527,-0.32158042014589316,2.569165776416987,-0.9019267788874382,-0.9827789101055548,2015-02-20,Ambulance,-0.8238649762007128,0.009759465477002306,0.461837853772224,1.136808139499602,2.5033920787758217,1.0849848473213706,-0.1834403993553725,1,-1.4147801864822238,1.0769527444706675,0.2918125783627955,0.5457165052879057,0.9491431001081818,0.877629967425337,0.20499583030558555,-1.0702878146273995,0.5885544318738691,0.08671477239350854,-0.4966602910963925,1.6152057698578444
1.5390580188173797,2011-05-25,250/500,1.4188258923848136,-0.3707649101750442,2.133492421080886,-0.9019267788874382,0.9538505081700629,2015-02-24,Police,-0.8238649762007128,-1.2101737191482849,1.3621065745757797,-1.4071022004190126,-1.4159279926673196,-1.767722119765561,-0.6823716759338719,0,0.298041334358157,1.0769527444706675,-1.3385668981870218,0.7578206403856677,-0.703459734131903,-1.360764497328115,-0.49673854432325054,0.7570369184318504,-2.061745637196139,-2.057009655154806,1.1294749572214562,-0.8134538954280631
-1.969016388345249,2006-10-18,100/300,-0.2195411888909527,1.2277925476614748,-0.48054771093571935,-0.9019267788874382,-1.7161349030555133,2015-01-19,Police,1.1400563019893057,1.2296926501022896,-1.3386995878348875,0.2451070936780086,0.25548575208568153,2.1052844979452203,1.4796638559062922,0,-1.4147801864822238,1.0769527444706675,0.2918125783627955,0.5457165052879057,-0.703459734131903,-0.6148153417848631,-0.7939293501156832,0.36704713820288415,0.3406724586011453,0.08671477239350854,-0.4966602910963925,-0.5342117343357785
0.4427847665790582,2006-07-19,250/500,-1.038724729528836,0.8010073647896759,-0.48054771093571935,1.818990905897221,0.9538505081700629,2015-01-08,Ambulance,-0.8238649762007128,0.009759465477002306,0.461837853772224,-0.5645984536772313,0.40686689770226847,-0.2738254350515132,0.3154908772231269,1,0.298041334358157,1.0769527444706675,-1.3385668981870218,0.7578206403856677,0.9491431001081818,0.9577113773675267,-0.2705744719906447,0.36704713820288415,0.5885544318738691,0.08671477239350854,0.8830942100667314,1.6152057698578444
0.8812940674743868,2002-06-08,500/1000,-0.2195411888909527,-0.18432328616963,-0.48054771093571935,1.4995164020108955,-0.890219415849735,2015-03-01,Fire,1.1400563019893057,1.2296926501022896,1.3621065745757797,-0.0808250127257462,-0.07423482535318593,0.22837813129916665,-0.8486821014600384,0,0.298041334358157,-0.9285458485845719,-1.3385668981870218,-1.5215003504028333,0.9491431001081818,2.11865766535986,0.17037985085513224,0.7570369184318504,0.3406724586011453,0.08671477239350854,-0.4966602910963925,-0.5342117343357785
0.7716667422505546,2009-02-12,100/300,1.4188258923848136,1.318982807323529,-0.48054771093571935,-0.9019267788874382,-0.5199814388264551,2015-01-21,Fire,-0.8238649762007128,0.009759465477002306,1.3621065745757797,0.03191879766548973,1.6137686339879342,1.2073572353245425,-1.5139238035647045,0,-1.4147801864822238,1.0769527444706675,-1.3385668981870218,0.5457165052879057,-0.703459734131903,-0.7554705550788714,3.3337478190965757,-1.2987279697173422,0.5885544318738691,0.3743247189079271,-1.2086686625349987,-0.6299623058706817
-0.3246065099877668,2001-05-14,500/1000,-1.038724729528836,0.9486428773959432,-0.48054771093571935,-0.9019267788874382,-1.306737140000925,2015-02-28,Police,1.1400563019893057,1.2296926501022896,0.461837853772224,-0.3370609454331006,-0.33344911579254716,0.4445163750450289,0.4818013027492934,0,0.9971218684273209,-0.9285458485845719,-1.3385668981870218,-1.5215003504028333,0.8595723265323993,-0.18218099784304848,-0.7939293501156832,0.7570369184318504,0.3406724586011453,0.08671477239350854,-1.2086686625349987,-0.5342117343357785
-0.3246065099877668,2001-02-16,250/500,-0.2195411888909527,-0.65885721499133,-0.48054771093571935,-0.9019267788874382,0.9538505081700629,2015-01-26,Fire,1.1400563019893057,0.009759465477002306,1.3621065745757797,-0.3985575692828657,-0.39566054549799384,0.026543153683545317,1.6459742814324587,0,-1.4147801864822238,1.0769527444706675,1.0119672581156953,0.7578206403856677,-1.23638377514092,-0.010873920661118891,-0.8889085687383753,-1.0702878146273995,0.3406724586011453,0.846356037103883,0.8830942100667314,-0.5342117343357785
0.6620394170267224,1993-11-18,500/1000,1.4188258923848136,-0.17082729182468379,-0.48054771093571935,1.0508162561031351,0.9538505081700629,2015-01-31,Fire,1.1400563019893057,-1.2101737191482849,-0.4384308670313317,-0.1669202861154173,-0.1613308269408113,0.7962707717294714,1.1470430048539593,0,0.298041334358157,1.0769527444706675,1.0119672581156953,-1.5215003504028333,-0.703459734131903,0.6116045429450133,0.14810943050938574,-1.0702878146273995,0.3406724586011453,0.08671477239350854,-1.2086686625349987,-0.6299623058706817
0.7716667422505546,1990-02-18,100/300,1.4188258923848136,0.9253017807932851,-0.48054771093571935,0.3544336296542909,0.9538505081700629,2015-02-20,Fire,-0.8238649762007128,-1.2101737191482849,-0.4384308670313317,0.6653340233180698,0.680597188406234,0.25380615997515044,-0.017129973829206037,0,0.298041334358157,1.0769527444706675,-1.3385668981870218,0.5457165052879057,0.9491431001081818,-1.360764497328115,0.14810943050938574,-1.2987279697173422,0.5885544318738691,0.3743247189079271,-0.4966602910963925,-0.6299623058706817
0.4427847665790582,2000-05-21,250/500,-0.2195411888909527,-1.2422205450201518,-0.48054771093571935,-0.9019267788874382,0.9538505081700629,2015-02-17,Other,1.1400563019893057,1.2296926501022896,1.3621065745757797,0.21845855667644373,-0.6528011216138402,-0.43328036487382826,-0.8486821014600384,0,-1.4147801864822238,-0.9285458485845719,1.0119672581156953,0.7578206403856677,0.8595723265323993,0.6116045429450133,-0.7525478016127732,1.4777448606394794,0.3406724586011453,0.08671477239350854,0.8830942100667314,-0.6299623058706817
-0.9823704613307597,2012-08-26,500/1000,1.4188258923848136,-0.2609099774827444,-0.48054771093571935,-0.9019267788874382,-0.49862155553665044,2015-02-02,Other,1.1400563019893057,1.2296926501022896,1.3621065745757797,0.30045405514279716,-0.6113268351435424,-0.12337626538527578,-0.017129973829206037,0,0.9971218684273209,1.0769527444706675,-1.3385668981870218,-1.5215003504028333,1.0750375053644652,2.11865766535986,-0.49673854432325054,-1.0702878146273995,0.3406724586011453,0.08671477239350854,0.8830942100667314,-0.5342117343357785
0.33315744135522607,2004-11-16,100/300,-0.2195411888909527,-0.9594610039267921,-0.48054771093571935,-0.9019267788874382,-0.658820680210185,2015-02-06,Other,1.1400563019893057,0.009759465477002306,0.461837853772224,0.6694337982413875,0.6847446170532637,-0.025372404863254924,-1.014992526986205,0,-1.4147801864822238,-0.9285458485845719,-1.3385668981870218,0.5457165052879057,0.9491431001081818,-1.3569835982093803,-0.7939293501156832,-1.0702878146273995,0.3406724586011453,0.846356037103883,-0.4966602910963925,-0.6299623058706817
0.11390279090756175,2003-01-23,500/1000,-0.2195411888909527,1.0970988151903533,-0.48054771093571935,1.7256612755484066,0.9538505081700629,2015-02-11,Other,1.1400563019893057,-1.2101737191482849,0.461837853772224,0.16516148267331401,0.17461089346860084,1.4828275459810336,0.14918045169696045,0,-1.4147801864822238,-0.9285458485845719,0.2918125783627955,-1.5215003504028333,-1.305159096390018,-1.360764497328115,-0.7939293501156832,-1.2987279697173422,0.3406724586011453,0.08671477239350854,-0.4966602910963925,-0.6299623058706817
0.5524120918028903,2008-11-07,500/1000,-0.2195411888909527,1.6257397851700603,-0.48054771093571935,-0.9019267788874382,-0.7834199994007118,2015-01-25,Ambulance,-0.8238649762007128,1.2296926501022896,-1.3386995878348875,-0.13412208672887593,-0.12815139776457307,0.14573703810221933,0.6481117282754599,0,0.9971218684273209,-0.9285458485845719,0.2918125783627955,-1.5215003504028333,0.8595723265323993,-1.360764497328115,-0.49673854432325054,1.4777448606394794,0.5885544318738691,0.846356037103883,-1.2086686625349987,-0.6299623058706817
-1.4208797622260882,1999-10-19,250/500,-0.2195411888909527,-0.9621273857882555,-0.48054771093571935,0.9897930362596796,0.9538505081700629,2015-02-23,Other,1.1400563019893057,-1.2101737191482849,0.461837853772224,-0.002929289182710468,0.004566318940379878,1.135311154075922,-1.5139238035647045,0,0.9971218684273209,-0.9285458485845719,1.0119672581156953,0.7578206403856677,-0.703459734131903,-0.010873920661118891,-0.2705744719906447,1.4777448606394794,0.3406724586011453,0.3743247189079271,0.8830942100667314,-0.6299623058706817
1.5390580188173797,1990-12-20,100/300,1.4188258923848136,0.5719446522602523,-0.48054771093571935,-0.13016252792609034,0.9538505081700629,2015-01-29,Fire,-0.8238649762007128,1.2296926501022896,-0.4384308670313317,-0.44365509343936005,-0.4412822606153214,-0.05503843831856935,-0.8486821014600384,0,0.9971218684273209,-0.9285458485845719,0.2918125783627955,0.5457165052879057,-0.703459734131903,-1.360764497328115,0.10538658331550528,-0.18525772913946104,0.5885544318738691,0.3743247189079271,-1.2086686625349987,-0.5342117343357785
0.4427847665790582,1996-02-14,250/500,-1.038724729528836,1.0852026499622849,-0.48054771093571935,1.2913195343096946,-1.3423369454839327,2015-01-02,Fire,-0.8238649762007128,0.009759465477002306,1.3621065745757797,1.272100711969085,-0.1198565404705135,0.5197409598781476,-0.349750824881539,1,-1.4147801864822238,-0.9285458485845719,1.0119672581156953,0.7578206403856677,-0.703459734131903,-1.360764497328115,0.17037985085513224,1.4777448606394794,0.5885544318738691,0.846356037103883,0.8830942100667314,1.6152057698578444
-0.6534884856592632,2001-06-10,100/300,-0.2195411888909527,-0.9136812784284332,-0.48054771093571935,-0.9019267788874382,0.9538505081700629,2015-02-06,Fire,-0.8238649762007128,0.009759465477002306,-1.3386995878348875,-0.0685256879557932,-0.06179253941209659,0.6235720769717481,1.4796638559062922,0,0.298041334358157,-0.9285458485845719,-1.3385668981870218,0.5457165052879057,0.6889613292451924,-0.010873920661118891,-0.3109737959160864,-1.2987279697173422,0.5885544318738691,0.3743247189079271,-0.4966602910963925,-0.6299623058706817
0.0042754656837296155,2010-03-17,100/300,-0.2195411888909527,-0.006783275455563711,-0.48054771093571935,1.262602724971598,-1.1429780347790894,2015-02-14,Ambulance,0.15809566289429652,-1.2101737191482849,1.3621065745757797,0.9072207437938123,-0.3044171152633387,0.18970633768777465,0.4818013027492934,0,-1.4147801864822238,-0.9285458485845719,-1.3385668981870218,0.5457165052879057,0.6889613292451924,-0.4323437137277715,-0.12958907625083857,0.36704713820288415,0.3406724586011453,0.846356037103883,-0.4966602910963925,-0.5342117343357785
0.5524120918028903,2003-07-30,500/1000,1.4188258923848136,0.5738316301929804,2.133492421080886,-0.9019267788874382,-1.2390975095832104,2015-02-04,Other,1.1400563019893057,0.009759465477002306,0.461837853772224,-0.15257107388380545,1.2405000557552541,0.47153365551326165,-1.014992526986205,1,-1.4147801864822238,-0.9285458485845719,-1.3385668981870218,-1.5215003504028333,0.8595723265323993,-1.360764497328115,3.3337478190965757,1.4777448606394794,0.3406724586011453,0.3743247189079271,0.8830942100667314,-0.6299623058706817
-1.311252437002256,2014-09-17,500/1000,-1.038724729528836,-1.8939252932212547,-0.48054771093571935,-0.9019267788874382,-0.8617395714633288,2015-02-12,Police,1.1400563019893057,0.009759465477002306,1.3621065745757797,-0.7634375374581384,0.004566318940379878,-0.43698861905574254,-0.8486821014600384,1,0.9971218684273209,1.0769527444706675,0.2918125783627955,-1.5215003504028333,0.6889613292451924,0.9577113773675267,-0.12958907625083857,-1.2987279697173422,0.3406724586011453,0.846356037103883,3.415890619557508,1.6152057698578444
0.4427847665790582,2009-06-03,100/300,-1.038724729528836,-1.127196933642554,-0.48054771093571935,1.0544058572703972,-1.612895467154791,2015-02-12,Fire,-0.8238649762007128,0.009759465477002306,-1.3386995878348875,1.5672845064479572,0.029450890822558553,0.7867352609759775,0.9807325793277929,0,0.9971218684273209,-0.9285458485845719,1.0119672581156953,0.5457165052879057,0.6889613292451924,2.11865766535986,-0.12958907625083857,0.36704713820288415,0.5885544318738691,0.3743247189079271,-0.4966602910963925,-0.5342117343357785
-0.5438611604354311,1994-10-11,500/1000,-1.038724729528836,-0.7504166659880488,-0.48054771093571935,1.6431004487013787,-1.2212976068417065,2015-01-28,Police,-0.8238649762007128,1.2296926501022896,-1.3386995878348875,-1.4378505123438952,-1.3599377059324176,-1.8535417165470063,1.3133534303801258,0,-1.4147801864822238,-0.9285458485845719,-1.3385668981870218,-1.5215003504028333,0.6889613292451924,-0.6148153417848631,-0.49673854432325054,-1.2987279697173422,-2.061745637196139,-2.057009655154806,-1.2086686625349987,-0.6299623058706817
0.6620394170267224,1991-07-18,100/300,-0.2195411888909527,0.22273067092733886,-0.48054771093571935,0.48006967050846383,0.9538505081700629,2015-01-10,Ambulance,1.1400563019893057,-1.2101737191482849,-1.3386995878348875,-0.3247616206631476,-0.3210068298514578,0.1600403042324602,-0.6823716759338719,1,-1.4147801864822238,-0.9285458485845719,0.2918125783627955,0.5457165052879057,-0.703459734131903,-0.18218099784304848,3.3337478190965757,0.7570369184318504,0.3406724586011453,0.08671477239350854,-0.4966602910963925,1.6152057698578444
1.100548717922051,2001-09-24,250/500,1.4188258923848136,0.08252000627376213,-0.48054771093571935,-0.9019267788874382,-0.6837405440482903,2015-01-19,Ambulance,-0.8238649762007128,-1.2101737191482849,0.461837853772224,0.050367784820419245,0.05848289135176701,-0.5853187863323147,0.3154908772231269,0,-1.4147801864822238,-0.9285458485845719,1.0119672581156953,0.7578206403856677,1.0750375053644652,-0.010873920661118891,-0.8889085687383753,-1.0702878146273995,0.5885544318738691,0.846356037103883,-1.2086686625349987,1.6152057698578444
0.0042754656837296155,2012-09-19,500/1000,-1.038724729528836,0.5399070486632817,-0.48054771093571935,0.36161283198881505,0.9538505081700629,2015-01-19,Other,-0.8238649762007128,0.009759465477002306,-1.3386995878348875,-0.1689701735770761,-0.1634045412643262,0.4418676220579472,-1.680234229090871,0,-1.4147801864822238,-0.9285458485845719,0.2918125783627955,-1.5215003504028333,0.6889613292451924,0.5115267965346528,0.14810943050938574,-1.2987279697173422,0.5885544318738691,0.08671477239350854,1.1294749572214562,-0.6299623058706817
-0.21497918476393468,1991-07-11,100/300,-0.2195411888909527,0.613335103002048,3.004839131753088,-0.9019267788874382,0.9538505081700629,2015-01-28,Ambulance,-0.8238649762007128,-1.2101737191482849,0.461837853772224,-0.617895527680361,-0.617547978114087,-0.13609027972326768,-0.5160612504077055,1,0.298041334358157,1.0769527444706675,-1.3385668981870218,0.5457165052879057,0.9491431001081818,0.6116045429450133,0.10538658331550528,-0.18525772913946104,0.5885544318738691,0.08671477239350854,0.8830942100667314,1.6152057698578444
0.0042754656837296155,1991-10-29,100/300,-1.038724729528836,1.2359147570240872,-0.48054771093571935,-0.9019267788874382,-0.8012199021422157,2015-02-16,Police,-0.8238649762007128,0.009759465477002306,0.461837853772224,-1.3661044511858358,-1.2147777032863751,-1.7237528201800056,-0.8486821014600384,0,0.9971218684273209,-0.9285458485845719,0.2918125783627955,0.5457165052879057,-1.305159096390018,-0.4323437137277715,0.14810943050938574,-0.18525772913946104,-2.199388964623129,-2.057009655154806,-1.2086686625349987,-0.8134538954280631
1.9775673197127082,1999-12-28,500/1000,-0.2195411888909527,-0.5108525110503987,1.2621457104086844,0.7600585615549064,0.9538505081700629,2015-01-08,Other,1.1400563019893057,1.2296926501022896,1.3621065745757797,0.575138975005081,0.5893537581715788,0.16057005482987655,0.4818013027492934,0,0.9971218684273209,1.0769527444706675,1.0119672581156953,-1.5215003504028333,0.9491431001081818,-1.360764497328115,-0.3109737959160864,1.4777448606394794,0.3406724586011453,0.3743247189079271,-0.4966602910963925,-0.5342117343357785
-0.21497918476393468,2012-10-11,250/500,1.4188258923848136,2.6249766430683845,-0.48054771093571935,1.743609281384717,0.9538505081700629,2015-01-24,Fire,1.1400563019893057,0.009759465477002306,1.3621065745757797,-0.4088070065911598,0.7220714748765317,0.008001882773973804,1.6459742814324587,1,0.298041334358157,-0.9285458485845719,0.2918125783627955,0.7578206403856677,1.0750375053644652,-0.7554705550788714,-0.2986569288656468,0.36704713820288415,0.3406724586011453,0.846356037103883,0.8830942100667314,1.6152057698578444
0.8812940674743868,1995-08-19,500/1000,-1.038724729528836,-0.46577014696196084,1.2621457104086844,-0.9019267788874382,0.9538505081700629,2015-02-18,Other,-0.8238649762007128,1.2296926501022896,-0.4384308670313317,0.47674437684545695,0.48981547064286407,0.05885794012594139,-0.5160612504077055,0,0.9971218684273209,1.0769527444706675,0.2918125783627955,-1.5215003504028333,0.9491431001081818,-1.360764497328115,0.17037985085513224,1.4777448606394794,0.5885544318738691,0.3743247189079271,1.1294749572214562,-0.5342117343357785
-0.5438611604354311,1991-02-11,500/1000,-1.038724729528836,0.11656765158168227,-0.48054771093571935,-0.9019267788874382,0.9538505081700629,2015-01-21,Fire,-0.8238649762007128,0.009759465477002306,-0.4384308670313317,-0.1443715240371701,-0.1385199693821475,0.8428888243021083,-0.8486821014600384,1,0.298041334358157,1.0769527444706675,-1.3385668981870218,-1.5215003504028333,0.9491431001081818,-1.360764497328115,-0.2705744719906447,0.7570369184318504,0.5885544318738691,0.3743247189079271,-0.3588522192050495,1.6152057698578444
1.758312669265044,1991-07-02,250/500,1.4188258923848136,0.19795383024543142,-0.48054771093571935,1.4743891938400608,-0.8154598243354187,2015-01-08,Fire,-0.8238649762007128,0.009759465477002306,1.3621065745757797,-0.8392833735395152,-0.14888854099972196,-0.593794795890976,-1.1813029525123715,1,-1.4147801864822238,1.0769527444706675,1.0119672581156953,0.7578206403856677,0.9491431001081818,0.9577113773675267,-0.12958907625083857,0.7570369184318504,0.5885544318738691,0.846356037103883,-0.3588522192050495,1.6152057698578444
-0.9823704613307597,1994-04-10,100/300,-0.2195411888909527,-0.75140117621382,-0.48054771093571935,-0.9019267788874382,0.9538505081700629,2015-02-02,Police,-0.8238649762007128,-1.2101737191482849,-1.3386995878348875,1.669778879530899,1.69671720692853,0.8794416155238349,0.9807325793277929,0,0.298041334358157,-0.9285458485845719,1.0119672581156953,0.5457165052879057,-1.23638377514092,-0.18218099784304848,-0.7525478016127732,0.36704713820288415,0.5885544318738691,0.846356037103883,-0.4966602910963925,-0.5342117343357785
-0.8727431361069276,2005-12-04,500/1000,-0.2195411888909527,-0.8423042870600235,-0.48054771093571935,-0.9019267788874382,0.9538505081700629,2015-03-01,Ambulance,1.1400563019893057,-1.2101737191482849,1.3621065745757797,-1.523945785733566,-0.6486536929668104,-0.42586385650999964,-0.017129973829206037,1,0.298041334358157,-0.9285458485845719,0.2918125783627955,-1.5215003504028333,-0.703459734131903,2.11865766535986,-0.49673854432325054,0.36704713820288415,0.3406724586011453,0.08671477239350854,-1.2086686625349987,1.6152057698578444
0.9909213926982189,2014-07-16,250/500,-0.2195411888909527,0.534697348718576,-0.48054771093571935,-0.9019267788874382,-1.6093354866064902,2015-02-04,Fire,-0.8238649762007128,1.2296926501022896,0.461837853772224,0.5710392000817633,0.585206329524549,0.15633205005054593,-1.1813029525123715,0,0.9971218684273209,1.0769527444706675,-1.3385668981870218,0.7578206403856677,0.6889613292451924,0.779381941338854,-0.10897717628887865,0.36704713820288415,0.5885544318738691,0.3743247189079271,-1.2086686625349987,-0.6299623058706817
0.6620394170267224,2003-09-17,250/500,-1.038724729528836,-0.711159320735423,-0.48054771093571935,1.2446547191352875,0.9538505081700629,2015-02-27,Police,1.1400563019893057,-1.2101737191482849,-1.3386995878348875,1.1983047633493669,1.2197629125201053,0.8047467812881326,-0.1834403993553725,0,0.9971218684273209,1.0769527444706675,0.2918125783627955,0.7578206403856677,0.6889613292451924,-1.360764497328115,-0.10897717628887865,-1.2987279697173422,0.3406724586011453,0.846356037103883,1.1294749572214562,-0.5342117343357785
-0.9823704613307597,2000-07-15,250/500,-0.2195411888909527,2.439847699363998,-0.48054771093571935,1.9266789409150835,0.9538505081700629,2015-02-09,Fire,-0.8238649762007128,0.009759465477002306,-1.3386995878348875,-0.11772298703560524,-0.11156168317645394,0.5345739766058049,-0.5160612504077055,0,-1.4147801864822238,-0.9285458485845719,-1.3385668981870218,0.7578206403856677,-1.23638377514092,0.877629967425337,-0.3109737959160864,1.4777448606394794,0.5885544318738691,0.3743247189079271,0.8830942100667314,-0.5342117343357785
1.758312669265044,2009-07-29,250/500,-1.038724729528836,0.05450248609869141,1.2621457104086844,-0.040422498744538266,-0.8439396687218249,2015-02-19,Police,-0.8238649762007128,-1.2101737191482849,-1.3386995878348875,-1.3927529881874008,-1.4014119924027153,-1.7380560863102466,-0.5160612504077055,0,0.298041334358157,1.0769527444706675,-1.3385668981870218,0.7578206403856677,0.8595723265323993,-0.010873920661118891,-0.3109737959160864,-1.2987279697173422,-2.061745637196139,-2.057009655154806,-0.3588522192050495,-0.6299623058706817
1.758312669265044,1991-04-13,500/1000,-1.038724729528836,0.8326757770519817,-0.48054771093571935,0.38674004015964963,0.9538505081700629,2015-01-12,Fire,-0.8238649762007128,0.009759465477002306,0.461837853772224,0.9605178177969421,-0.27745882905764513,0.23791364205266058,0.9807325793277929,0,-1.4147801864822238,-0.9285458485845719,0.2918125783627955,-1.5215003504028333,0.9491431001081818,-1.360764497328115,3.3337478190965757,0.7570369184318504,0.5885544318738691,0.846356037103883,0.8830942100667314,1.6152057698578444
-0.10535185954010252,2005-11-20,100/300,1.4188258923848136,-0.014618336002325287,-0.48054771093571935,-0.9019267788874382,0.9538505081700629,2015-02-07,Ambulance,1.1400563019893057,1.2296926501022896,-1.3386995878348875,0.575138975005081,-0.47238797546804473,0.16057005482987655,0.3154908772231269,0,0.298041334358157,-0.9285458485845719,-1.3385668981870218,0.5457165052879057,-1.305159096390018,0.877629967425337,-0.2986569288656468,0.36704713820288415,0.3406724586011453,0.08671477239350854,-0.3588522192050495,1.6152057698578444
-0.5438611604354311,1990-05-20,100/300,-0.2195411888909527,-0.4697902303838598,-0.48054771093571935,-0.9019267788874382,0.9538505081700629,2015-01-13,Ambulance,-0.8238649762007128,1.2296926501022896,-1.3386995878348875,0.42344730284232723,-0.5491154054380957,0.0037638779946431718,1.1470430048539593,0,0.298041334358157,-0.9285458485845719,0.2918125783627955,0.5457165052879057,0.6889613292451924,-1.360764497328115,-0.2986569288656468,1.4777448606394794,0.5885544318738691,0.08671477239350854,1.1294749572214562,-0.5342117343357785
2.3064492953842044,2002-11-28,500/1000,-0.2195411888909527,-0.2812155008892749,-0.48054771093571935,-0.9019267788874382,-0.6410207774686811,2015-01-18,Other,0.15809566289429652,-1.2101737191482849,1.3621065745757797,-0.419056443899454,0.7013343316413828,-0.01053938813559771,0.14918045169696045,0,0.9971218684273209,-0.9285458485845719,1.0119672581156953,-1.5215003504028333,0.9491431001081818,2.11865766535986,-0.8986003257406907,1.4777448606394794,0.3406724586011453,0.846356037103883,0.8830942100667314,-0.5342117343357785
-0.434233835211599,2004-06-15,500/1000,-0.2195411888909527,-0.5398545414512407,-0.48054771093571935,0.533913688017395,-0.5911810497924704,2015-01-15,Police,-0.8238649762007128,1.2296926501022896,-0.4384308670313317,-1.4788482615770717,-1.442886278873013,-1.904397773898974,-0.6823716759338719,0,0.298041334358157,1.0769527444706675,1.0119672581156953,-1.5215003504028333,-1.305159096390018,-1.3569835982093803,0.31597797632307734,-1.2987279697173422,-2.199388964623129,-2.057009655154806,-1.2086686625349987,-0.8134538954280631
-0.6534884856592632,2010-09-26,250/500,-1.038724729528836,0.1534457637886938,-0.48054771093571935,-0.9019267788874382,0.9538505081700629,2015-02-23,Police,-0.8238649762007128,-1.2101737191482849,-1.3386995878348875,-1.2410613160246469,-1.2479571324626135,-1.6803132711918667,0.9807325793277929,0,0.9971218684273209,1.0769527444706675,0.2918125783627955,0.7578206403856677,-1.23638377514092,0.779381941338854,-0.2986569288656468,-1.2987279697173422,-2.199388964623129,-2.057009655154806,1.1294749572214562,-0.6299623058706817
-0.8727431361069276,1990-09-15,100/300,-1.038724729528836,0.8306657353410323,-0.48054771093571935,-0.9019267788874382,0.9538505081700629,2015-02-17,Police,-0.8238649762007128,0.009759465477002306,1.3621065745757797,-1.3189570395676826,-1.3267582767561792,-1.7973881532208753,-0.8486821014600384,0,0.9971218684273209,1.0769527444706675,1.0119672581156953,0.5457165052879057,0.9491431001081818,-1.360764497328115,-0.47991642324066014,0.36704713820288415,-2.061745637196139,-2.057009655154806,-0.4966602910963925,-0.6299623058706817
-0.10535185954010252,2009-09-16,100/300,-1.038724729528836,0.45528019050636925,-0.48054771093571935,0.04931753043701381,0.9538505081700629,2015-02-17,Fire,1.1400563019893057,-1.2101737191482849,1.3621065745757797,0.7391299719377878,-0.38943940252744913,0.03766791622928823,-1.1813029525123715,1,0.9971218684273209,1.0769527444706675,1.0119672581156953,0.5457165052879057,-1.23638377514092,-0.010873920661118891,0.20499583030558555,-1.0702878146273995,0.3406724586011453,0.3743247189079271,-1.2086686625349987,1.6152057698578444
0.6620394170267224,1999-08-12,250/500,-1.038724729528836,1.3839194609650183,-0.48054771093571935,-0.9019267788874382,0.9538505081700629,2015-01-18,Police,-0.8238649762007128,-1.2101737191482849,1.3621065745757797,-1.388653213264083,-1.2603994184037028,-1.7295800767515852,0.4818013027492934,0,-1.4147801864822238,1.0769527444706675,-1.3385668981870218,0.7578206403856677,-0.703459734131903,2.11865766535986,0.20499583030558555,-1.0702878146273995,-2.061745637196139,-2.057009655154806,0.8830942100667314,-0.8134538954280631
0.0042754656837296155,2009-03-08,100/300,-1.038724729528836,-0.9066256218104064,-0.48054771093571935,-0.9019267788874382,0.9538505081700629,2015-01-17,Police,1.1400563019893057,1.2296926501022896,-1.3386995878348875,0.8867218691772241,0.904558335345842,0.17116506677820312,0.8144221538016264,0,0.9971218684273209,-0.9285458485845719,-1.3385668981870218,0.5457165052879057,0.6889613292451924,2.11865766535986,-0.2986569288656468,-1.0702878146273995,0.3406724586011453,0.3743247189079271,-0.4966602910963925,-0.6299623058706817
0.4427847665790582,2009-04-27,250/500,-1.038724729528836,-1.4171762163915689,-0.48054771093571935,1.00774104209599,0.9538505081700629,2015-02-25,Police,-0.8238649762007128,-1.2101737191482849,-0.4384308670313317,-1.523945785733566,0.9211480499339612,0.4996104371763271,-1.1813029525123715,0,0.298041334358157,-0.9285458485845719,-1.3385668981870218,0.7578206403856677,1.0750375053644652,0.5115267965346528,-0.4060310286818311,-1.2987279697173422,0.5885544318738691,0.846356037103883,-1.2086686625349987,1.6152057698578444
-0.5438611604354311,2006-08-02,500/1000,-1.038724729528836,0.25829610283332244,-0.48054771093571935,1.743609281384717,0.9538505081700629,2015-01-06,Police,-0.8238649762007128,0.009759465477002306,1.3621065745757797,-1.427601075035601,-1.3392005626972687,-1.8350004456374347,-1.1813029525123715,0,0.9971218684273209,-0.9285458485845719,0.2918125783627955,-1.5215003504028333,-0.703459734131903,0.877629967425337,-0.10897717628887865,-1.0702878146273995,-2.199388964623129,-2.057009655154806,1.1294749572214562,-0.6299623058706817
-0.6534884856592632,1995-12-06,250/500,1.4188258923848136,0.5522544477448292,-0.48054771093571935,1.2949091354769566,0.9538505081700629,2015-02-26,Other,-0.8238649762007128,-1.2101737191482849,1.3621065745757797,-0.10132388734233456,-0.09497196858833483,0.9318869246680516,-0.8486821014600384,0,0.298041334358157,1.0769527444706675,0.2918125783627955,0.7578206403856677,-0.703459734131903,0.5115267965346528,-0.2705744719906447,-1.2987279697173422,0.5885544318738691,0.08671477239350854,-0.4966602910963925,-0.5342117343357785
-1.969016388345249,2002-11-13,250/500,-1.038724729528836,-1.4012599677416018,1.6978190657447854,-0.9019267788874382,0.9538505081700629,2015-02-11,Police,-0.8238649762007128,-1.2101737191482849,-1.3386995878348875,-0.6937413637617379,-0.6942754080841379,-0.29289645655850105,-1.1813029525123715,0,0.298041334358157,-0.9285458485845719,0.2918125783627955,0.7578206403856677,-1.23638377514092,2.11865766535986,-0.2986569288656468,-1.0702878146273995,0.5885544318738691,0.08671477239350854,-0.4966602910963925,-0.5342117343357785
-1.201625111778424,1991-11-09,500/1000,-0.2195411888909527,0.8688975491084788,-0.48054771093571935,1.136966684117425,-0.890219415849735,2015-02-13,Fire,1.1400563019893057,1.2296926501022896,-0.4384308670313317,-0.4990020549041486,0.5395846144072214,0.37458929618607345,-1.347613378038538,0,0.298041334358157,1.0769527444706675,-1.3385668981870218,-1.5215003504028333,0.6889613292451924,-0.7554705550788714,-0.12958907625083857,1.4777448606394794,0.3406724586011453,0.08671477239350854,0.8830942100667314,-0.6299623058706817
-0.9823704613307597,1998-01-14,500/1000,-1.038724729528836,0.6389323688720983,-0.48054771093571935,1.4815683961745851,-1.3138571010975264,2015-01-10,Other,-0.8238649762007128,1.2296926501022896,1.3621065745757797,0.7760279462476469,0.7925777618760379,0.3682322890170775,-1.5139238035647045,0,0.298041334358157,1.0769527444706675,0.2918125783627955,-1.5215003504028333,1.0750375053644652,-0.010873920661118891,-0.4060310286818311,0.7570369184318504,0.5885544318738691,0.08671477239350854,-1.2086686625349987,-0.6299623058706817
-1.311252437002256,2002-04-25,500/1000,-1.038724729528836,1.3588554714672612,-0.48054771093571935,1.133377082950163,-0.8012199021422157,2015-01-24,Other,1.1400563019893057,1.2296926501022896,-0.4384308670313317,0.20000956952151422,0.20986403696835396,1.1093533748025217,1.4796638559062922,0,-1.4147801864822238,-0.9285458485845719,0.2918125783627955,-1.5215003504028333,-1.23638377514092,0.6116045429450133,-0.47991642324066014,-1.2987279697173422,0.3406724586011453,0.08671477239350854,-0.3588522192050495,-0.5342117343357785
-0.8727431361069276,1991-07-20,100/300,-0.2195411888909527,-0.47623056811077924,-0.48054771093571935,0.9395386199180105,0.9538505081700629,2015-02-15,Fire,1.1400563019893057,0.009759465477002306,0.461837853772224,-0.20586814788693517,-0.2007313990875942,0.7157486809221894,-0.5160612504077055,1,0.9971218684273209,1.0769527444706675,-1.3385668981870218,0.5457165052879057,-0.703459734131903,-1.3569835982093803,-0.10897717628887865,1.4777448606394794,0.3406724586011453,0.08671477239350854,-0.3588522192050495,1.6152057698578444
0.4427847665790582,2004-08-13,100/300,-0.2195411888909527,1.068753124940025,-0.48054771093571935,-0.9019267788874382,0.2098145735752024,2015-01-09,Police,1.1400563019893057,1.2296926501022896,-1.3386995878348875,-0.20381826042527632,-0.1986576847640793,0.7199866857015199,0.9807325793277929,0,-1.4147801864822238,1.0769527444706675,-1.3385668981870218,0.5457165052879057,0.6889613292451924,-1.360764497328115,-0.8986003257406907,-1.0702878146273995,0.3406724586011453,0.846356037103883,0.8830942100667314,1.6152057698578444
1.5390580188173797,1990-06-24,250/500,1.4188258923848136,-1.414058600676627,-0.48054771093571935,0.6380121218679955,-0.43810188621553736,2015-01-31,Fire,1.1400563019893057,0.009759465477002306,0.461837853772224,1.792772127230429,1.8211400663394233,1.4192574742910742,-0.017129973829206037,0,0.9971218684273209,-0.9285458485845719,1.0119672581156953,0.7578206403856677,-1.23638377514092,-1.360764497328115,-0.10897717628887865,-1.2987279697173422,0.3406724586011453,0.3743247189079271,-1.2086686625349987,-0.6299623058706817
0.5524120918028903,1991-08-21,250/500,1.4188258923848136,-0.4623243611717621,-0.48054771093571935,0.9862034350924176,0.9538505081700629,2015-02-04,Police,-0.8238649762007128,0.009759465477002306,-1.3386995878348875,-1.4214514126506244,-1.4304439929319237,-1.7709006233500588,0.8144221538016264,0,0.9971218684273209,1.0769527444706675,0.2918125783627955,0.7578206403856677,0.9491431001081818,-1.360764497328115,0.10538658331550528,0.36704713820288415,-2.199388964623129,-2.057009655154806,-1.2086686625349987,-0.6299623058706817
-0.10535185954010252,2011-02-25,500/1000,-0.2195411888909527,0.10020016907823664,-0.48054771093571935,1.434903581000178,-0.8368197076252234,2015-01-30,Other,1.1400563019893057,-1.2101737191482849,0.461837853772224,-0.8946303350043038,-0.260869114469526,-0.870854358339716,0.8144221538016264,0,0.298041334358157,-0.9285458485845719,1.0119672581156953,-1.5215003504028333,-1.305159096390018,0.779381941338854,-0.12958907625083857,0.36704713820288415,0.3406724586011453,0.846356037103883,0.8830942100667314,-0.5342117343357785
0.9909213926982189,2013-02-04,100/300,1.4188258923848136,-0.6364596073550367,-0.48054771093571935,0.7528793592203822,0.9538505081700629,2015-02-27,Police,-0.8238649762007128,0.009759465477002306,0.461837853772224,-0.7613876499964795,-0.7627079807601292,-0.6298178365152863,1.1470430048539593,0,-1.4147801864822238,-0.9285458485845719,-1.3385668981870218,0.5457165052879057,0.8595723265323993,0.5115267965346528,-0.7525478016127732,0.7570369184318504,0.5885544318738691,0.08671477239350854,0.3577497546299348,-0.6299623058706817
-1.4208797622260882,2001-02-20,500/1000,1.4188258923848136,-0.7174765946841221,-0.48054771093571935,-0.9019267788874382,-0.1461834812548744,2015-02-05,Police,0.15809566289429652,-1.2101737191482849,-0.4384308670313317,1.45659058351838,-0.02653939591234347,0.30148371374262006,-0.6823716759338719,0,-1.4147801864822238,1.0769527444706675,1.0119672581156953,-1.5215003504028333,0.6889613292451924,2.11865766535986,-0.8889085687383753,1.4777448606394794,0.3406724586011453,0.3743247189079271,-1.2086686625349987,-0.5342117343357785
-0.3246065099877668,1992-03-03,500/1000,-1.038724729528836,-0.29356289997082147,-0.48054771093571935,0.7098041452132372,-0.9151392796878403,2015-01-30,Police,1.1400563019893057,1.2296926501022896,-0.4384308670313317,-0.7285894506099382,0.07507260593988613,-0.3649425378071218,0.14918045169696045,1,-1.4147801864822238,1.0769527444706675,0.2918125783627955,-1.5215003504028333,-1.305159096390018,2.11865766535986,-0.8889085687383753,0.36704713820288415,0.3406724586011453,0.846356037103883,1.1294749572214562,1.6152057698578444
0.6620394170267224,2006-12-21,500/1000,1.4188258923848136,-0.33610194597601767,-0.48054771093571935,0.1785431724584488,0.9538505081700629,2015-01-03,Fire,-0.8238649762007128,0.009759465477002306,-0.4384308670313317,0.11186440867018431,0.1206943210572137,1.7953803984566679,0.9807325793277929,0,0.298041334358157,1.0769527444706675,1.0119672581156953,-1.5215003504028333,0.9491431001081818,0.877629967425337,-0.47991642324066014,0.36704713820288415,0.5885544318738691,0.08671477239350854,-1.2086686625349987,-0.6299623058706817
-0.3246065099877668,2000-07-14,500/1000,1.4188258923848136,-1.1393392264270652,-0.48054771093571935,-0.9019267788874382,-1.4313364591914517,2015-03-01,Fire,2.1220169410843153,-1.2101737191482849,0.461837853772224,1.460690358441698,1.485198345930011,0.304662217327118,-1.1813029525123715,0,-1.4147801864822238,-0.9285458485845719,0.2918125783627955,-1.5215003504028333,0.6889613292451924,0.779381941338854,2.854601800241727,-1.0702878146273995,0.3406724586011453,0.3743247189079271,-0.4966602910963925,1.6152057698578444
-0.21497918476393468,1991-12-12,250/500,-1.038724729528836,-1.3791084876617505,-0.48054771093571935,-0.9019267788874382,0.9538505081700629,2015-02-13,Fire,-0.8238649762007128,1.2296926501022896,-1.3386995878348875,-1.523945785733566,0.10617832079260947,1.3429733882631227,-1.347613378038538,1,0.9971218684273209,-0.9285458485845719,0.2918125783627955,0.7578206403856677,-1.23638377514092,0.5115267965346528,3.3337478190965757,0.7570369184318504,0.5885544318738691,0.846356037103883,0.8830942100667314,1.6152057698578444
-0.10535185954010252,2013-07-01,100/300,-1.038724729528836,-1.3707401507426955,-0.48054771093571935,1.6215628416978063,-1.5701757005751817,2015-02-25,Police,-0.8238649762007128,0.009759465477002306,-0.4384308670313317,-1.4419502872672127,-1.4511811361670726,-1.860958224910835,-1.014992526986205,0,-1.4147801864822238,1.0769527444706675,1.0119672581156953,0.5457165052879057,-1.23638377514092,-1.3569835982093803,-0.7939293501156832,-1.2987279697173422,-2.199388964623129,-2.057009655154806,-0.4966602910963925,-0.8134538954280631
0.2235301161313939,1998-12-16,250/500,1.4188258923848136,-0.612913404455343,0.8264723550725834,1.4456723845019643,0.9538505081700629,2015-01-23,Other,-0.8238649762007128,0.009759465477002306,1.3621065745757797,0.6161367242382577,0.6308280446418766,0.20295010262318286,0.6481117282754599,0,0.298041334358157,1.0769527444706675,-1.3385668981870218,0.7578206403856677,1.0750375053644652,0.6116045429450133,3.3337478190965757,0.36704713820288415,0.5885544318738691,0.08671477239350854,-0.4966602910963925,1.6152057698578444
-0.3246065099877668,2015-01-03,100/300,-1.038724729528836,0.06340409939003931,-0.48054771093571935,-0.9019267788874382,0.9538505081700629,2015-02-19,Ambulance,1.1400563019893057,1.2296926501022896,-0.4384308670313317,1.0712117407265191,-0.2214685423227431,0.673368633128883,-1.1813029525123715,0,0.9971218684273209,1.0769527444706675,0.2918125783627955,0.5457165052879057,0.8595723265323993,-0.6148153417848631,-0.3109737959160864,0.7570369184318504,0.3406724586011453,0.3743247189079271,-0.4966602910963925,-0.6299623058706817
-0.6534884856592632,1994-04-01,250/500,-0.2195411888909527,0.3414461956515785,-0.48054771093571935,-0.9019267788874382,-1.4954161090608655,2015-02-08,Police,1.1400563019893057,0.009759465477002306,-1.3386995878348875,1.308998686278944,-0.1011931115588795,0.9191729103300597,-1.680234229090871,1,0.9971218684273209,1.0769527444706675,0.2918125783627955,0.7578206403856677,-1.23638377514092,-0.4323437137277715,3.3337478190965757,-1.0702878146273995,0.3406724586011453,0.846356037103883,-0.4966602910963925,-0.6299623058706817
0.11390279090756175,2000-08-15,100/300,-0.2195411888909527,1.6039164751654666,-0.48054771093571935,1.1692730946227838,-0.5947410303407712,2015-02-04,Other,-0.8238649762007128,0.009759465477002306,-1.3386995878348875,0.12416373344013731,-0.7004965510546826,-0.30561047089649296,-0.8486821014600384,0,-1.4147801864822238,1.0769527444706675,-1.3385668981870218,0.5457165052879057,0.6889613292451924,0.779381941338854,0.10538658331550528,0.36704713820288415,0.5885544318738691,0.846356037103883,-1.2086686625349987,-0.5342117343357785
-0.10535185954010252,2014-11-13,250/500,-1.038724729528836,0.509223146626748,-0.48054771093571935,-0.9019267788874382,0.9538505081700629,2015-02-22,Other,1.1400563019893057,-1.2101737191482849,1.3621065745757797,-0.4580043056709719,0.622533187347817,0.1944740930645216,0.9807325793277929,0,0.298041334358157,-0.9285458485845719,-1.3385668981870218,0.7578206403856677,0.8595723265323993,-1.360764497328115,-0.8986003257406907,0.7570369184318504,0.3406724586011453,0.846356037103883,-0.4966602910963925,-0.6299623058706817
-0.434233835211599,2011-02-04,500/1000,-1.038724729528836,-0.24023526274155016,3.004839131753088,-0.9019267788874382,0.9538505081700629,2015-01-14,Police,-0.8238649762007128,-1.2101737191482849,1.3621065745757797,-1.4091520878806714,-1.4180017069908344,-1.9054572750938066,-1.1813029525123715,0,0.298041334358157,1.0769527444706675,-1.3385668981870218,-1.5215003504028333,0.9491431001081818,-1.360764497328115,0.17037985085513224,0.7570369184318504,-2.199388964623129,-2.057009655154806,-1.2086686625349987,-0.6299623058706817
-0.8727431361069276,1990-06-24,250/500,1.4188258923848136,-1.254157731507627,-0.48054771093571935,0.6092953125298988,0.9538505081700629,2015-01-06,Other,-0.8238649762007128,0.009759465477002306,-1.3386995878348875,1.3007991364323088,-0.10534054020590927,0.9106969007713984,0.3154908772231269,0,-1.4147801864822238,-0.9285458485845719,0.2918125783627955,0.7578206403856677,1.0750375053644652,-1.360764497328115,-0.09343897477909328,0.36704713820288415,0.5885544318738691,0.846356037103883,0.8830942100667314,-0.5342117343357785
-0.9823704613307597,2009-01-21,500/1000,1.4188258923848136,0.3455483215922917,-0.48054771093571935,0.42981525416679467,-0.7015404467897942,2015-01-19,Ambulance,1.1400563019893057,-1.2101737191482849,-0.4384308670313317,-0.3063126335082181,-0.918236555023746,-0.7506009727262093,-0.349750824881539,0,0.298041334358157,-0.9285458485845719,-1.3385668981870218,-1.5215003504028333,0.9491431001081818,0.9577113773675267,-0.12958907625083857,0.7570369184318504,0.3406724586011453,0.846356037103883,-1.2086686625349987,-0.6299623058706817
0.7716667422505546,1992-11-07,250/500,1.4188258923848136,-0.3258466311242347,-0.48054771093571935,-0.9019267788874382,-1.3779367509669402,2015-01-24,Police,-0.8238649762007128,1.2296926501022896,1.3621065745757797,-1.4358006248822364,-1.3557902772853878,-1.872612738053994,0.8144221538016264,0,0.298041334358157,-0.9285458485845719,1.0119672581156953,0.7578206403856677,-0.703459734131903,-1.3569835982093803,-0.2705744719906447,-1.2987279697173422,-2.199388964623129,-2.057009655154806,-0.3588522192050495,-0.6299623058706817
-0.10535185954010252,1997-05-15,250/500,-0.2195411888909527,-0.828275016342785,-0.48054771093571935,-0.9019267788874382,0.9538505081700629,2015-01-27,Fire,-0.8238649762007128,-1.2101737191482849,1.3621065745757797,0.1815605823665847,1.9165309252211082,1.5167315842156788,-0.017129973829206037,1,-1.4147801864822238,-0.9285458485845719,1.0119672581156953,0.7578206403856677,-1.305159096390018,0.779381941338854,-0.2705744719906447,-1.0702878146273995,0.5885544318738691,0.3743247189079271,-0.4966602910963925,-0.5342117343357785
-0.7631158108830954,1992-03-20,250/500,-1.038724729528836,0.9126262116364816,-0.48054771093571935,-0.9019267788874382,0.9538505081700629,2015-01-13,Other,-0.8238649762007128,0.009759465477002306,1.3621065745757797,-0.13207219926721708,1.2819743422255518,0.868316852978092,0.4818013027492934,1,-1.4147801864822238,1.0769527444706675,0.2918125783627955,0.7578206403856677,-1.305159096390018,-0.6148153417848631,-0.49673854432325054,-0.18525772913946104,0.5885544318738691,0.3743247189079271,-0.4966602910963925,1.6152057698578444
-0.9823704613307597,1995-07-17,500/1000,1.4188258923848136,2.339755826410597,-0.48054771093571935,-0.9019267788874382,0.3878136009902408,2015-01-15,Police,-0.8238649762007128,0.009759465477002306,1.3621065745757797,-1.4378505123438952,-1.3599377059324176,-1.8312921914555205,-1.1813029525123715,0,0.9971218684273209,1.0769527444706675,0.2918125783627955,-1.5215003504028333,-0.703459734131903,-1.360764497328115,0.17037985085513224,1.4777448606394794,-2.199388964623129,-2.057009655154806,-0.3588522192050495,-0.8134538954280631
-0.7631158108830954,2000-12-27,100/300,-1.038724729528836,-0.35845853235290465,-0.48054771093571935,-0.9019267788874382,0.9538505081700629,2015-02-04,Police,-0.8238649762007128,-1.2101737191482849,-1.3386995878348875,0.525941675925269,0.5395846144072214,-0.1551613012302555,0.4818013027492934,1,0.298041334358157,-0.9285458485845719,0.2918125783627955,0.5457165052879057,0.6889613292451924,0.5115267965346528,0.31597797632307734,0.36704713820288415,0.5885544318738691,0.08671477239350854,0.8830942100667314,1.6152057698578444
0.9909213926982189,1999-08-06,100/300,-1.038724729528836,1.063830573811169,-0.48054771093571935,-0.5070706504886091,0.9538505081700629,2015-01-04,Police,2.1220169410843153,-1.2101737191482849,0.461837853772224,1.1819056636560963,-0.16547825558784107,0.08852397358125581,-1.5139238035647045,1,0.298041334358157,-0.9285458485845719,0.2918125783627955,0.5457165052879057,0.6889613292451924,-1.3569835982093803,-0.2986569288656468,-0.18525772913946104,0.3406724586011453,0.846356037103883,0.8830942100667314,1.6152057698578444
-0.5438611604354311,2007-03-03,500/1000,1.4188258923848136,0.05417431602343466,-0.48054771093571935,-0.32400099095824286,-1.2248575873900072,2015-01-14,Fire,1.1400563019893057,0.009759465477002306,-0.4384308670313317,-0.26531488427504135,-1.5341297091076682,0.592846542321601,-0.8486821014600384,0,0.9971218684273209,-0.9285458485845719,-1.3385668981870218,-1.5215003504028333,0.8595723265323993,0.5115267965346528,-0.2986569288656468,-1.2987279697173422,0.3406724586011453,0.08671477239350854,0.3577497546299348,-0.5342117343357785
0.5524120918028903,1997-12-25,250/500,-1.038724729528836,-1.8373159552394125,-0.48054771093571935,0.2898208086435734,0.9538505081700629,2015-01-27,Other,1.1400563019893057,1.2296926501022896,-0.4384308670313317,-0.4703036304409249,0.5976486154656383,-0.10324574268345528,-1.5139238035647045,0,-1.4147801864822238,1.0769527444706675,1.0119672581156953,0.7578206403856677,0.6889613292451924,0.877629967425337,0.17037985085513224,1.4777448606394794,0.3406724586011453,0.08671477239350854,1.1294749572214562,-0.6299623058706817
-0.21497918476393468,2013-11-06,500/1000,-0.2195411888909527,-0.5791939292226806,-0.48054771093571935,-0.9019267788874382,-1.1750178597137966,2015-02-12,Ambulance,1.1400563019893057,0.009759465477002306,1.3621065745757797,-0.4129067815144775,0.7137766175824721,-0.2865394493895051,0.4818013027492934,0,0.9971218684273209,-0.9285458485845719,0.2918125783627955,-1.5215003504028333,-1.305159096390018,-0.18218099784304848,0.14810943050938574,-1.2987279697173422,0.3406724586011453,0.08671477239350854,-0.4966602910963925,-0.6299623058706817
-0.8727431361069276,1990-09-21,100/300,-0.2195411888909527,0.8230768023507132,1.6978190657447854,-0.9019267788874382,0.9538505081700629,2015-02-03,Ambulance,1.1400563019893057,0.009759465477002306,1.3621065745757797,-0.3309112830481241,-0.32722797282200244,0.1489155416867173,0.8144221538016264,0,0.9971218684273209,-0.9285458485845719,-1.3385668981870218,0.5457165052879057,0.8595723265323993,-0.010873920661118891,-0.8986003257406907,-1.0702878146273995,0.3406724586011453,0.846356037103883,-0.3588522192050495,1.6152057698578444
-0.5438611604354311,1999-10-05,100/300,-0.2195411888909527,-0.8845972055087771,-0.48054771093571935,1.004151440928728,-0.6089809525339742,2015-01-26,Other,2.1220169410843153,1.2296926501022896,1.3621065745757797,1.247502062429179,1.2695320562844625,0.4974914347866618,-0.017129973829206037,1,-1.4147801864822238,-0.9285458485845719,1.0119672581156953,0.5457165052879057,0.6889613292451924,-1.360764497328115,2.854601800241727,-1.2987279697173422,0.3406724586011453,0.08671477239350854,-1.2086686625349987,-0.5342117343357785
0.11390279090756175,1992-04-07,250/500,-0.2195411888909527,1.7919169070283514,2.569165776416987,0.6774977347078784,0.21337455412350315,2015-01-09,Police,-0.8238649762007128,0.009759465477002306,-1.3386995878348875,-0.4293058812077482,-0.4267662603507172,0.25380615997515044,-0.349750824881539,0,0.9971218684273209,1.0769527444706675,1.0119672581156953,0.7578206403856677,-1.23638377514092,-0.4323437137277715,0.17037985085513224,1.4777448606394794,0.5885544318738691,0.3743247189079271,-0.4966602910963925,-0.6299623058706817
2.1968219701603724,2009-03-05,100/300,-0.2195411888909527,1.7585256018709465,-0.48054771093571935,0.2252079876328559,0.9538505081700629,2015-02-17,Police,-0.8238649762007128,1.2296926501022896,0.461837853772224,1.4196926092085211,1.4437240594597134,0.2728771814821383,-1.680234229090871,0,-1.4147801864822238,-0.9285458485845719,1.0119672581156953,0.5457165052879057,-1.23638377514092,-0.4323437137277715,-0.09343897477909328,0.7570369184318504,0.5885544318738691,0.3743247189079271,-0.3588522192050495,-0.5342117343357785
-0.8727431361069276,1997-02-10,250/500,-1.038724729528836,-0.8289723777527056,2.133492421080886,0.961076226921583,0.9538505081700629,2015-01-16,Other,-0.8238649762007128,-1.2101737191482849,-1.3386995878348875,0.22460821906142026,-1.5341297091076682,1.1538524249854933,1.3133534303801258,1,0.9971218684273209,-0.9285458485845719,1.0119672581156953,0.7578206403856677,1.0750375053644652,-0.6148153417848631,-0.3109737959160864,-1.0702878146273995,0.5885544318738691,0.3743247189079271,-0.4966602910963925,1.6152057698578444
0.6620394170267224,1992-01-28,250/500,1.4188258923848136,0.31572586600330693,2.133492421080886,1.2913195343096946,-0.13906352015827286,2015-01-12,Other,1.1400563019893057,0.009759465477002306,-1.3386995878348875,0.751429296707741,0.7676931899938593,0.048792678775031136,0.9807325793277929,1,0.9971218684273209,-0.9285458485845719,1.0119672581156953,0.7578206403856677,0.9491431001081818,-1.360764497328115,-0.49673854432325054,-0.18525772913946104,0.3406724586011453,0.846356037103883,0.8830942100667314,1.6152057698578444
0.8812940674743868,2013-09-16,100/300,-0.2195411888909527,-0.9984312003635673,2.133492421080886,0.7385209545513338,-0.5199814388264551,2015-01-03,Police,-0.8238649762007128,0.009759465477002306,-0.4384308670313317,-1.3476554640309064,-1.3557902772853878,-1.8042749109872875,-0.5160612504077055,0,-1.4147801864822238,-0.9285458485845719,1.0119672581156953,0.5457165052879057,-0.703459734131903,0.877629967425337,-0.47991642324066014,-1.0702878146273995,-2.061745637196139,-2.057009655154806,-0.4966602910963925,-0.6299623058706817
0.9909213926982189,2008-05-16,500/1000,-1.038724729528836,-1.2253197861444134,-0.48054771093571935,0.8174921802310997,0.9538505081700629,2015-01-22,Fire,1.1400563019893057,-1.2101737191482849,-1.3386995878348875,0.2225583315997614,0.23267489452701773,-0.4295721106919139,-1.1813029525123715,0,0.9971218684273209,-0.9285458485845719,1.0119672581156953,-1.5215003504028333,1.0750375053644652,-0.18218099784304848,-0.3109737959160864,-1.2987279697173422,0.3406724586011453,0.08671477239350854,-0.4966602910963925,1.6152057698578444
-0.8727431361069276,2002-01-04,250/500,1.4188258923848136,-0.5946589440191692,2.133492421080886,0.9933826374269418,-0.9792189295572541,2015-01-13,Police,-0.8238649762007128,0.009759465477002306,1.3621065745757797,-1.364054563724177,-1.372379991873507,-1.8646664790927492,-1.1813029525123715,0,0.298041334358157,-0.9285458485845719,-1.3385668981870218,0.7578206403856677,1.0750375053644652,-1.360764497328115,0.10538658331550528,-1.0702878146273995,-2.061745637196139,-2.057009655154806,0.8830942100667314,-0.6299623058706817
1.9775673197127082,2002-04-02,250/500,1.4188258923848136,-0.20815663788517336,-0.48054771093571935,1.607204437028758,0.9538505081700629,2015-01-31,Police,1.1400563019893057,-1.2101737191482849,-1.3386995878348875,1.694377529070805,0.09373603485152013,0.9016911406153209,1.6459742814324587,0,0.298041334358157,-0.9285458485845719,0.2918125783627955,0.7578206403856677,-0.703459734131903,-0.010873920661118891,-0.49673854432325054,-1.0702878146273995,0.3406724586011453,0.3743247189079271,1.1294749572214562,-0.6299623058706817
0.33315744135522607,1998-07-16,500/1000,-0.2195411888909527,-2.0237165579854195,-0.48054771093571935,-0.4424578294778916,-0.8154598243354187,2015-02-04,Police,-0.8238649762007128,0.009759465477002306,1.3621065745757797,0.08931564659193712,0.09788346349854991,0.9091076489791494,-0.017129973829206037,0,-1.4147801864822238,1.0769527444706675,0.2918125783627955,-1.5215003504028333,-0.703459734131903,-0.6148153417848631,-0.47991642324066014,-1.0702878146273995,0.5885544318738691,0.08671477239350854,0.8830942100667314,-0.5342117343357785
1.867939994488876,2002-08-15,250/500,-1.038724729528836,-0.879674654379921,-0.48054771093571935,-0.9019267788874382,-1.3992966342567448,2015-01-20,Police,1.1400563019893057,-1.2101737191482849,0.461837853772224,1.5754840562945926,0.033598319469588335,0.3936603176930613,-1.347613378038538,0,0.298041334358157,1.0769527444706675,-1.3385668981870218,0.7578206403856677,-1.23638377514092,-0.7554705550788714,0.31597797632307734,-1.0702878146273995,0.3406724586011453,0.3743247189079271,0.8830942100667314,-0.5342117343357785
-0.7631158108830954,1999-09-07,100/300,1.4188258923848136,0.026567008442434887,1.2621457104086844,0.7780065673912168,-2.1540125104965075,2015-02-07,Fire,-0.8238649762007128,1.2296926501022896,-1.3386995878348875,-0.43750543105438355,0.6640074738181148,0.5176219574884823,-1.347613378038538,1,0.9971218684273209,-0.9285458485845719,1.0119672581156953,0.5457165052879057,0.6889613292451924,-1.360764497328115,-0.09343897477909328,0.7570369184318504,0.5885544318738691,0.08671477239350854,-1.2086686625349987,1.6152057698578444
2.635331271055701,2012-01-12,250/500,-1.038724729528836,-1.0255872740910885,2.133492421080886,-0.9019267788874382,0.9538505081700629,2015-02-05,Other,-0.8238649762007128,-1.2101737191482849,1.3621065745757797,-0.53180025429069,-0.5304519765264617,-0.21449336814088438,1.6459742814324587,0,0.9971218684273209,-0.9285458485845719,-1.3385668981870218,0.7578206403856677,-1.305159096390018,0.5115267965346528,0.20499583030558555,-1.0702878146273995,0.5885544318738691,0.08671477239350854,-1.2086686625349987,-0.6299623058706817
-0.8727431361069276,1996-08-18,250/500,-0.2195411888909527,0.29230272688183456,-0.48054771093571935,0.616474514864423,-0.6766205829516888,2015-01-02,Police,-0.8238649762007128,0.009759465477002306,-0.4384308670313317,1.247502062429179,-0.13229882641160284,0.1393800309332234,0.9807325793277929,0,0.298041334358157,1.0769527444706675,-1.3385668981870218,0.7578206403856677,-1.305159096390018,0.5115267965346528,-0.3109737959160864,0.36704713820288415,0.5885544318738691,0.3743247189079271,-1.2086686625349987,-0.5342117343357785
1.758312669265044,1996-03-11,100/300,-0.2195411888909527,-0.028401479163122093,1.6978190657447854,-0.9019267788874382,-1.1002582681994801,2015-02-08,Police,1.1400563019893057,1.2296926501022896,1.3621065745757797,0.8047263707108706,0.8216097624052464,0.39789832247239193,0.8144221538016264,0,-1.4147801864822238,-0.9285458485845719,1.0119672581156953,0.5457165052879057,1.0750375053644652,0.6116045429450133,-0.49673854432325054,0.7570369184318504,0.3406724586011453,0.08671477239350854,-1.2086686625349987,-0.5342117343357785
-1.311252437002256,1997-11-23,500/1000,-1.038724729528836,-1.1252279131910115,2.133492421080886,0.2036703806292834,-0.6018609914373727,2015-01-13,Police,-0.8238649762007128,0.009759465477002306,-1.3386995878348875,-1.3312563643376356,-1.4366651359024685,-1.8101021675588673,-0.6823716759338719,0,0.298041334358157,-0.9285458485845719,-1.3385668981870218,-1.5215003504028333,0.8595723265323993,0.779381941338854,-0.2705744719906447,-0.18525772913946104,-2.061745637196139,-2.057009655154806,0.8830942100667314,-0.6299623058706817
-0.21497918476393468,2013-08-08,500/1000,-0.2195411888909527,0.6360608807135988,1.6978190657447854,1.2554235226370738,0.9538505081700629,2015-01-16,Ambulance,-0.8238649762007128,-1.2101737191482849,1.3621065745757797,-0.34116072035641826,-0.33759654443957693,0.4360403654863676,-0.8486821014600384,0,0.9971218684273209,-0.9285458485845719,1.0119672581156953,-1.5215003504028333,-1.305159096390018,-0.4323437137277715,0.14810943050938574,0.36704713820288415,0.5885544318738691,0.08671477239350854,1.1294749572214562,-0.5342117343357785
0.7716667422505546,1996-11-30,500/1000,1.4188258923848136,0.0033899968774050494,-0.48054771093571935,-0.9019267788874382,0.9538505081700629,2015-01-30,Other,1.1400563019893057,-1.2101737191482849,0.461837853772224,1.5344863070614159,1.5598520615765472,1.1522631731932444,1.4796638559062922,0,0.298041334358157,-0.9285458485845719,-1.3385668981870218,-1.5215003504028333,0.6889613292451924,-0.7554705550788714,-0.2986569288656468,-1.0702878146273995,0.3406724586011453,0.3743247189079271,-0.3588522192050495,-0.5342117343357785
0.4427847665790582,1997-06-18,250/500,1.4188258923848136,1.3476976889085213,-0.48054771093571935,0.6272433183662093,-0.6267808552754781,2015-02-26,Police,-0.8238649762007128,0.009759465477002306,-1.3386995878348875,-1.4378505123438952,-1.3599377059324176,-1.8312921914555205,1.1470430048539593,0,-1.4147801864822238,1.0769527444706675,-1.3385668981870218,0.7578206403856677,-1.23638377514092,-0.4323437137277715,0.14810943050938574,0.36704713820288415,-2.199388964623129,-2.057009655154806,-1.2086686625349987,-0.6299623058706817
0.0042754656837296155,2007-04-19,250/500,-0.2195411888909527,0.6525514269952657,-0.48054771093571935,-0.9019267788874382,-0.3491023725080182,2015-01-27,Ambulance,-0.8238649762007128,-1.2101737191482849,1.3621065745757797,-0.4949022799808309,-0.49312511870319364,-0.14774479286642692,-0.1834403993553725,0,0.9971218684273209,-0.9285458485845719,0.2918125783627955,0.7578206403856677,0.6889613292451924,0.877629967425337,0.31597797632307734,1.4777448606394794,0.5885544318738691,0.846356037103883,-1.2086686625349987,-0.6299623058706817
-0.10535185954010252,2007-09-19,250/500,-1.038724729528836,-0.045015089223010285,-0.48054771093571935,1.3200363436477913,-0.8261397659803211,2015-01-28,Other,-0.8238649762007128,-1.2101737191482849,-1.3386995878348875,0.32505270468270314,-0.598884549202453,-0.33686575614405634,1.3133534303801258,0,0.298041334358157,1.0769527444706675,0.2918125783627955,0.7578206403856677,0.6889613292451924,0.877629967425337,-0.47991642324066014,-0.18525772913946104,0.5885544318738691,0.08671477239350854,-0.4966602910963925,-0.5342117343357785
-0.7631158108830954,1996-12-21,500/1000,1.4188258923848136,0.408721061079275,-0.48054771093571935,1.5318228125162543,-0.7763000383041103,2015-02-23,Police,1.1400563019893057,-1.2101737191482849,1.3621065745757797,1.5754840562945926,1.601326348046845,0.794151769339806,-0.349750824881539,0,-1.4147801864822238,1.0769527444706675,0.2918125783627955,-1.5215003504028333,-1.305159096390018,-0.18218099784304848,-0.7939293501156832,0.36704713820288415,0.3406724586011453,0.08671477239350854,0.8830942100667314,-0.5342117343357785
0.33315744135522607,2008-02-03,100/300,1.4188258923848136,0.5361330927978262,1.2621457104086844,-0.9019267788874382,0.9538505081700629,2015-01-18,Police,-0.8238649762007128,1.2296926501022896,-0.4384308670313317,1.6861779792241696,1.713306921516649,0.8942746322514922,-1.680234229090871,0,0.298041334358157,-0.9285458485845719,-1.3385668981870218,0.5457165052879057,-1.23638377514092,-1.360764497328115,-0.12958907625083857,1.4777448606394794,0.5885544318738691,0.846356037103883,-1.2086686625349987,-0.6299623058706817
-1.5305070874499205,2003-07-16,100/300,-0.2195411888909527,-1.0372783330221211,-0.48054771093571935,0.36879203432333924,0.9538505081700629,2015-02-15,Fire,1.1400563019893057,0.009759465477002306,1.3621065745757797,0.4439461774589156,-0.5387468338205212,-0.2293263848685416,-1.680234229090871,0,0.298041334358157,1.0769527444706675,-1.3385668981870218,0.5457165052879057,-1.305159096390018,-1.360764497328115,-0.2986569288656468,0.7570369184318504,0.3406724586011453,0.3743247189079271,1.1294749572214562,1.6152057698578444
-0.434233835211599,1991-05-05,500/1000,-1.038724729528836,-0.6150465099445138,-0.48054771093571935,-0.9019267788874382,-0.658820680210185,2015-02-04,Police,-0.8238649762007128,-1.2101737191482849,-1.3386995878348875,-1.4009525380340362,-1.4097068496967748,-1.898040766729978,0.4818013027492934,0,-1.4147801864822238,-0.9285458485845719,-1.3385668981870218,-1.5215003504028333,-1.23638377514092,-0.4323437137277715,-0.47991642324066014,-1.2987279697173422,-2.199388964623129,-2.057009655154806,-0.3588522192050495,-0.6299623058706817
-0.5438611604354311,1991-06-16,100/300,-1.038724729528836,0.7094889350523651,-0.48054771093571935,1.5318228125162543,0.9538505081700629,2015-01-12,Ambulance,1.1400563019893057,0.009759465477002306,0.461837853772224,0.8211254704041413,-0.34796511605715136,0.11183299986757428,-0.017129973829206037,0,-1.4147801864822238,-0.9285458485845719,-1.3385668981870218,0.5457165052879057,0.6889613292451924,-0.4323437137277715,0.20499583030558555,-1.2987279697173422,0.3406724586011453,0.846356037103883,-0.4966602910963925,-0.6299623058706817
-0.434233835211599,2001-04-03,250/500,-0.2195411888909527,-0.7466427101225923,-0.48054771093571935,-0.9019267788874382,-0.7834199994007118,2015-01-02,Police,-0.8238649762007128,1.2296926501022896,-1.3386995878348875,-1.2410613160246469,-1.3910434207851408,-1.7168660624135934,1.1470430048539593,0,0.9971218684273209,-0.9285458485845719,1.0119672581156953,0.7578206403856677,-0.703459734131903,-1.3569835982093803,-0.49673854432325054,-1.2987279697173422,-2.199388964623129,-2.057009655154806,-0.3588522192050495,-0.8134538954280631
-0.21497918476393468,2014-03-16,500/1000,-0.2195411888909527,-1.0255462528316814,-0.48054771093571935,0.18931197596023508,-2.228772102010824,2015-01-27,Police,-0.8238649762007128,-1.2101737191482849,0.461837853772224,1.0015155670301188,1.0206863374626758,0.9276489198887209,1.3133534303801258,0,0.9971218684273209,-0.9285458485845719,-1.3385668981870218,-1.5215003504028333,1.0750375053644652,0.779381941338854,0.20499583030558555,-0.18525772913946104,0.5885544318738691,0.846356037103883,-0.3588522192050495,-0.5342117343357785
-0.9823704613307597,2010-08-03,100/300,-1.038724729528836,-0.8374637784499825,-0.48054771093571935,-0.9019267788874382,-1.5416958561887757,2015-02-09,Police,-0.8238649762007128,-1.2101737191482849,-1.3386995878348875,-1.327156589414318,-1.4345914215789535,-1.8312921914555205,0.14918045169696045,0,-1.4147801864822238,-0.9285458485845719,-1.3385668981870218,0.5457165052879057,0.9491431001081818,-0.4323437137277715,-0.12958907625083857,1.4777448606394794,-2.199388964623129,-2.057009655154806,-1.2086686625349987,-0.6299623058706817
-0.21497918476393468,2009-11-25,500/1000,-0.2195411888909527,-0.23248224471360276,1.2621457104086844,-0.9019267788874382,-0.34198241141141666,2015-02-06,Police,-0.8238649762007128,1.2296926501022896,-0.4384308670313317,-1.4440001747288715,-1.372379991873507,-1.8646664790927492,0.4818013027492934,1,-1.4147801864822238,-0.9285458485845719,1.0119672581156953,-1.5215003504028333,-1.23638377514092,0.877629967425337,2.854601800241727,-1.0702878146273995,-2.199388964623129,-2.057009655154806,-1.2086686625349987,-0.6299623058706817
-1.4208797622260882,2001-05-08,100/300,-0.2195411888909527,0.35276806324794685,-0.48054771093571935,1.4169555751638676,0.9538505081700629,2015-01-03,Other,-0.8238649762007128,-1.2101737191482849,-1.3386995878348875,0.32915247960602084,0.340508039349792,1.8218679283274843,-1.680234229090871,0,0.298041334358157,1.0769527444706675,1.0119672581156953,0.5457165052879057,-1.305159096390018,-0.7554705550788714,-0.8986003257406907,1.4777448606394794,0.5885544318738691,0.3743247189079271,0.8830942100667314,-0.6299623058706817
-1.0919977865545918,2004-06-14,250/500,-0.2195411888909527,0.757237681002266,1.6978190657447854,-0.9019267788874382,0.9538505081700629,2015-01-12,Other,1.1400563019893057,-1.2101737191482849,-1.3386995878348875,-0.23456657235015885,1.074602909874063,0.32320348823668954,-1.1813029525123715,0,0.9971218684273209,-0.9285458485845719,0.2918125783627955,0.7578206403856677,0.9491431001081818,0.5115267965346528,-0.8889085687383753,-1.0702878146273995,0.3406724586011453,0.846356037103883,1.1294749572214562,-0.6299623058706817
-0.7631158108830954,1994-08-07,100/300,-0.2195411888909527,0.7236822908072328,2.133492421080886,1.0292786490995625,0.9538505081700629,2015-01-22,Police,-0.8238649762007128,0.009759465477002306,0.461837853772224,-0.4129067815144775,0.7137766175824721,0.0005853744101451977,1.4796638559062922,1,0.298041334358157,-0.9285458485845719,0.2918125783627955,0.5457165052879057,-0.703459734131903,-0.4323437137277715,0.10538658331550528,-1.0702878146273995,0.5885544318738691,0.846356037103883,1.1294749572214562,1.6152057698578444
1.2101760431458832,2004-08-26,500/1000,1.4188258923848136,0.4576594235519826,-0.48054771093571935,-0.9019267788874382,0.9538505081700629,2015-01-03,Police,1.1400563019893057,1.2296926501022896,0.461837853772224,-0.46210408059428953,0.6142383300537574,-0.08841272595579808,-0.349750824881539,0,-1.4147801864822238,-0.9285458485845719,-1.3385668981870218,-1.5215003504028333,0.9491431001081818,0.6116045429450133,-0.10897717628887865,1.4777448606394794,0.3406724586011453,0.08671477239350854,-0.4966602910963925,1.6152057698578444
1.758312669265044,1990-05-25,250/500,-1.038724729528836,-1.6195751103063567,-0.48054771093571935,1.5892564311924475,0.9538505081700629,2015-02-23,Police,-0.8238649762007128,1.2296926501022896,1.3621065745757797,-1.4009525380340362,-1.2852839902858815,-1.755008105427569,1.1470430048539593,0,0.9971218684273209,1.0769527444706675,1.0119672581156953,0.7578206403856677,-1.23638377514092,-1.3569835982093803,-0.47991642324066014,-0.18525772913946104,-2.199388964623129,-2.057009655154806,0.8830942100667314,-0.8134538954280631
-0.434233835211599,1990-09-20,250/500,-1.038724729528836,-1.5815484028359457,-0.48054771093571935,1.1979899039608806,-1.812254377859634,2015-01-22,Fire,-0.8238649762007128,1.2296926501022896,-1.3386995878348875,1.2393025125825436,-0.13644625505863262,0.8471268290814389,0.3154908772231269,0,-1.4147801864822238,1.0769527444706675,0.2918125783627955,0.7578206403856677,0.9491431001081818,0.6116045429450133,-0.47991642324066014,-1.2987279697173422,0.5885544318738691,0.08671477239350854,0.8830942100667314,-0.5342117343357785
-1.5305070874499205,2000-11-05,500/1000,-1.038724729528836,2.4860376374564286,-0.48054771093571935,1.0149202444305143,-0.2992626448318074,2015-02-13,Fire,-0.8238649762007128,1.2296926501022896,-0.4384308670313317,1.2557016122758144,-0.12815139776457307,0.5049079431504904,-1.680234229090871,0,0.9971218684273209,-0.9285458485845719,-1.3385668981870218,-1.5215003504028333,-0.703459734131903,-1.360764497328115,-0.10897717628887865,0.36704713820288415,0.5885544318738691,0.3743247189079271,-0.3588522192050495,-0.5342117343357785
0.5524120918028903,1994-10-03,250/500,1.4188258923848136,-0.30915097854553136,-0.48054771093571935,0.02419032226617923,0.9538505081700629,2015-02-08,Fire,-0.8238649762007128,0.009759465477002306,-0.4384308670313317,-0.3883081319745715,0.7635457613468295,0.04508442459311683,-0.5160612504077055,1,-1.4147801864822238,1.0769527444706675,1.0119672581156953,0.7578206403856677,0.8595723265323993,-1.360764497328115,-0.3109737959160864,0.7570369184318504,0.5885544318738691,0.846356037103883,-0.4966602910963925,1.6152057698578444
-0.21497918476393468,2005-04-11,500/1000,-0.2195411888909527,-0.8050980047777552,-0.48054771093571935,-0.9019267788874382,-0.8795394742048326,2015-01-09,Ambulance,-0.8238649762007128,1.2296926501022896,1.3621065745757797,0.48904370161541,-0.5159359762618574,-0.18853558886748426,-1.5139238035647045,1,0.9971218684273209,1.0769527444706675,0.2918125783627955,-1.5215003504028333,1.0750375053644652,0.6116045429450133,0.14810943050938574,-1.0702878146273995,0.5885544318738691,0.846356037103883,0.8830942100667314,1.6152057698578444
0.2235301161313939,1990-05-16,100/300,-1.038724729528836,-1.2529681149848204,-0.48054771093571935,1.2302963144662393,-1.844294202794341,2015-02-08,Police,1.1400563019893057,1.2296926501022896,-0.4384308670313317,1.5754840562945926,0.033598319469588335,1.9956261242800402,0.3154908772231269,1,0.9971218684273209,-0.9285458485845719,-1.3385668981870218,0.5457165052879057,0.6889613292451924,0.779381941338854,-0.2705744719906447,0.7570369184318504,0.3406724586011453,0.08671477239350854,0.8830942100667314,1.6152057698578444
0.11390279090756175,2004-09-11,100/300,-1.038724729528836,1.1350845014013575,3.440512487089189,-0.9019267788874382,-1.5701757005751817,2015-01-10,Fire,0.15809566289429652,-1.2101737191482849,0.461837853772224,-0.2837638714299709,0.9750646223453482,0.5547044993076253,0.4818013027492934,0,0.9971218684273209,-0.9285458485845719,0.2918125783627955,0.5457165052879057,0.6889613292451924,-0.4323437137277715,0.17037985085513224,-1.0702878146273995,0.3406724586011453,0.846356037103883,-0.3588522192050495,-0.5342117343357785
-0.6534884856592632,1993-11-30,500/1000,-0.2195411888909527,-0.23346675493937397,-0.48054771093571935,0.47648006934120174,0.7509316169169191,2015-01-26,Fire,1.1400563019893057,1.2296926501022896,0.461837853772224,1.3622957602820738,-0.07423482535318593,0.6013225518802623,-0.5160612504077055,0,0.9971218684273209,-0.9285458485845719,1.0119672581156953,-1.5215003504028333,-0.703459734131903,0.877629967425337,0.20499583030558555,-0.18525772913946104,0.3406724586011453,0.08671477239350854,-1.2086686625349987,1.6152057698578444
0.33315744135522607,2003-03-06,100/300,-1.038724729528836,-0.6693586573995564,1.2621457104086844,-0.9019267788874382,-0.811899843787118,2015-02-21,Ambulance,1.1400563019893057,0.009759465477002306,-0.4384308670313317,-0.6137957527570433,0.3073286101735538,0.10759499508824365,1.6459742814324587,1,0.298041334358157,1.0769527444706675,1.0119672581156953,0.5457165052879057,-0.703459734131903,-1.3569835982093803,0.20499583030558555,1.4777448606394794,0.3406724586011453,0.08671477239350854,-1.2086686625349987,1.6152057698578444
-0.7631158108830954,1996-12-18,250/500,-0.2195411888909527,-1.099671668580369,-0.48054771093571935,0.08880314327689673,0.9538505081700629,2015-01-23,Other,-0.8238649762007128,1.2296926501022896,1.3621065745757797,1.6287811302977224,1.655242920458232,0.842359073704692,-1.014992526986205,0,-1.4147801864822238,-0.9285458485845719,1.0119672581156953,0.7578206403856677,-1.23638377514092,0.877629967425337,-0.7939293501156832,-0.18525772913946104,0.5885544318738691,0.3743247189079271,-0.4966602910963925,-0.5342117343357785
-0.21497918476393468,1995-02-21,500/1000,-0.2195411888909527,0.3073985503436593,-0.48054771093571935,-0.9019267788874382,-1.0183787155885626,2015-02-05,Other,-0.8238649762007128,-1.2101737191482849,0.461837853772224,0.5095425762319984,0.5229948998191023,-0.16999431795791273,-0.1834403993553725,0,-1.4147801864822238,-0.9285458485845719,-1.3385668981870218,-1.5215003504028333,-1.305159096390018,0.9577113773675267,0.10538658331550528,0.36704713820288415,0.5885544318738691,0.846356037103883,-0.4966602910963925,-0.5342117343357785
0.11390279090756175,2009-12-11,500/1000,-0.2195411888909527,0.4284522868541052,-0.48054771093571935,0.5087864798465604,0.9538505081700629,2015-02-15,Ambulance,-0.8238649762007128,-1.2101737191482849,0.461837853772224,0.007320148125583708,0.014934890557954326,1.5522248742425728,-1.014992526986205,0,-1.4147801864822238,1.0769527444706675,0.2918125783627955,-1.5215003504028333,1.0750375053644652,-0.7554705550788714,-0.8986003257406907,-0.18525772913946104,0.5885544318738691,0.846356037103883,3.415890619557508,-0.6299623058706817
0.5524120918028903,2000-10-18,250/500,1.4188258923848136,-0.2809693733328323,-0.48054771093571935,-0.9019267788874382,-1.3886166926118426,2015-01-08,Police,1.1400563019893057,0.009759465477002306,0.461837853772224,-0.2714645466600179,0.9999491942275269,0.2564549129622321,0.4818013027492934,0,0.298041334358157,1.0769527444706675,1.0119672581156953,0.7578206403856677,0.8595723265323993,-0.7554705550788714,-0.49673854432325054,-0.18525772913946104,0.3406724586011453,0.3743247189079271,-0.4966602910963925,-0.5342117343357785
0.4427847665790582,2007-02-09,500/1000,1.4188258923848136,-0.636541649873851,-0.48054771093571935,0.13546795845130383,0.9538505081700629,2015-01-01,Police,1.1400563019893057,-1.2101737191482849,1.3621065745757797,-0.46005419313263074,0.6183857587007873,-0.08470447177388377,0.9807325793277929,1,-1.4147801864822238,1.0769527444706675,1.0119672581156953,-1.5215003504028333,-1.23638377514092,2.11865766535986,2.854601800241727,1.4777448606394794,0.3406724586011453,0.3743247189079271,-0.4966602910963925,-0.6299623058706817
0.0042754656837296155,2006-10-28,250/500,-0.2195411888909527,-1.7067042652871047,-0.48054771093571935,0.2646936004727388,-1.9226137748569578,2015-02-26,Police,-0.8238649762007128,1.2296926501022896,-0.4384308670313317,-1.4358006248822364,-1.444959993196528,-1.872612738053994,-0.5160612504077055,0,0.9971218684273209,-0.9285458485845719,1.0119672581156953,0.7578206403856677,0.6889613292451924,-1.3569835982093803,-0.09343897477909328,-0.18525772913946104,-2.061745637196139,-2.057009655154806,0.8830942100667314,-0.8134538954280631
-0.3246065099877668,2000-01-27,250/500,-0.2195411888909527,1.0099696602096055,-0.48054771093571935,1.0974810712775422,-0.8225797854320204,2015-02-28,Ambulance,-0.8238649762007128,1.2296926501022896,-0.4384308670313317,-0.3534600451263713,0.8340520483463357,-0.19436284543906387,1.3133534303801258,0,0.298041334358157,1.0769527444706675,0.2918125783627955,0.7578206403856677,0.9491431001081818,-1.360764497328115,2.854601800241727,-1.2987279697173422,0.5885544318738691,0.08671477239350854,-1.2086686625349987,-0.5342117343357785
-0.7631158108830954,2002-04-05,100/300,-0.2195411888909527,1.9095248577485984,-0.48054771093571935,-0.9019267788874382,0.18845469028539777,2015-01-13,Other,-0.8238649762007128,-1.2101737191482849,0.461837853772224,0.05241767228207808,0.0605566056752819,1.249737283117849,-1.680234229090871,0,0.9971218684273209,1.0769527444706675,1.0119672581156953,0.5457165052879057,-1.23638377514092,-1.360764497328115,0.10538658331550528,0.7570369184318504,0.5885544318738691,0.08671477239350854,-1.2086686625349987,1.6152057698578444
0.33315744135522607,2013-04-30,100/300,-1.038724729528836,-1.2838571233183904,-0.48054771093571935,-0.9019267788874382,-1.1251781320375855,2015-02-19,Other,-0.8238649762007128,1.2296926501022896,1.3621065745757797,1.63288090522104,0.06263031999879679,0.8460673278866062,1.6459742814324587,1,0.9971218684273209,1.0769527444706675,0.2918125783627955,0.5457165052879057,0.8595723265323993,-0.7554705550788714,-0.8889085687383753,0.36704713820288415,0.5885544318738691,0.846356037103883,-1.2086686625349987,-0.6299623058706817
0.0042754656837296155,2013-05-01,500/1000,1.4188258923848136,0.8065042135502312,1.2621457104086844,-0.9019267788874382,0.9538505081700629,2015-01-13,Other,-0.8238649762007128,-1.2101737191482849,1.3621065745757797,0.37834977868583286,0.39027718311414933,0.20295010262318286,1.1470430048539593,1,0.9971218684273209,1.0769527444706675,1.0119672581156953,-1.5215003504028333,0.6889613292451924,0.877629967425337,0.31597797632307734,1.4777448606394794,0.5885544318738691,0.08671477239350854,1.1294749572214562,1.6152057698578444
0.7716667422505546,1999-01-09,100/300,-1.038724729528836,1.705977368570411,-0.48054771093571935,-0.9019267788874382,0.9538505081700629,2015-02-17,Fire,-0.8238649762007128,0.009759465477002306,-0.4384308670313317,0.9646175927202597,-0.27538511473413024,0.2416218962345749,-1.347613378038538,0,0.298041334358157,-0.9285458485845719,0.2918125783627955,0.5457165052879057,-1.23638377514092,-0.010873920661118891,-0.7525478016127732,0.7570369184318504,0.5885544318738691,0.846356037103883,-0.4966602910963925,-0.6299623058706817
-1.969016388345249,2007-07-04,250/500,-0.2195411888909527,-0.036728794822769736,-0.48054771093571935,0.444173658835843,-0.9685389879123518,2015-02-15,Police,1.1400563019893057,0.009759465477002306,0.461837853772224,-0.3104124084315357,-1.5341297091076682,0.4996104371763271,1.6459742814324587,0,0.9971218684273209,-0.9285458485845719,0.2918125783627955,0.7578206403856677,-1.23638377514092,2.11865766535986,-0.47991642324066014,-1.2987279697173422,0.3406724586011453,0.846356037103883,0.8830942100667314,-0.5342117343357785
0.4427847665790582,1994-02-05,100/300,-1.038724729528836,1.2611018103000664,0.8264723550725834,1.8800141257406764,-0.213823111672589,2015-01-31,Fire,-0.8238649762007128,1.2296926501022896,0.461837853772224,-0.74293866284155,-0.7440445518484953,-0.5964435488780576,1.3133534303801258,0,-1.4147801864822238,-0.9285458485845719,1.0119672581156953,0.5457165052879057,0.9491431001081818,-0.6148153417848631,-0.47991642324066014,-0.18525772913946104,0.5885544318738691,0.846356037103883,-0.4966602910963925,-0.6299623058706817
0.5524120918028903,2006-07-12,100/300,-0.2195411888909527,0.09794399981084458,-0.48054771093571935,1.2302963144662393,-0.1924632283827844,2015-02-06,Other,-0.8238649762007128,-1.2101737191482849,-0.4384308670313317,-1.523945785733566,-0.45165083223289587,0.20295010262318286,-0.5160612504077055,0,0.298041334358157,1.0769527444706675,-1.3385668981870218,0.5457165052879057,0.9491431001081818,-1.360764497328115,-0.4060310286818311,1.4777448606394794,0.5885544318738691,0.846356037103883,-1.2086686625349987,-0.5342117343357785
-1.4208797622260882,2007-10-24,100/300,-1.038724729528836,-2.191944742814067,-0.48054771093571935,0.9036426082453897,0.9538505081700629,2015-01-23,Fire,1.1400563019893057,0.009759465477002306,0.461837853772224,-0.7716370873047737,-0.01202339564773924,-0.6483591074248578,0.8144221538016264,0,-1.4147801864822238,1.0769527444706675,0.2918125783627955,0.5457165052879057,0.9491431001081818,2.11865766535986,-0.8986003257406907,-1.2987279697173422,0.3406724586011453,0.3743247189079271,3.415890619557508,1.6152057698578444
-1.201625111778424,2001-12-08,250/500,-0.2195411888909527,-0.08968724071737628,-0.48054771093571935,-0.9019267788874382,-0.18890324783448362,2015-02-17,Other,1.1400563019893057,-1.2101737191482849,-0.4384308670313317,-0.2899135338149474,-0.28575368635170467,0.5419904849696334,1.1470430048539593,0,0.9971218684273209,1.0769527444706675,1.0119672581156953,0.7578206403856677,0.9491431001081818,2.11865766535986,-0.8986003257406907,-1.2987279697173422,0.3406724586011453,0.08671477239350854,3.415890619557508,-0.5342117343357785
-0.9823704613307597,2007-03-24,500/1000,-0.2195411888909527,0.3693406520484279,-0.48054771093571935,-0.9019267788874382,-1.9688935219848678,2015-01-22,Police,-0.8238649762007128,0.009759465477002306,0.461837853772224,-1.4132518628039892,-1.31016856216806,-1.751829601843071,-1.5139238035647045,0,-1.4147801864822238,1.0769527444706675,1.0119672581156953,-1.5215003504028333,-1.23638377514092,0.5115267965346528,-0.49673854432325054,-1.0702878146273995,-2.061745637196139,-2.057009655154806,0.8830942100667314,-0.6299623058706817
-0.10535185954010252,1991-07-16,500/1000,-0.2195411888909527,0.22067960795698227,-0.48054771093571935,-0.9019267788874382,0.9538505081700629,2015-02-22,Fire,-0.8238649762007128,-1.2101737191482849,-0.4384308670313317,2.051057947399442,0.27414918099731556,1.2243092544418652,0.14918045169696045,0,0.9971218684273209,-0.9285458485845719,0.2918125783627955,-1.5215003504028333,-1.305159096390018,0.877629967425337,-0.10897717628887865,-0.18525772913946104,0.5885544318738691,0.3743247189079271,1.1294749572214562,-0.6299623058706817
0.2235301161313939,2014-01-05,100/300,-0.2195411888909527,0.7375064552274357,-0.48054771093571935,1.6431004487013787,0.9538505081700629,2015-01-24,Fire,-0.8238649762007128,1.2296926501022896,1.3621065745757797,2.1822507449456077,2.2151457878072525,1.8218679283274843,1.6459742814324587,0,0.9971218684273209,-0.9285458485845719,0.2918125783627955,0.5457165052879057,1.0750375053644652,-0.6148153417848631,-0.2986569288656468,0.7570369184318504,0.5885544318738691,0.846356037103883,0.8830942100667314,1.6152057698578444
-0.5438611604354311,2003-02-17,250/500,-1.038724729528836,0.5188631425874235,0.8264723550725834,0.35802323082155296,0.9538505081700629,2015-01-23,Police,1.1400563019893057,1.2296926501022896,1.3621065745757797,0.013469810510560214,0.021156033528498996,0.7719022442483202,-1.5139238035647045,0,-1.4147801864822238,-0.9285458485845719,1.0119672581156953,0.7578206403856677,-1.305159096390018,-0.010873920661118891,-0.49673854432325054,1.4777448606394794,0.3406724586011453,0.08671477239350854,1.1294749572214562,-0.6299623058706817
2.525703945831869,2011-11-18,500/1000,1.4188258923848136,0.4098696563426746,1.6978190657447854,-0.9019267788874382,0.9538505081700629,2015-02-26,Other,-0.8238649762007128,-1.2101737191482849,-0.4384308670313317,-0.45390453074765424,-0.45165083223289587,-0.07357970922814086,-1.1813029525123715,0,-1.4147801864822238,1.0769527444706675,1.0119672581156953,-1.5215003504028333,-0.703459734131903,-0.7554705550788714,0.10538658331550528,0.7570369184318504,0.5885544318738691,0.846356037103883,-0.4966602910963925,1.6152057698578444
2.3064492953842044,1996-11-11,250/500,-0.2195411888909527,-2.013379200614822,-0.48054771093571935,-0.9019267788874382,0.9538505081700629,2015-02-26,Police,-0.8238649762007128,-1.2101737191482849,1.3621065745757797,-1.4296509624972598,-1.3433479913442985,-1.814340172338198,0.3154908772231269,0,0.9971218684273209,-0.9285458485845719,1.0119672581156953,0.7578206403856677,-0.703459734131903,0.5115267965346528,-0.8889085687383753,-1.2987279697173422,-2.061745637196139,-2.057009655154806,-1.2086686625349987,-0.6299623058706817
